post_id,comment_id,user_id,date,text
119439,119440,184829717,1762433424,Объясняю как пройти в библиотеку 😅😂
119439,119441,184829717,1762433493,"Говорю ""привет"" 😄"
119439,119442,299412931,1762433605,Овечкин прекрасный хоккеист
119439,119443,184829717,1762433606,Повторяю: Я тебя люблю ❤❤❤ не надоедает
119439,119444,472596013,1762433706,900 раз повторяю: Уррра! Овечкин наш чемпион!
119439,119445,299412931,1762433777,Утром встаю с левой ноги
119439,119446,472596013,1762433785,Моему попугаю - поопка дурак 😂😂😂
119439,119447,179194385,1762434146,"Объясняю, кто у нас терапевт в поликлинике и когда принимает."
119439,119448,184829717,1762434184,Моё эхо 🤍
119439,119449,4285917,1762434486,
119439,119450,5575500,1762435420,"900 раз не устану повторять: Саня - красава! Вперед, Россия!🇷🇺🇷🇺🇷🇺"
119439,119451,28103240,1762436175,900-й раз смотрю голы Овечкина 👍🔥🔥🔥
119439,119453,30174976,1762436681,Целую любимую жену😁
119439,119454,240667293,1762438565,"900 раз сплю и не надоедает, сон это круто😏😁"
119439,119455,137435849,1762439855,900 раз  наверное пытаюсь выиграть пиццу. И это не надоедает. Потому что  люблю пиццы 🍕
119439,119456,518139550,1762439999,900й раз пью чай и это не надоедает !
119439,119457,518139550,1762440025,900 й раз говорю собаки как я ее люблю 😍
119439,119458,658300859,1762443630,900 раз говорю что жизнь прекрасна 💕
119439,119460,820700701,1762444475,"Ну какой он наш,выкормыш американский -урод одним словом.Был бы он наш за Россию бы играл,а не за деньги американские."
119439,119461,708519242,1762444905,900 раз пытаюсь выиграть не получается 😔 😂🤣
119439,119462,472596013,1762445140,"900 раз повторяю - мне пиццу папа Джон, колу и хоккей по ТВ"
119439,119463,408540422,1762446798,900 раз пишу комментарий.
119415,119416,29620858,1762254263,"Промокод не работает! В чем проблема, подскажите!?"
119415,119418,479788222,1762274861,🙏
119415,119422,210070226,1762287274,ВЕРНИТЕ ДЕНЬГИ ЗА НЕ ДОСТАВЛЕННУЮ ПИЦЦУ!
119375,119409,6498866,1762088879,Какой симпатичный 🩷🩷🩷
119358,119366,31158653,1761685143,
119358,119367,31158653,1761685171,
119343,119344,234701126,1761238141,💩
119343,119346,210805643,1761250269,Не привезли заказ🤡
119336,119435,12866749,1762355547,"Здравствуйте! Делал заказ с этим кодом, но он ""не прогрузился в систему"", как мне сказали в пиццерии. В итоге заказ выдали, но участие не засчитали, заказ до сих пор висит в обработке. Номер заказа от 31.10.2025 moscow-5-N54589830-AP (или 54589830). Уже несколько раз писал в поддержку, но мне перестали отвечать. Поможете?"
119327,119329,5575500,1761054602,признаюсь в личном рекорде!🥇
119327,119350,559419351,1761324228,"Дрогая Маргарита!🍕 Я поняла, что между нами любовь с первого кусочка🫶🏻 В мире, где так много мясных пицц, ты постоянно меня спасаешь. И мы всегда будем вместе!♥"
119327,119354,5575500,1761506914,"Я люблю тебя, Пицца, 
Что ночами мне снится, 
Летом, осенью, в среду 
За тобою приеду. 
 
Разлюбить невозможно, 
Без Бонанзы тревожно. 
Без Альфредо нет силы, 
Привези 9-ть Сыра! 
 
Привези Карбонару, 
Папа Микс и плюс бортик, 
Пепперони, Мясную...
Привези хоть какую?! 
 
Курьер, мчи быстрее,
Шустрым будь и мобильным!
Я люблю Пиццу сильно, 
И, надеюсь, взаимно!🍕"
119327,119360,607224018,1761612687,Пицца Папа Джонс ты наше всё! Без тебя меркнет свет. Тускнеет солнце. Ты как лето после долгой и холодной зимы. Ты как чистая дорога после пробки.
119327,119361,504447120,1761646349,"Я люблю пиццу,
Манит сладкий вкус.
Словно в омут попадаю,
Глядя в коробку Папа Джонс.
Ты любовь моя гигантская,
Смысл жизни, кислород мой.
Восхищаюсь я, родная,
В жизни лишь только пиццой!"
119327,119363,466545036,1761653790,"Пицца, ты мой кумир и гений, 
В тебе нашел я утешение. 
Твой аромат меня манит, 
Желудок сыто говорит.

Тесто хрустящее, нежное, 
С начинкой разной, безбрежной. 
Томаты, сыр и ветчина, 
Вкусов волшебная страна!

Пепперони острая, сочная, 
Съедаю быстро, уж точно! 
Соус песто – просто мечта, 
Пицца с ним – красота!

Грибы, маслины и оливки, 
И зелень всякая для скрепки. 
В пицце есть всё, что люблю, 
За пиццу жизнь отдам свою!

Грибы, маслины и оливки, 
И зелень всякая для скрепки. 
В пицце есть всё, что люблю, 
За пиццу жизнь отдам свою!
Пепперони острая, сочная, 
Съедаю быстро, уж точно! 
Соус песто – просто мечта, 
Пицца с ним – красота!
Тесто хрустящее, нежное, 
С начинкой разной, безбрежной. 
Томаты, сыр и ветчина, 
Вкусов волшебная страна!"
119315,119316,8553007,1760968081,Самый крутой образ
119315,119317,431789,1760968569,
119315,119319,12866749,1760973023,
119315,119321,5132023,1760978481,
119315,119324,31158653,1760985850,первый раз делала образ зомби
119315,119325,31158653,1760986620,ведьма и вампир
119315,119326,7415841,1761020627,
119315,119330,137716195,1761105010,
119315,119331,52449763,1761109666,
119315,119333,17900031,1761118383,
119315,119334,66599543,1761120152,
119315,119335,2653982,1761129696,
119315,119338,189431324,1761212431,
119315,119339,189431324,1761212480,
119315,119340,189431324,1761212585,
119315,119341,189431324,1761212622,
119315,119347,31158653,1761254662,"чёрный кот настоящий! Зовут Мотя. (скращённо от Бегемот) своему гордому имени не соответствует,добрый и глуповатый котик )))"
119315,119351,1073386,1761386450,
119315,119368,35910746,1761722191,Попытка сделать Алису в стране чудес🤪
119315,119371,11645162,1761744441,
119315,119377,11645162,1761920618,
119315,119379,501565957,1761921443,
119315,119380,501565957,1761921451,
119315,119381,355544215,1761921665,
119315,119382,4185855,1761924667,
119315,119384,12866749,1761944969,
119315,119385,5132023,1761956031,
119315,119386,182103666,1761975213,🤡🤡🤡
119315,119388,156296993,1761987244,Сегодня было так 👻
119315,119393,501565957,1761994967,Любимый Гарри
119315,119394,501565957,1761995084,
119315,119399,603862738,1761999752,Злой и голодный/поел
119315,119401,195393271,1762010716,Дита Фон Тис
119315,119408,31158653,1762078777,В этом году было вот так
119315,119414,941970,1762196730,
119315,119417,501565957,1762272818,Подскажите итоги были?
119315,119421,-10095732,1762286249,Дорогие участники! Все итоги будут опубликованы завтра. Даем шанс поучаствовать большему количеству людей :)
119315,119424,799536973,1762322448,
119315,119425,375022327,1762334564,
119315,119426,375022327,1762334651,"Брянская пиццерия просто скопировала пост и не написала, что участие и скидывать нужно под вашим постом 😭"
119299,119311,6829714,1760896196,вы когда уже закроетесь??????? с таким качеством сервиса вам только закрыться
119299,119314,101076194,1760958701,Написала обращение  - реакции ноль.
119293,119304,155833436,1760883442,"Уважаемые не уважаемые  куда вам писать по поводу заказов которые вы не доставляете и не возвращаете деньги ? Хээлоу додики так сказать , как дела у вас там в конторе ? Найс почта работает, найс поддержка отвечает пишу сюда и в телегу копирую вы там проспаться не можете, бухаете?"
119285,119305,155833436,1760883450,"Уважаемые не уважаемые  куда вам писать по поводу заказов которые вы не доставляете и не возвращаете деньги ? Хээлоу додики так сказать , как дела у вас там в конторе ? Найс почта работает, найс поддержка отвечает пишу сюда и в телегу копирую вы там проспаться не можете, бухаете?"
119282,119283,5575500,1760593302,"Почему в Женском Стендапе нет шуток ""за триста""? 
Потому что на Патриках нет трактористов!🚜"
119282,119284,353204810,1760596423,А почему на сайте нет возможности выбрать сырный бортик ?
119282,119306,155833436,1760883459,"Уважаемые не уважаемые  куда вам писать по поводу заказов которые вы не доставляете и не возвращаете деньги ? Хээлоу додики так сказать , как дела у вас там в конторе ? Найс почта работает, найс поддержка отвечает пишу сюда и в телегу копирую вы там проспаться не можете, бухаете?"
119282,119312,5575500,1760900416,"Почему в Женском Стендапе с юмором не перебарщивают? 
Потому что не умеют готовить борщ!🍵

Почему Женский Стендап показывают в полночь? 
Потому что днем подзаряжают ступы!🧹

Почему Женский Стендап смотрят мужчины? 
Приятно видеть, что не только у тебя долбонашка!🐥"
119282,119342,787625091,1761219260,Колобок повесился 😆
119282,119357,1034364052,1761569663,
119273,119307,155833436,1760883466,"Уважаемые не уважаемые  куда вам писать по поводу заказов которые вы не доставляете и не возвращаете деньги ? Хээлоу додики так сказать , как дела у вас там в конторе ? Найс почта работает, найс поддержка отвечает пишу сюда и в телегу копирую вы там проспаться не можете, бухаете?"
119269,119308,155833436,1760883482,"Уважаемые не уважаемые  куда вам писать по поводу заказов которые вы не доставляете и не возвращаете деньги ? Хээлоу додики так сказать , как дела у вас там в конторе ? Найс почта работает, найс поддержка отвечает пишу сюда и в телегу копирую вы там проспаться не можете, бухаете?"
119268,119276,66599543,1760471713,"Больше работы Папа Джонс любил только своих дочерей... Маргариту, Маринару и Карбонару!"
119268,119277,136428679,1760498493,"Единственный папа, который у меня есть"
119268,119278,-142504296,1760516820,хуже стендапа может быть только женский стендап
119268,119279,-208186783,1760516827,хуже стендапа может быть только женский стендап
119268,119286,146790052,1760633136,"Если съешь ты Папу Джонса, то не будет у тебя большого попенса😊"
119268,119287,146790052,1760633781,"Пицца Папа Джонс приезжает быстрее, чем скорая помощь🫡"
119268,119288,146790052,1760634035,"Если бы я была Богом, 3/4 вас были бы женщинами, а все остальные - пиццей Папа Джонс 😘"
119268,119289,146790052,1760634172,"Пицца Папа Джонс - это универсальный ответ на все вопросы: от ""что есть""? до ""как жить""?"
119268,119290,146790052,1760637728,"Тут пришёл к Наташке кот и сказал дай бутерброд, та дала кусочек пиццы и теперь Папа Джонс ему снится😜"
119268,119291,139554139,1760638280,"А смысл у Вас заказывать? Доставка долгая очень, пицца холодная🤷🏻‍♀"
119268,119297,438619,1760782556,
119268,119298,93629598,1760792123,Какие на сегодня есть промокоды ?
119268,119301,338778785,1760878038,"Папа Джонс, это вам не мама, Хуанита, с папой будешь сыт всегда, причём, по самое  горло) даже на курсы, можно не ходить.... По приготовлению пиццы.."
119268,119302,338778785,1760879021,"Папа Джонс может все приготовить и пиццу, и пападиас и кальзоне даже, а мой нихрена, все детство прошло мимо меня, у меня был хлеб с маслом и сахаром, вот это я понимаю  и пицца и пападиас и кальзоне в одном блюде."
119268,119310,22490733,1760888441,"Дети любят Папу Джонса, лучше чем родного, все что хочешь он сготовит из теста дрожжевого 🥰

Косо смотрит папа Витя на детей, и на жену, кто такой ваш Папа Джонс, я не пойду к нему….

Только голод он не тетка, ужинать пора, ну раз кормит Папа Джонс, то идти пора..

Дети сыты, дети 
муж накормлен, понял что к чему,
Он не будет к Папе Джонсу ревновать жену…"
119268,119332,5575500,1761113843,"Почему в Женском Стендапе нет шуток ""за триста""?
Потому что на Патриках нет трактористов!🚜

Почему Женский Стендап показывают в полночь? 
Потому что днем подзаряжают ступы!🧹

Почему Женский Стендап смотрят мужчины? 
Приятно видеть, что не только у тебя долбонашка!🐥

Почему в Женском Стендапе с юмором не перебарщивают? 
Потому что не умеют готовить борщ!🍵

Папа Джонс накормил пиццей Женский Стендап 
и теперь они рофлят перчиком Пепперончини!🌶"
119268,119356,1034364052,1761568526,
119268,119387,145633530,1761979354,Каким образом можно получить промокод ко дню рождения?
119268,119400,20509477,1762006034,
119268,119402,30174976,1762011367,Папа Джонс очень любил маму Маргариту ❤️
119268,119403,574366698,1762018929,"Самые  офигенные шутки не у женского стендапа,а у Папули Джонс.Доедет ли пицца вообще до тебя,доедет ли теплой?доедет ли та пицца что ты заказал или какая-то рандомная?возьмут ли трубку в пиццерии для решения вопроса.ответят ли на вотсап,или в чате во ВК.один ответ и он на поверхности.плавает."
119268,119410,5575500,1762092585,Папа Джонс вступил в коллаборацию с Женский Стендап и на свет появились симпатичные Женский Джонс и Папа Стендап!💃🕺
119268,119427,626305248,1762335035,"А что если бы в ""Женском стендапе"" был выпуск, полностью посвящённый пицце? 🍕 

Я сделала такой ролик и написала шутки про пиццу, которые могли бы рассказать участницы проекта 👇

Приглашаю к просмотру ❤"
119268,119437,375022327,1762413319,"Недавно зашла в Папа Джонс.
Звучит, как будто не пиццерия, а моя бабуля: тёплая, щедрая на соусы, но всё время заставляет переедать.

Там такая атмосфера — будто папа действительно есть, просто ушёл за сыром… и вернулся с четырьмя!

Я заказала «четыре сыра» — потому что один не справится с моими проблемами.
Моцарелла — тянется, как мои дедлайны.
Пармезан — твёрдый, как характер после трёх отношений.
А горгонзола — как бывший: вроде с плесенью, но всё равно вспоминаешь.

И знаете, Папа Джонс — это место, где не важно, с кем ты пришла.
Главное — чтобы корочка была хрустящей, а совесть — нет. 🍕💋"
119239,119309,155833436,1760883488,"Уважаемые не уважаемые  куда вам писать по поводу заказов которые вы не доставляете и не возвращаете деньги ? Хээлоу додики так сказать , как дела у вас там в конторе ? Найс почта работает, найс поддержка отвечает пишу сюда и в телегу копирую вы там проспаться не можете, бухаете?"
119185,119187,6673447,1760101943,Д5
119185,119188,712817,1760101966,Ж9
119185,119190,46944794,1760102010,И9
119185,119192,669427218,1760102419,И8
119185,119193,215833146,1760102509,А5
119185,119194,8308874,1760112187,Ж8
119185,119195,6580146,1760112296,Е3
119185,119196,273752218,1760112405,В9
119185,119197,468638019,1760112437,з6
119185,119198,12151743,1760112479,Б2
119185,119199,192179076,1760112514,В5
119185,119200,107440447,1760112635,Д2
119185,119201,63070971,1760112796,Ж7
119185,119202,2400364,1760112842,Г8
119185,119203,3647190,1760113535,Е7
119185,119204,96220701,1760113597,Д7
119185,119205,30447110,1760113659,9з
119185,119206,427670446,1760113981,Д10
119185,119207,114154577,1760114007,и3
119185,119208,421222955,1760114396,Е8
119185,119209,141443397,1760114635,Ж5
119185,119210,349971448,1760114919,7е
119185,119212,8427399,1760115387,А5
119185,119213,541808405,1760116392,И10
119185,119214,124230425,1760117033,З3
119185,119215,16762317,1760117805,A7
119185,119216,236782370,1760118328,Д3
119185,119218,140786176,1760120292,Е4
119185,119219,461916997,1760120667,И5
119185,119220,397574578,1760122754,И3
119185,119221,343606974,1760122982,А1
119185,119223,19835275,1760126564,Личные сообщения больше не читаете?
119185,119224,288228685,1760128755,B6
119185,119225,853639709,1760128863,А10
119185,119226,36281953,1760133037,Е7
119185,119227,364153596,1760140771,Д8
119185,119228,335032756,1760143277,А2
119185,119229,296926286,1760149745,Ж3
119185,119230,280005674,1760157024,Е10
119185,119231,216810081,1760159448,А8
119185,119232,283767,1760160610,Г9
119185,119233,360042534,1760161095,И10
119185,119234,5932792,1760163030,7з
119185,119236,9619489,1760168310,Д1
119185,119237,4787757,1760169311,А5
119185,119238,265906257,1760170108,А3
119185,119241,163389617,1760173852,з9
119185,119242,15291550,1760175143,В 3
119185,119243,15291550,1760175170,Д 6
119185,119244,22830911,1760177625,Е6
119185,119245,179466597,1760180124,Е5
119185,119246,179466597,1760180324,З2
119185,119247,153170352,1760181166,Г6
119185,119248,1397673,1760183232,Д4
119185,119249,95362500,1760185687,Г2
119185,119250,12960926,1760186157,б4
119185,119251,5285149,1760191370,И8
119185,119252,4450120,1760194450,К1
119185,119253,2190940,1760203580,В8
119185,119254,145059187,1760257426,Д9
119185,119255,632194165,1760257684,Б3
119185,119256,632196394,1760257919,В7
119185,119257,8605206,1760265679,Б6
119185,119259,509067102,1760273229,Б8
119185,119260,32622120,1760279569,Д8
119185,119261,441551946,1760294375,К4
119185,119263,140202342,1760341248,Д1
119185,119264,1106200,1760343138,K10
119185,119267,255641542,1760352992,И7
119185,119292,30123664,1760656815,А3
119183,119184,299412931,1760030156,7
119183,119235,62589612,1760166492,2
119183,119313,490545044,1760924036,3
119171,119173,69288586,1759516473,"Заказала пиццу в 19:50, оплатила картой, должны были доставить через 50 минут. Сейчас 21:35, пиццы до сих пор нет! 
Телефон ресторана недоступен! На сайте не отвечают! Вконтакте не отвечают!"
119160,119163,864255490,1759396402,"Яркую пиццу-
Осенний листок!🍁 😂
Возьми и попробуй!
Мой милый, дружок!
Ведь, Папа старался! 
И Джонс-вместе с ним 😊 

Откусишь кусочек - 
О, чудо - сойдёт!!! 🤣
Окажешься - в Риме! 
На острове - Капри!
В США - попадёшь!

Гавайи - обьедешь,
А может быть -
Съешь!!!!
Вернёшься - обратно,
И снова-обед!!!

И так - бесконечно!
Сплошной - кругоход! 
Ведь с Папой и Джонсом, 
Голодным, 
НИКТО - не уснёт!!! 😊"
119160,119167,38743644,1759406613,Девушки! Ваши улыбки делают окружающих счастливее- улыбайтесь чаще вместе с Папой Джонсом!😉
119160,119174,143933669,1759591370,"Заказали пиццу, должны были привезти в 17.05, на данный момент 18.21, пиццы нет, день рождение испорчен, все остались голодные, ни один телефон не отвечает, в чате с поддержкой игнор! Отвратительное обслуживание!"
119160,119176,76070663,1759679613,"Аналогичная ситуация, деньги списаны, до свидания
Заказали в 16:30, время 18:55, денег нет, пиццы нет
Приложение с багами, поддержке абсолютно все равно, по номеру телефона никто не отвечает
Если у вас выходные, может не стоит заказы принимать тогда? 
Почему вы еще существуете с таким подходом к заказам и покупателям"
119160,119177,515096270,1759688124,"Тоже с этим ужасом столкнулись.
Заказ был оформлен в пол 7 вечера. Время 21:15. Ни пиццы ни денег, телефоны не доступны. Юрловский проезд, д5- закройте пожалуйста эту багадельню."
119160,119217,491129040,1760119518,"Сегодня я мечтал получить вовремя пиццу. Спасибо, вы развеяли эти мечты, словно осенние листья. Продолжайте в таком же духе, пробивайте дно за дном день за днем! 
 
Заказ moscow-49-54329662-P 
оплачено в 19:36 
в 21:03 все еще нет не только пиццы, но и извинений хотя бы или возврата денег.... 
расстояние до ближайшей пиццерии от меня - 7 минут на машине. пешком 23 минуты. а у вас как всегда - на барже плывете, по яузе? где заказ?"
119160,119222,19835275,1760126547,Личные сообщения больше не читаете?
119160,119258,353851361,1760265710,"справа явно щербакова. посередине, скорее всего, мейханаджян. левая ни с кем не ассоциируется :) видимо, это мы, участницы конкурса :D"
119160,119262,2476408,1760337078,"Добрый день! Заказал пиццу ее не привезли. Как вернуть деньги?

moscow-96-54219675-iP"
119160,119265,253768897,1760348321,"moscow-52-54325062-iPD
Заказ не привезли полностью
Мне все еще ждать мой заказ? Уже четвертый день жду! Или может просто деньги вернете?"
119160,119275,66599543,1760470388,"Когда в Ватикане выбрали нового Папу по имени ""Джонс"", из трубы пошел белый дым с ароматом свежеиспеченной пиццы!"
119160,119280,40043743,1760524301,"Один кормит обещаниями, другой — пиццей. 
Вывод очевиден 😜🍕"
119160,119328,142131,1761054426,"Друзья мои, послушайте балладу о Папе Джоне, 
Короле пиццы, что обещает рай на земле! 
""Лучшие ингредиенты!"" – кричит он гордо, 
Но в коробке – сыр, что тверд, как камень в горе. 
 
Заказываешь пиццу с пепперони и сыром, 
А привозят через час – холодную, как лед. 
""Быстрая доставка!"" – лозунг их звучит так сладко, 
Но курьер едет медленно, как черепаха в саду. 
 
Ингредиенты свежие? О да, как бабушкины слёзы! 
Тесто тонкое, соус красный, но вкус – загадка. 
""Лучше, чем у мамы!"" – хвастается Папа Джон, 
А мама твоя смеётся: ""Мой рецепт – чемпион!"" 
 
Цена кусает, как злой пёс, за ""семейный"" рецепт, 
Но мы едим и возвращаемся, как дети на праздник. 
Спасибо, Папа Джон, за уроки терпения, 
Ты делаешь голод вечным, а юмор – вдохновением!"
119160,119353,28616013,1761469400,"Девочки питаются какой-то зеленью, а настоящие женщины - пиццей💯💯💯"
119160,119365,369793911,1761674077,"Папа,а где Джонс?
Пицца готова!!!
И так,варианты,как менялся Папа Джонс(или как его представляли в то или иное время).Наше время.
Молодежный сленг:Джопинс,Па-Ципа готова!
Век Фокс:Представляет-Джонсис Парис и Папунье!!!
Время зарождения творчества:ДЖОН Папье-маше Пицц.
Новая порода:Джони Ш-Пицц(а).
Наше время:Джонс,где последние 2 буквы заменялись бы буквами НЗ.Но оригинал не испортишь.Ешьте пицу,жуйте жвачку.
Ну а вы придумывайте свою версию вкусной пиццы Папа Джонс."
119160,119373,27677939,1761793405,"Вы меня стали стать лучшей версией себя? Моложе, стройнее, красивее? А вот пицца Папа Джонс нет - она идеальна всегда"
119153,119154,689670,1759234147,Отзыв не дают оставить
119149,119150,281662013,1758901565,😼✌
119149,119151,258262207,1758960609,Где мои деньги за отмененный заказ спустя 2 часа? Причём без объяснения причины
119149,119161,2476408,1759329175,"Добрый день! Мне не привезли заказ за 1,5 часа. Как вернуть деньги за заказ? moscow-96-54219675-iP"
119143,119145,174316946,1758633494,"Как воспользоваться акцией https://papajohns.ru/moscow/stock/skazite-gromko-syyyyyyr — пицца стоит 490 рублей, а не 290? Заказываю в пиццерии в Москве на Пресненской набережной"
119143,119164,864255490,1759396541,"Яркую пиццу-
Осенний листок!🍁 😂
Возьми и попробуй!
Мой милый, дружок!
Ведь, Папа старался! 
И Джонс-вместе с ним 😊 

Откусишь кусочек - 
О, чудо - сойдёт!!! 🤣
Окажешься - в Риме! 
На острове - Капри!
В США - попадёшь!

Гавайи - обьедешь,
А может быть -
Съешь!!!!
Вернёшься - обратно,
И снова-обед!!!

И так - бесконечно!
Сплошной - кругоход! 
Ведь с Папой и Джонсом, 
Голодным, 
НИКТО - не уснёт!!! 😊"
119130,119132,18199188,1758600473,Просто конченные дебилы . Просто похерили и не привезли заказ потому что курьеру негде встать . Сервис
119130,119138,234701126,1758601094,Верните деньги за мой заказ! Сколько можно игнорировать?
119126,119127,18199188,1758308485,Просто конченные дебилы . Просто похерили и не привезли заказ потому что курьеру негде встать . Сервис
119126,119139,234701126,1758601129,Верните деньги за мой заказ! Хватит игнорировать проблемы!
119120,119133,18199188,1758600480,Просто конченные дебилы . Просто похерили и не привезли заказ потому что курьеру негде встать . Сервис
119117,119118,9477765,1758204229,"30см за 1130? Вы с ума сошли, ребята..."
119117,119134,18199188,1758600487,Просто конченные дебилы . Просто похерили и не привезли заказ потому что курьеру негде встать . Сервис
119107,119109,102386766,1758111593,"Пожелаю я.Александр, русская легенда хокея- успехов спортивных, забей2 т. шайбу, здоровья крепкого!🥳🥇🏒. Будь номер 1в хокее. 🏒"
119107,119110,484346567,1758114518,С др короче!
119107,119111,140786176,1758122880,"С Днём Рождения,  Александр!!! 🎂 ✨️✨️✨️🎉🎉🎉
Желаю новых побед,  быть всегда первым , успехов и благополучия!!! ✨️✨️✨️🏒🥇🏆🎉🎉🎉"
119107,119112,151152063,1758124107,"Добрый день! А у вас поддержка работает вообще? А то такое ощущение, что нет"
119107,119113,504447120,1758125702,С Днем рождения! Легенда.
119107,119114,30174976,1758126251,"Александр!!! Вы уже стали Легендой 🎖️ при жизни! Поэтому желаю вам оставшуюся часть жизни наслаждаться всем, чем вы занимаетесь и пусть у Вас всё будет хорошо!!! 🎉"
119107,119115,26347709,1758129428,Саня шайбу! Здоровья и всех благ!
119107,119119,529091871,1758212181,"Александр! С Днём рождения 🎉
Новых побед 🏆 и достижений! Хорошего настроения, счастья интересных эмоций!!!
Оле, оле, Оле, Саша, вперёд!!! 🤟"
119107,119121,239324880,1758252616,"Александр!
С Днём рождения тебя поздравляю!
Приглашай на свой праздник родных и друзей 🎂
Вкусной пиццей 🍕 их угощай от души!
Ты и Папа лучше всех!!!❤️"
119107,119122,586064982,1758271397,"Невозможно пройти мимо и не поздравить Александра Овечкина с Днём Рождения.
Желаю простых человеческих радостей. Хорошего настроения по утрам. Чтобы будильник не бесил. Чтобы дети радовали. Чтобы мизинец не задевал тумбочку. И чтобы здоровье всегда оставалось на высоте."
119107,119131,18199188,1758600466,Просто конченные дебилы . Просто похерили и не привезли заказ потому что курьеру негде встать . Сервис
119105,119135,18199188,1758600496,Просто конченные дебилы . Просто похерили и не привезли заказ потому что курьеру негде встать . Сервис
119103,119104,138311218,1757970367,"Перец отпад, а что соус к сожалению ужасный)
Каждый раз когда заказываю просто выкидываю его 😅"
119103,119136,18199188,1758600502,Просто конченные дебилы . Просто похерили и не привезли заказ потому что курьеру негде встать . Сервис
119097,119100,140786176,1757682378,"Супер, супер, супер 👍💯"
119097,119101,556698457,1757684084,"Почему уже неделю из пиццерии на Адмирала Руднева 20 нельзя заказать «женский стендап с манго-чили» из-за отсутствия ингредиентов? Только появилось в меню и уже ингредиентов нет? За всю неделю нельзя было дозаказать необходимое, и не было ни одной поставки?"
119097,119137,18199188,1758600509,Просто конченные дебилы . Просто похерили и не привезли заказ потому что курьеру негде встать . Сервис
119078,119080,563442258,1756900323,
119078,119082,484346567,1756971241,У вас в отделе маркетинга сын учередителя сидит что ли? Снимаете просто какую то шляпу…
119078,119098,1033670671,1757615584,Шафутинистые изменения мозга?
119071,119075,140786176,1756822297,
119071,119086,337419753,1757085654,
119071,119158,447367545,1759300754,"Доброго дня.
Хотелось бы узнать, с кем связаться для получения приза!"
119063,119065,12262938,1756738122,"Ну вот, опять повторение истории. Опять делаю заказ и опять звонок от сотрудника с рассказом о том, что якобы терминалы оплаты не работают, оплатите переводом на карту. Вы вообще понимаете, что это нарушение закона Российской федерации?"
119063,119077,12262938,1756837500,"Ну, и я смотрю компании все ровно. Ну что же, в этот раз буду писать, в Роспотребнадзор, Прокуратуру и ФСБ, поскольку вдруг вы финанчируете ВСУ, по этому и просите переводить деньги на карту, а не оплачивать через терминал."
119063,119081,12262938,1756923012,"А какой смысл писать в лс. Я уже описал ситуацию и уже жаловался по такому же поводу. Хотите что то уточнить, спрашивайте."
119049,119053,484346567,1756487860,Каждый раз какую то х..йню снимаете. Лучше бы так за качеством следили.
119049,119054,104306712,1756490916,"пиццерия не отвечает на звонки, а время доставки уже вышло, как с вами связаться ?"
119049,119055,3998699,1756501509,"Ага, тоже самое. Через Роспотребнадзор, видимо"
119049,119061,104306712,1756723250,ВЕРНИТЕ ДЕНЬГИ ЗА ЗАКАЗ КОТОРЫЙ НЕ ПРИВЕЗЛИ!!
119042,119046,160643731,1756445804,"Добрый день, 
Вчера заказали пиццу, через приложение Папа Джонс 
Номер заказа: moscow-75-53813247-iP
Заказ был оформлен в 20;15 
Доставка должна быть в 20:45. 
В 21:15  ничего нет, и висит статус «готовится»
Папа Джонс ( по адресу Юрловский проезд 5) трубку не снимает (+7 (963) 698-15-21  телефон с приложения Папа Джонс) 
Поддержка не отвечает, ни одно сообщение ни прочитано, кроме робота, который пишет мне «я тоже хочу есть» 
Я подумала и решила, что я закажу 2 пиццу, потому что есть я хочу больше, чем ждать в другом месте. 
В 21:20 статус заказа сменился на «в пути» - до моего дома от пиццерии 15 минут, максимум 20 пешком
Время 21:51, у меня приехал уже из Алло Пицца, а он находится еще дальше. 
Скрины времени прилагаю. 
Папа Джонс приехала через 2 часа  в 22:20, я отказалась, потому что пицца холодная. Хотя Она была оплачена! И курьер сказал, что деньги вернут 
Но вишенкой на торте; стало то, что курьер сказал, понял что отказ,  спустился на первый этаж и начал у подъезда есть пиццу. Просто открыл коробку и начал есть."
119042,119047,160643731,1756445867,"Продолжение

Вы спросите, как я это узнала, хотела сфотографировать, что курьер вышел с моей пиццей из поъезда; так как забыла сделать до. А он все не выходил. 
Спустились с папой вниз, а он сидит и ЕСТ ПИЦЦУ. 
В приложении статут висел до 23:30 «что она в пути»
И получается, что пиццу я не поела, которую хотела изначально, зато курьер был сыт за мой счёт.  А деньги не вернули 

Слава богу, Алло пицца относится лучше клиентам, и доставляет все быстро и очень вкусно, мало того даже вышло дешевле (курьер со скрина из этой компании, в то время как другой курьер все в пути) 

И я такая не одна, просто посмотрите на отзывы 

Papa Dzhons
Yurlovskiy Drive, 5
https://yandex.com/maps/org/papa_dzhons/129524417347?si=b4wr2kqm7nb9j8xtz2mm39n6zw"
119042,119050,212182679,1756472314,"Прикиньте 

Мне уже кучу времени не начисляют баллы))) 
Короче меня скамят на деньги а поддержка молчит)))"
119042,119051,212182679,1756472326,
119042,119052,212182679,1756472343,
119042,119058,563442258,1756677448,смотрю в столице чёт плохо с Папа Джонс конечно🤨
119030,119031,397125,1756122861,Вахххххх! В СПб не действует получается скидка?🤷‍♀️
119029,119059,1986778,1756710093,А во сколько будет розыгрыш?
119029,119067,11984055,1756739054,И где итоги?
119029,119068,238285055,1756739096,Ждём итоги
119024,119026,65349844,1755957935,С плесенью (
119024,119028,12157796,1756067062,
119024,119033,4951249,1756157449,Ей лучше заканчивать с фастфудом…
119010,119016,476553863,1755637222,Почему до сих пор не заказали рекламу у кнутсона?
118991,119003,119447102,1755377753,"Доставляют заказы они кстати тоже в слепую, за 6 часов не управились"
118985,118995,563442258,1755252417,"недавно заказывал пиццу, думал ещё джокер закажу,ни одного не было.... хотя в приложении был, убрали бы позицию раз не возите 🤨🤨"
118977,119000,16771624,1755348317,"Быстро Овечкин к победе идёт, всех обыграет, шайб всем забьёт!"
118977,119001,16771624,1755348737,"Саша Овечкин лучший игрок, а цифра 8- бесконечных шайб бросок."
118977,119002,16771624,1755349267,"Талисман Овечкин
Дай врагу по печени,
Клюшкой шустро ты махай,
И голы всем забивай! 😁"
118977,119004,275500652,1755418963,"Лёд дрожит, трибуна гремит — команда Ови всегда победит!"
118977,119005,24198353,1755447915,"Подскажите пожалуйста, какой точный размер коробки для большой пиццы?"
118977,119006,5575500,1755500025,"Шайбу точно в центр сердечка,
Если с нами есть Овечкин!🏒"
118977,119009,26347709,1755515895,"Овечкин — ледяной лидер, пламенный победитель!"
118977,119013,1289222,1755616284,"Команде Ови принëс успехи, а рекорду Грецки - дал на орехи! 👍"
118977,119022,23886170,1755815366,Ови-Team - всегда непобедим!
118977,119025,126635168,1755887679,"1. ""Вместе к победе - как одна команда!"" 💪
2. ""Лед - наш дом, а шайба - наша мечта!"" 🥅
3. ""Овечкин с нами - победа за нами!"" 🐐
4. ""Мы горим хоккеем, как пицца в духовке!"" 🍕🔥"
118977,119038,11681579,1756239734,Пицца после матча — вкус нашей победы!
118977,119039,50877028,1756239966,Шайбу! Шайбу! А потом пиццу!
118977,119040,751141039,1756240140,"Овечкин ведёт, пицца в раздевалке ждёт!"
118977,119044,-10095732,1756307721,"Поздравляем победителей [id275500652|Тимур Ворона] и [id5575500|Ваня Иванов]. 
 
Ваши девизы 
""Лёд дрожит, трибуна гремит — команда Ови всегда победит!"" 
и 
""Шайбу точно в центр сердечка, 
Если с нами есть Овечкин!"" 
были выбраны в качестве самых креативных. 
 
Чтобы получить приз, напишите, пожалуйста, в личные сообщения сообщества."
118970,118971,127543352,1754914196,Дороговатая пицца
118970,118973,271208747,1754997075,Участвую в конкурсе жёстко!
118970,118974,65349844,1755000356,Учавстую
118970,118976,2825711,1755001494,"Поменяйте уже ссылку на сайте на полные правила конкурса, а то не хочется участвовать в том чего нет 🤣"
118970,118984,127543352,1755037538,Я и говорю - дорого. 2к почти
118970,118990,65349844,1755180782,Заказ сделала на 1900 промокод не входится Hyper pc
118970,119011,235545217,1755535054,И получаешь шанс выиграть или не выиграть. Звучит правдоподобнее.
118970,119015,238285055,1755634208,Ждём ✊️
118970,119272,271208747,1760384861,А чо кто выиграл
118963,118964,11728065,1754577948,Отбросы?
118960,118965,1800927,1754578841,"Евервес ванила с аспартамом?
 Если да, то в мусорку заказ))"
118959,118967,140786176,1754748250,Люблю этот перчик 🫶🫑
118951,118954,17247526,1754225926,moscow-67-53516028-iPD
118951,118955,17247526,1754225934,Очередное дно пробито
118951,118956,17247526,1754226022,"Приехал курьер. без сумки и без терминала. Пицца у него в руках. по русски толком не разговаривает.  сказал что терминала на зарядка и ушел. Пиццу забрал с собой, наверное съест чтобы не пропала. Зачем вообще приходил непонятно, особенно если терминала на зарядка."
118951,118975,65349844,1755000381,Супер
118950,118961,822887315,1754456371,
118949,118957,17247526,1754226781,"Вранье. Приедет пеший курьер без сумки и терминала, не знающий русского языка!!!"
118942,118944,51129713,1753803842,"Заказал две пиццы, как и раньше заказывал. Привезли вовремя. Но рецептура изменилась похоже. Вообще не вкусно. Больше заказывать у Вас не буду и другим не советую."
118941,118943,891071344,1753800650,
118941,118947,11303963,1753965079,Поздравляю
118937,118953,1888864,1754080066,о таком нужно писать анонсы заранее чтобы можно было посетить мероприятие
118932,118934,0,1753379635,
118932,118938,135101522,1753634245,"Здравствуйте, а что за перец с пиццей пришел? Первый раз у вас заказала пиццу, немного боюсь его пробовать, он острый?😄 А то я острое не ем😃"
118924,118928,595180386,1753208479,"Ждал заказ два часа, по итогу просто отменили и деньги не вернули, спасибо за испорченный вечер и испорченное день рождения жены👍🏼
Не пиццерия, а помойка"
118888,118892,90508432,1752864231,Прошу ответить в лс по заказу…
118888,118893,48552269,1752864784,"Здравствуйте
Что с вашим приложением? Мне когда ждать пиццу?"
118888,118897,1126650,1752912200,"Здравствуйте видимо я не одна такая, звонки скидываются, деньги списали, заказа так и не было и это не в первый раз! Тех поддержка на сообщения и жалобы не реагирует!"
118888,118898,364153596,1752940903,Атакуют общепит со всех сторон...увы везде такие проблемы сейчас
118888,118902,489830073,1752992119,Здравствуйте написала в директ
118888,118916,844106900,1753015482,Баллы за заказы тоже не начисляют!
118888,118918,179209866,1753025958,отменили заказ № moscow-43-53363540 В чем причина?
118888,118919,179209866,1753026121,Кто отменил? Почему я узнаю через час что доставки не будет? 🙈
118888,118921,298140541,1753098413,"Добрый день!
Вчера делали заказ через приложение, прождали 1,5 часа, после чего заказ почему-то отменился, позвонили в пиццерию, там сказали ждать ещё минут 40-60, так как произошел какой-то сбой. Мы от заказа отказались, но деньги нам не вернулись. Написали в поддержку, тишина."
118886,118887,1041846457,1752825935,"У вас служба поддержки вообще не работает? Уже сутки на мой вопрос от вас висит единственное сообщение ""Вам ответит первый освободившийся оператор"""
118886,118895,34527672,1752868376,"заказал пиццу груша с голубым сыром. привезли пиццу с грушей и беконом и курицей. Хотя на коробке и в чеке написано обратное. по телефону с менеджером решили вопрос , оформили новый заказ с дополнительными ингредиентами в виде 2х груша и 1 голубой сыр. деньги вернули, новую пиццу привезли. Спасибо что решили вопрос с нужной пиццей , но к сожалению это самое большое разочарование в пицце за всю жизнь. Это самая не вкусная пицца. Дополнительных двух порций груши нет , зато невероятное количество миндаля, который наглухо убил весь вкус ….. очень плохо (.  Я вижу пиццу без доп груши , и понимаю что две доп груши должны сплошным слоем заполнить всю окружность пиццы. Но этого нет. Груши так же мало как в базовой пицце."
118873,118876,476553863,1752405771,А Питер? :/
118873,118878,140786176,1752417698,Было бы хорошо по всей сети было одинаково 👍👍👍
118873,118882,693704624,1752510865,Московия только...
118864,118865,429252835,1751994779,Лучше бы опаздывать перестали
118860,118861,563442258,1751628182,"уж очень много вы конечно этого соуса бахаете в них, но по тесту конечно вопросов нету, жаль конечно когда последний раз заказывал не было джокеров,причём не одного"
118860,118868,244838151,1752134846,Помойму одни из лучших крылошек в фастфуде 👍
118860,118874,161067823,1752249464,Свиньи
118849,118852,2653982,1751140614,А почему в Москву везут из Новосиба?)
118835,118836,17247526,1750954245,moscow-67-53074333-iP опять нет заказа. Опять телефон пиццерии выключен. Опять в чате никто не отвечает. Делайте возврат. Сколько можно????
118835,118840,17247526,1750955449,Мои сообщения в лс даже не прочитаны. Наверное так сильно хотите разобраться что некогда читать? Зато видосики пилите регулярно. Кому они нужны если продукт доставлять не можете???
118832,118850,17448644,1751028532,"Вот это щедрость, прям весомый аргумент для оформления заказа 🤣"
118822,118824,4261959,1750247807,😍😍😍
118822,118825,574766152,1750318180,"Как-то мутно работает бонусная программа. 26.05 сделал заказ на ~12000р, оплачиваю бонусами 1588р начислили 5237 бонусов . 06.06 сделал еще заказ на ~17000р, оплачиваю бонусами 5063р. При этом списание не отражается на балансе бонусов, и новые бонусы за заказ не зачисляются. Соответственно 09.06 бонусы за 26.05 тупо сгорают. Объясните, как работает бонусная программа? Почему при одном заказе бонусы начислены, а при другом нет? Чат с поддержкой не работает-просто никто не отвечает."
118822,119345,893885782,1761246813,"А где коробка папа Диаса? Жаль, конечно, что забыли"
118805,118806,895866691,1750182810,Не принесли целый мой заказ
118805,118810,462856838,1750195546,Поодержка не отвечает…курьер не отвечает !!! Три часа назад заказ сделали…алло
118804,118807,0,1750182836,
118796,118798,6335234,1749828531,И сыр не сыр 🧀
118796,118799,385052044,1749923185,"Произошла ошибка с доставкой нашего заказа, а служба поддержки никак не отреагировала – ни по телефону, ни в чате, ни отмены заказа! А заказ отправили к кому та неизвестно! Это просто возмутительно! Больше не планирую заказывать у вас! 👎👎👎"
118796,118801,16395462,1750041582,"Скажите, пожалуйста, сколько вы думаете см эта пицца? И какое тесто? (традиционное или тонкое?)"
118795,118808,895866691,1750183398,Не привезли мой целый заказ
118784,118785,24508730,1749062929,"Не позорьтесь, закрывайте свой недо-бизнес"
118731,118790,3838992,1749292990,И какая разгадка? Опечаток нет?
118204,118219,17506881,1748356216,Большинство фото как из нулевых... с мыльницы 😂😂😂
118091,118092,3119786,1748262939,[id173116665|Анастасия]
118091,118093,3119786,1748262959,[id2463347|Андрей]
118091,118094,3119786,1748262980,[id876566170|Илья]
118091,118095,360042534,1748263239,Олеся
118091,118096,537835813,1748263753,[id703872077|Светлана]
118091,118097,537835813,1748263779,[id131618016|Лилия]
118091,118098,537835813,1748263788,[id282385379|Наталья]
118091,118099,537835813,1748263855,[id34411642|Катерина]
118091,118100,537835813,1748263920,[id142695683|Len]
118091,118101,367594518,1748264429,[id291375996|Влад]
118091,118102,46944794,1748264714,[id200466668|Елена]
118091,118103,46944794,1748264721,[id638479321|Андрей]
118091,118104,46944794,1748264728,[id549019748|Евгений]
118091,118105,46944794,1748264738,[id494861955|Александр]
118091,118106,46944794,1748264756,[id566125287|Александр]
118091,118107,46944794,1748264770,[id135706061|Алина]
118091,118108,46944794,1748264787,[id26011506|Алексей]
118091,118109,46944794,1748264798,[id608291762|Виталий]
118091,118110,46944794,1748264810,[id114795034|Александр]
118091,118111,46944794,1748264833,[id186389970|Игорь]
118091,118112,46944794,1748264851,[id8279342|Алексей]
118091,118113,19489654,1748265574,[id29505133|Александр]
118091,118115,15943577,1748265985,[id56065755|Жанна]
118091,118116,15943577,1748265992,[id169313692|Евгений]
118091,118117,10375592,1748266416,[id426814160|Наталия Локошева]
118091,118118,10375592,1748266420,[id4759052|Татьяна Белова]
118091,118119,10375592,1748266423,[id188675991|Алексей Алексеев]
118091,118120,4759052,1748266472,[id10375592|Анна]
118091,118121,4759052,1748266483,[id50414835|Алевтина]
118091,118122,4759052,1748266491,[id382701606|Таня]
118091,118123,4759052,1748266499,[id12844823|Вера]
118091,118124,4759052,1748266508,[id168106122|Юлия]
118091,118125,4759052,1748266517,[id276699148|Ксения]
118091,118126,4759052,1748266539,[id80540866|Ольга]
118091,118127,59611316,1748267156,[id867383111|Матвей Грекин]
118091,118128,59611316,1748267164,[id736924852|Ваня Грекин]
118091,118129,241077495,1748269783,[id847565095|Аниса Алиева]
118091,118130,241077495,1748269803,[id518347871|Лейла Филичкина]
118091,118131,389931600,1748270664,[id644258538|Сергей Дежников]
118091,118132,389931600,1748270676,[id25644375|Александр Попков]
118091,118133,800473159,1748274035,[id15943577|Елена]
118091,118134,68778395,1748274235,[id17666915|Елена]
118091,118135,68778395,1748274251,[id164025000|Сергей]
118091,118136,68778395,1748274268,[id146899616|Анастасия]
118091,118137,68778395,1748274323,[id429980089|Сергей]
118091,118138,68778395,1748274338,[id165094725|Саша]
118091,118139,68778395,1748274349,[id12391892|Евгения]
118091,118140,68778395,1748274363,[id515493068|Сергей]
118091,118141,68778395,1748274375,[id271871025|Ильяс]
118091,118142,68778395,1748274391,[id688205290|Eduard]
118091,118143,68778395,1748274406,[id178043909|Андрей]
118091,118144,68778395,1748274421,[id145023473|Анастасия]
118091,118145,68778395,1748274436,[id238617069|Ильяс]
118091,118147,1873111,1748276778,[id20703665|Виктория]
118091,118149,58918687,1748281364,[id171557165|Наталья] ❤️
118091,118150,58918687,1748281375,[id402148527|Андрей] 💪
118091,118151,58918687,1748281387,[id6858180|Вячеслав] 🚗
118091,118152,69575045,1748284683,[id167724098|Елена]
118091,118153,69575045,1748284687,[id110809804|Леонид]
118091,118154,69575045,1748284692,[id110822032|Майя]
118091,118155,304640972,1748287014,[id613732819|Ксения]
118091,118156,304640972,1748287021,[id540474513|Инна]
118091,118157,304640972,1748287027,[id619977879|Татьяна]
118091,118158,9259335,1748287354,[id8159187|Лия Белова]
118091,118159,355759279,1748287665,[id669416840|Максим]
118091,118160,355759279,1748287678,[id670326739|Анастасия]
118091,118161,355759279,1748287685,[id133972982|Мария]
118091,118162,613732819,1748288787,[id304640972|Мария]
118091,118163,613732819,1748288797,[id619977879|Татьяна]
118091,118164,216954834,1748291449,[id589268831|Gabriele]
118091,118165,587768079,1748291453,[id456391086|Анна Бабаева]
118091,118166,216954834,1748291466,[id77895651|Светлана]
118091,118167,216954834,1748291485,[id267313642|Марина]
118091,118168,157354907,1748292011,[id71063363|Maria]
118091,118169,164116,1748293226,[id7241468|Мария]
118091,118170,649790142,1748297177,Анфиса
118091,118171,64007317,1748299190,[id302900814|Mitya Noow]
118091,118172,858202520,1748299359,[id70681737|Оксана Кашина]
118091,118173,858202520,1748299365,[id569664625|Игорь Алкаев]
118091,118174,858202520,1748299369,[id26515266|Николай Москаленко]
118091,118175,858202520,1748299378,[id22743083|Инна Шинкарчук]
118091,118176,629730466,1748305200,[id507072481|Yana Sidorova]
118091,118177,629730466,1748305237,[id817861774|Вероника Харченко]
118091,118178,629730466,1748305286,[id318405972|Ольга Захарова]
118091,118179,710248632,1748306983,[id488217885|Дарья]
118091,118180,710248632,1748307024,[id4861136|Людмила]
118091,118181,1773252,1748317355,[id555019079|Дениз Буюкбакырджы]
118091,118182,504039172,1748319824,[id229114810|Мария]
118091,118183,504039172,1748319828,[id497152550|Александр]
118091,118184,504039172,1748319832,[id91613636|Юлия]
118091,118185,504039172,1748319840,[id830435499|Алина]
118091,118186,145797516,1748321988,[id50632098|Павел]
118091,118187,145797516,1748322855,[id326825894|Ольга]
118091,118188,145797516,1748322885,[id78834601|Виктория]
118091,118189,145797516,1748322894,[id15616013|Анастасия]
118091,118190,145797516,1748322903,[id833183845|Иван]
118091,118191,145797516,1748322916,[id124501662|Ксения]
118091,118192,579701235,1748323469,[id445215402|Андрей]
118091,118193,579701235,1748323477,[id257169230|Юлия]
118091,118194,579701235,1748323489,[id844671618|Валерий]
118091,118195,31937293,1748325752,https://m.vk.com/id597230370
118091,118196,110822032,1748326500,[id69575045|Юлия]
118091,118197,71707881,1748327159,#Александр
118091,118198,110809804,1748327373,[id69575045|Юлия]
118091,118199,537835813,1748334789,[id362224102|Павел]
118091,118200,537835813,1748334796,[id191104652|Екатерина]
118091,118201,537835813,1748334801,[id282679442|Гульнара]
118091,118202,537835813,1748334810,[id8638775|Юлия]
118091,118203,537835813,1748334824,[id434191275|Татьяна]
118091,118205,371896938,1748344857,[id716533200|Ольга]
118091,118206,371896938,1748344876,[id63618207|Татьяна]
118091,118207,371896938,1748344898,[id196040715|Елена]
118091,118208,563821088,1748347692,[id517925595|Петя Петров]
118091,118210,451847071,1748349925,[id523225648|Ruslan]
118091,118211,451847071,1748349930,[id538075231|Natalia]
118091,118212,451847071,1748349935,[id388529907|Артур]
118091,118213,12570447,1748349973,[id35013613|Ирина]
118091,118214,12570447,1748349981,[id855736653|Просто]
118091,118215,12570447,1748349988,[id68879084|Татьяна]
118091,118216,32770015,1748350276,[id59586122|Леонид]
118091,118217,388529907,1748351033,[id574614435|Светлана]
118091,118218,58802107,1748354889,[id576951504|Анна Ерошенко]
118091,118220,513767103,1748356499,[id230019356|Жанна Ершова]
118091,118221,6743344,1748358311,[id135472873|Аня Иванова]
118091,118222,211791474,1748368494,[id201450981|Степан]
118091,118223,211791474,1748368510,[id124816044|Валентин]
118091,118224,211791474,1748368523,[id435627838|Death]
118091,118225,211791474,1748368535,[id328338961|Данил]
118091,118226,2652470,1748374982,[id441627916|София]
118091,118227,2652470,1748374989,[id4001872|Мария]
118091,118228,2652470,1748375000,[id865254610|Мария]
118091,118230,4001872,1748375195,[id2652470|Стефан Лето]
118091,118231,4001872,1748375292,[id450667417|Дмитрий]
118091,118232,4001872,1748375412,[id2652470|Стефан Лето]
118091,118233,189552379,1748388999,[id261416760|Алексей Четвериков] 🔥
118091,118234,352342085,1748406654,[id658544375|No]
118091,118235,480847387,1748406817,[id833585558|Андрей]
118091,118236,208343323,1748406982,[id1713256|Юлия]
118091,118237,208343323,1748406999,[id6346150|Дарья]
118091,118238,208343323,1748407016,[id441731|Юлия]
118091,118239,833585558,1748408253,[id480847387|Ольга]
118091,118240,750821089,1748412088,[id102412415|Евгения]
118091,118241,729527048,1748412499,[id136517032|Елена]
118091,118242,556255586,1748415088,[id154710054|Ольга]
118091,118243,34209610,1748423122,[id32118276|Валерий Иванов]
118091,118244,47887775,1748425002,[id20279947|Никита]
118091,118245,47887775,1748425155,[id3952145|Елена]
118091,118246,47887775,1748425165,[id231855952|Светлана]
118091,118247,47887775,1748425173,[id221208320|Оля]
118091,118248,47887775,1748425198,[id526133337|Юлия]
118091,118249,47887775,1748425246,[id299080690|Елена]
118091,118250,47887775,1748425268,[id211295862|Сурен]
118091,118251,4278855,1748427001,[id182657634|Ульяна]
118091,118252,4278855,1748427039,[id126208894|Пётр]
118091,118254,108639475,1748435486,[id218014315|Света]
118091,118255,653014479,1748437290,#Алексей
118091,118256,23059371,1748439032,[id136169648|Вадим Уваровский]
118091,118257,866772362,1748443836,"[id100753816|Маргарита] , [id98550004|Оксана]"
118091,118258,6325442,1748444501,[id36362149|Андрей]
118091,118259,441627916,1748447133,[id2652470|Стефан]
118091,118261,30174976,1748455984,[id405610875|Алексей Галимзянов]
118091,118262,515643003,1748461271,[id141463624|Виктория]
118091,118263,252365710,1748464102,[id324958797|Любовь Ашуркова] [id364083290|Мария Дубова]
118091,118264,144805142,1748468757,[id353176198|Кристина]
118091,118265,149205145,1748469681,[id856690078|Евгения]
118091,118266,504447120,1748472504,[id586064982|Галина]
118091,118267,504447120,1748472584,[id607224018|Александр]
118091,118268,466545036,1748476888,[id508618076|Karolina]
118091,118269,111140843,1748486295,[id693704624|Юлия]
118091,118270,111140843,1748486314,[id54937993|Владимир]
118091,118271,111140843,1748486321,[id18897770|Елена]
118091,118272,111140843,1748486328,[id56343277|Валентина]
118091,118273,111140843,1748486343,[id891071344|Маша]
118091,118274,111140843,1748486350,[id37642761|Анастасия]
118091,118275,111140843,1748486358,[id732295902|Елена]
118091,118276,111140843,1748486382,[id759468865|Виктория]
118091,118277,111140843,1748486410,[id20850784|Алена]
118091,118278,111140843,1748486421,[id323129176|Юрий]
118091,118279,111140843,1748486447,[id199810616|Яна]
118091,118280,111140843,1748486456,[id233114063|Апполон]
118091,118281,111140843,1748486466,[id146217847|Юлия]
118091,118282,111140843,1748486482,[id14908113|Надежда]
118091,118283,111140843,1748486498,[id710668480|Ольга]
118091,118284,111140843,1748486535,[id700804029|Oxana]
118091,118285,111140843,1748486546,[id248044206|Елена]
118091,118286,140202342,1748494676,[id19239455|Selena Podorozhko]
118091,118287,140202342,1748494688,[id54764078|Юлия Андреева]
118091,118288,140202342,1748494692,[id550615808|Андрей Андреев]
118091,118289,475362963,1748512761,[id314940111|Георг]
118091,118290,138986598,1748513023,[id270231768|Диана Мазаева]
118091,118291,138986598,1748513028,[id654355250|Faina Mazaeva]
118091,118292,102815641,1748513160,[id67478441|Евгения]
118091,118293,102815641,1748513167,[id23015515|Марина]
118091,118294,102815641,1748513176,[id145943550|Анастасия]
118091,118295,102815641,1748513186,[id89919113|Наталья]
118091,118296,102815641,1748513194,[id71552716|Арина]
118091,118297,102815641,1748513202,[id19604968|Александр]
118091,118298,504447120,1748515795,[id340562527|Анастасия]
118091,118299,504447120,1748515816,[id260757844|Анастасия]
118091,118300,10375592,1748518829,[id10936215|Светлана Голицына]
118091,118301,10375592,1748518836,[id13887798|Ольга Сытник]
118091,118302,10375592,1748518843,[id5817121|Надежда Шалина]
118091,118303,10375592,1748518849,[id151253572|Ирина Саблина]
118091,118304,10375592,1748518859,[id909917|Алла Батищева]
118091,118305,10375592,1748518866,[id52814065|Анна Буракова]
118091,118306,10375592,1748518880,[id218219961|Елена Юдина]
118091,118307,10375592,1748518892,[id589618736|Анастасия Орлова]
118091,118308,10375592,1748518900,[id475544221|Инна Красова]
118091,118309,10375592,1748518909,[id170736544|Ирина Красновская]
118091,118310,856690078,1748520160,[id149205145|Варвара]
118091,118311,167975779,1748520762,[id24442176|Елена]
118091,118312,167975779,1748520776,[id10377552|Сергей]
118091,118313,167975779,1748520789,[id35166366|Михаил]
118091,118314,568149938,1748522582,[id581290015|Таня]
118091,118315,151634078,1748523920,[id700318651|Юрий]
118091,118317,563793895,1748524867,[id14008797|Наталья]
118091,118318,81754385,1748525686,[id274046089|Дарья Гарькина]
118091,118319,585528612,1748525880,[id22673479|Екатерина]
118091,118320,81929286,1748529753,[id134312247|Ольга Пономарева]
118091,118321,81929286,1748529768,[id71805669|Ольга Прокопьева]
118091,118322,138352080,1748530526,[id24092956|Дмитрий Колесников]
118091,118323,138352080,1748530530,[id328375523|Алекс Юстасов]
118091,118324,138352080,1748530534,[id536015468|Татьяна Лагун]
118091,118333,68879084,1748531173,[id297837046|Дима]
118091,118335,68879084,1748531182,[id12570447|Дашка]
118091,118336,68879084,1748531188,[id379995669|Наташа]
118091,118337,68879084,1748531197,[id88406978|Маша]
118091,118338,68879084,1748531206,[id528748779|Юлия]
118091,118339,68879084,1748531214,[id268813925|Дарья]
118091,118340,68879084,1748531225,[id108792351|Светлана]
118091,118341,68879084,1748531237,[id51046420|Любовь]
118091,118342,68879084,1748531250,[id68723657|Наталия]
118091,118343,174235178,1748539972,[id74180790|@ramchanin]
118091,118344,1023623396,1748540014,@лена
118091,118345,522932503,1748540228,@ Лиза
118091,118346,260428824,1748542105,Егорка
118091,118347,5318660,1748550592,[id109020943|Ярослав]
118091,118348,5318660,1748550620,[id2558598|Андрей]
118091,118349,151241793,1748552233,[id323833966|Аделина Филиппенко]
118091,118350,151241793,1748552244,[id742735725|Александр Филиппенко]
118091,118351,151241793,1748552249,[id417934519|Анна Боброва]
118091,118352,151241793,1748552258,[id39953737|Ольга Тищенко]
118091,118353,151241793,1748552264,[id37530074|Ольга Городова]
118091,118354,1033987868,1748558820,@ Елизавета
118091,118355,67823185,1748561188,[id102821723|Елена]
118091,118356,67823185,1748561199,[id35023386|Евгений]
118091,118357,67823185,1748561209,[id579899684|Настёна]
118091,118358,864163375,1748584753,[id386595324|Alex Ivanov]
118091,118359,864163375,1748584793,[id713992558|Аня Алексеева]
118091,118360,807119746,1748590203,[id138713240|Khan]
118091,118361,840843348,1748590637,[id323650493|Oleg]
118091,118362,878629448,1748591030,[id533437044|Марина]
118091,118364,217500850,1748594298,[id224687348|Сергей]
118091,118365,1041626242,1748601874,Леонид Павлович
118091,118366,1041626242,1748601893,Алена Алена
118091,118367,376072960,1748604167,[id6443540|Александр]
118091,118368,10482895,1748605536,[id310052|Эльвира] [id206921072|Вячеслав] [id195812801|Оксана]
118091,118369,6443540,1748606021,[id214272833|Татьяна]
118091,118370,529091871,1748606260,[id210541185|Оксана Политова]
118091,118371,93972520,1748606497,[id96688019|Марина]
118091,118372,299700594,1748607585,[id201438003|Дмитрий]
118091,118373,1019037635,1748614891,[id56045974|Надежда Бугакова]
118091,118374,3127925,1748616599,[id178741019|Мария Лихачева]
118091,118375,3127925,1748616621,[id66855797|Людмила Потапова]
118091,118376,3127925,1748616639,[id18128501|Валентина Артёмова]
118091,118377,3127925,1748616654,[id3967226|Светлана Речнова]
118091,118378,3127925,1748616679,[id721317716|Лара Юхина]
118091,118379,3127925,1748616693,[id815534621|Елизавета Ромакина]
118091,118380,3127925,1748616712,[id2048256|Яков Ромакин]
118091,118381,194423956,1748621081,[id469106265|Данил] [id659088729|Александр] [id505000178|Олег] [id583774786|Кайрат]
118091,118382,363976425,1748622752,[id876301041|Роман Титов]
118091,118383,363976425,1748622763,[id3490252|Юлия Ходеева]
118091,118384,363976425,1748622770,[id570881778|Анна Титова]
118091,118385,363976425,1748622790,[id151077348|Ульяна Рыженкова]
118091,118386,570881778,1748624246,[id363976425|Евгений]
118091,118387,570881778,1748624254,[id876301041|Роман]
118091,118388,876301041,1748625213,[id3490252|Юлия]
118091,118389,876301041,1748625232,[id363976425|Евгений]
118091,118390,3490252,1748625353,[id876301041|Роман]
118091,118391,147194943,1748628553,[id163113899|Оля]
118091,118392,2048256,1748629151,[id815534621|Елизавета Ромакина]
118091,118393,2048256,1748629158,[id3127925|Екатерина Ромакина]
118091,118394,2048256,1748629167,[id721317716|Лара Юхина]
118091,118395,630949175,1748629842,[id817161024|Elena Udachnay]
118091,118396,630949175,1748629850,[id1035369579|Леонид Павлович]
118091,118397,630949175,1748629863,[id741461674|Алена Счастливая]
118091,118398,630949175,1748629870,[id1041626242|Елена Елена]
118091,118399,630949175,1748629877,[id173816863|Алена Дима]
118091,118400,630949175,1748629885,[id1041626242|Елена Елена]
118091,118401,630949175,1748629892,[id630573802|Алена Солнце]
118091,118402,630949175,1748629903,[id631169174|Леонид Любимов]
118091,118403,630949175,1748629912,[id851231081|Ольга Андреева]
118091,118404,630949175,1748629930,[id857268353|Леонид Павлович]
118091,118405,115188413,1748631065,[id42504404|Ольга Филобок] [id93270078|Никита Поликарпов]
118091,118406,115188413,1748631095,[id662317028|Анна Шуткина]
118091,118407,819277774,1748631340,https://vk.com/anna.bolshakova96
118091,118408,819277774,1748631510,https://vk.com/anna.bolshakova96
118091,118409,819277774,1748631514,https://vk.com/anna.bolshakova96
118091,118410,819277774,1748631518,https://vk.com/anna.bolshakova96
118091,118411,819277774,1748631521,https://vk.com/anna.bolshakova96
118091,118412,819277774,1748631525,https://vk.com/anna.bolshakova96
118091,118413,175018573,1748631668,[id107920238|@id107920238]
118091,118414,7281004,1748636576,[id12194528|Павел]
118091,118415,7281004,1748636587,[id3069200|Георгий]
118091,118416,7281004,1748636605,[id490116902|Сергей]
118091,118417,615585488,1748643461,[id15282309|Людмила]
118091,118418,819277774,1748646920,https://vk.com/id819789156
118091,118419,819789156,1748647237,https://vk.com/id819277774
118091,118421,169654265,1748671708,[id463525664|Полина]
118091,118422,169654265,1748671730,[id431227986|Евгений]
118091,118423,18470208,1748673241,[id39213917|Владимир Панфилов]
118091,118424,18470208,1748673246,[id56225647|Юлия Фетисова]
118091,118425,18470208,1748673249,[id23607574|Ирина Касаткина]
118091,118426,79062366,1748679106,[id579053189|Макс]
118091,118427,5318660,1748680919,[id23833274|Анастасия]
118091,118428,5318660,1748680945,[id11228861|Николай]
118091,118429,5318660,1748681247,[id4657112|Сергей]
118091,118430,50345543,1748681701,[id663700466|Аяз Сафиуллин]
118091,118431,50345543,1748681704,[id137065285|Алсиня Шайхутдинова]
118091,118432,50345543,1748681720,[id568187633|Лесечка Сафиуллина]
118091,118433,50345543,1748681751,[id384591793|Милана Давлекамова]
118091,118434,5318660,1748683511,[id16638326|Ольга]
118091,118435,5318660,1748683654,[id34127623|Татьяна]
118091,118436,5318660,1748683712,[id348805971|Ксения]
118091,118437,713143039,1748684459,"лучше бы работу операторов поддержки наладили 😁🤣 конкурсы они запускают… 
конкурс также будет работать как и мертвая поддержка?)"
118091,118438,5318660,1748688540,[id390970486|Марина]
118091,118439,5318660,1748688589,[id22157198|Ирина]
118091,118441,16501225,1748689125,[id210056693|Егор]
118091,118442,16501225,1748689141,[id85351639|Мужская]
118091,118443,16501225,1748689152,[id143102215|Максим]
118091,118444,467503867,1748689346,[id39227590|Алексей]
118091,118445,5318660,1748689602,[id807723718|Шаҳлох]
118091,118446,5318660,1748689696,[id32861033|Дмитрий]
118091,118447,133513351,1748692584,[id76065552|Динара Мухаматгалиева]
118091,118448,133513351,1748692600,[id106021401|Гульнара Еникеева]
118091,118449,150459357,1748692627,[id73678615|Андрей Разуваев]
118091,118450,150459357,1748692630,[id450045902|Ирина Труханова]
118091,118451,150459357,1748692637,[id80085512|Любовь Михайлюк]
118091,118452,150459357,1748692648,[id857728347|Виталий]
118091,118453,73678615,1748692830,[id150459357|Анастасия]
118091,118454,73678615,1748692853,[id450045902|Ирина]
118091,118455,216954834,1748695643,[id77895651|Светлана]
118091,118456,216954834,1748695658,[id267313642|Марина]
118091,118457,5318660,1748696605,[id442819021|Ксюша]
118091,118458,5318660,1748696645,[id83120468|Максим]
118091,118459,5318660,1748696706,[id57912664|Павлина]
118091,118460,5318660,1748698911,[id144140686|Галина]
118091,118461,5318660,1748699079,[id678046174|Николай]
118091,118462,5318660,1748699133,[id18768846|Алина]
118091,118463,5318660,1748700066,[id136895878|Елена]
118091,118464,5318660,1748700322,[id395758662|Анна]
118091,118465,154568874,1748701046,"[id872046514|Александр] 
[id189863148|Анастасия]"
118091,118466,153984257,1748701210,[id246471988|Евгений Олегович]
118091,118467,5318660,1748703453,[id559303349|Надежда]
118091,118468,5318660,1748703496,[id11514342|Андрей]
118091,118469,5318660,1748707595,[id329464904|Аня]
118091,118470,5318660,1748707727,[id353642560|Лидия]
118091,118471,5318660,1748712551,[id409822640|Оксана]
118091,118472,5318660,1748712621,[id1472865|Павел]
118091,118473,5318660,1748712710,[id57909651|Виталий]
118091,118474,5318660,1748713802,[id307044720|Анастасия]
118091,118475,338258085,1748717203,[id365506961|Сергей]
118091,118476,42530899,1748723925,Темка
118091,118477,42530899,1748723931,Олежка
118091,118478,42530899,1748723935,Варя
118091,118479,42530899,1748723940,Вика
118091,118480,42530899,1748723943,Полина
118091,118481,42530899,1748723950,Арина
118091,118482,42530899,1748723955,Ярослав
118091,118483,42530899,1748723957,Лев
118091,118484,42530899,1748723973,Ксюша
118091,118485,42530899,1748723979,Тим
118091,118486,42530899,1748723982,Лев
118091,118487,42530899,1748723991,Василиса
118091,118488,42530899,1748723996,Ростик
118091,118489,42530899,1748724002,Платон
118091,118490,840021475,1748724630,[id2286916|Эдуард]
118091,118491,257597635,1748733837,[id142059437|Ольга]
118091,118492,32662053,1748746632,[id23456992|Кристина Ефременко]
118091,118493,32662053,1748746652,[id63621144|Евгения Орлова]
118091,118494,559527380,1748754101,[id63284955|Гузель Мухаметзянова]
118091,118495,747588938,1748754182,[id655897342|Галина]
118091,118496,789540770,1748755299,[id747588938|Alina]
118091,118497,655897342,1748755539,[id747588938|Alina]
118091,118499,94164304,1748755709,[id478941323|Дима]
118091,118500,826998688,1748755740,[id102412415|Евгения]
118091,118501,817150296,1748755904,[id655897342|Галина]
118091,118502,5318660,1748761989,[id36445653|Мария]
118091,118503,542472690,1748768314,[id375580429|Стас]
118091,118504,140254786,1748769012,[id542472690|Дима]
118091,118507,209346609,1748772895,[id1021031096|Рыжая]
118091,118508,209346609,1748772902,[id307831693|Виктория]
118091,118509,142059437,1748773228,[id242613776|Игорь]
118091,118510,5318660,1748774378,[id39809217|Анна]
118091,118511,5318660,1748774442,[id216169799|Анастасия]
118091,118512,5318660,1748774476,[id4338160|Елена]
118091,118513,5318660,1748774907,[id603478810|Ирина]
118091,118514,676899010,1748775571,[id9441329|Николай Тарасов]
118091,118515,676899010,1748775577,[id17506881|Santey Santeev]
118091,118516,676899010,1748775580,[id76710343|Илья Хритов]
118091,118517,676899010,1748775583,[id556698457|Ivan Ivanov]
118091,118518,676899010,1748775586,[id2423520|Евгений Глухих]
118091,118519,676899010,1748775589,[id21400353|Владимир Маслов]
118091,118520,676899010,1748775591,[id713143039|Jura Gonzalez]
118091,118521,676899010,1748775594,[id537835813|Елена Банникова]
118091,118522,676899010,1748775596,[id355759279|Мария Макарова]
118091,118523,676899010,1748775599,[id216954834|Лара Оленева]
118091,118524,676899010,1748775606,[id579701235|Михаил Шушанов]
118091,118525,676899010,1748775608,[id579701235|Михаил Шушанов]
118091,118526,676899010,1748775611,[id145797516|Ирина Шудрова]
118091,118527,676899010,1748775615,[id504039172|Елена Фан]
118091,118528,676899010,1748775618,[id1773252|Ирина Сычева]
118091,118529,676899010,1748775622,[id710248632|Елена Крапивина]
118091,118530,676899010,1748775626,[id629730466|Андрей Иванов]
118091,118531,676899010,1748775629,[id76710343|Илья Хритов]
118091,118532,676899010,1748775631,[id367594518|Аркадий Тимшин]
118091,118533,676899010,1748775634,[id4759052|Татьяна Белова]
118091,118534,676899010,1748775637,[id10375592|Анна Алексеева]
118091,118535,676899010,1748775644,[id157354907|Михаил Койгородов]
118091,118536,676899010,1748775647,[id157354907|Михаил Койгородов]
118091,118537,22830911,1748777689,[id818738509|Анна Черных]
118091,118538,22830911,1748777699,[id884308051|Dima Black]
118091,118539,22830911,1748777726,[id291862610|Torto Nata]
118091,118540,5318660,1748778759,[id80556168|Антон]
118091,118541,5318660,1748779461,[id103380423|Иван]
118091,118542,5318660,1748779550,[id473181566|Марьяна]
118091,118543,5318660,1748779576,[id152762018|Кристина]
118091,118544,5318660,1748779639,[id6803092|Евгений]
118091,118545,5318660,1748779681,[id818762963|Galina]
118091,118546,5318660,1748779744,[id5535718|Анастасия]
118091,118547,5318660,1748785007,[id477098580|Янна]
118091,118548,537377809,1748785969,[id391367686|Asi Lisav]
118091,118549,742735725,1748785973,[id151241793|Марина Филиппенко]
118091,118550,742735725,1748785983,[id323833966|Аделина Филиппенко]
118091,118551,424572423,1748786305,[id10464780|Кирилл Грабачко]
118091,118552,424572423,1748786310,[id26890828|Дмитрий Гаюн]
118091,118553,5318660,1748786507,[id812238459|Артём]
118091,118554,5318660,1748786552,[id136670152|Елена]
118091,118555,5318660,1748786629,[id103111852|Иван]
118091,118556,5318660,1748786700,[id233593507|Мария]
118091,118557,5318660,1748786782,[id58829984|Рустам]
118091,118558,5318660,1748786880,[id22232427|Василий]
118091,118559,5318660,1748786929,[id248152316|Дина]
118091,118560,5318660,1748786972,[id470498750|Полина]
118091,118561,5318660,1748787046,[id10786707|Наталья]
118091,118562,5318660,1748787092,[id121472172|Мария]
118091,118563,39452557,1748787093,[id118817255|Елена]
118091,118564,5318660,1748787123,[id9771718|Марк]
118091,118565,5318660,1748787186,[id70508251|Юлия]
118091,118566,5318660,1748787288,[id34718163|Мария]
118091,118567,5318660,1748787349,[id169838842|Влад]
118091,118568,5318660,1748787429,[id604624817|Наталья]
118091,118569,5318660,1748787449,[id457545920|Карина]
118091,118570,5318660,1748787566,[id59519152|Андрей]
118091,118571,5318660,1748787606,[id30743671|Дмитрий]
118091,118572,5318660,1748787718,[id132585841|Александр]
118091,118573,239324880,1748792424,[id421808888|Ольга Садовникова]
118091,118574,441627916,1748793248,[id2652470|Стефан]
118091,118575,2683448,1748796986,[id746980972|Тимурка]
118091,118576,10464780,1748803041,[id424572423|Дарья Гаюн]
118091,118577,60605731,1748803921,[id19370938|Sveta]
118091,118578,60605731,1748803933,[id364611518|Виталий]
118091,118579,60605731,1748803950,[id333987901|Саша]
118091,118580,297512241,1748805164,[id776641783|Алина Ершова]
118091,118581,297512241,1748805171,[id267574400|Алина Александрова]
118091,118582,297512241,1748805183,[id354505289|Алина Летняя]
118091,118583,21013996,1748806293,[id60448546|Алексей Карловский]
118091,118584,21013996,1748806313,[id271536951|Алина Карловская]
118091,118585,21013996,1748806323,[id505999073|Елена Сычикова]
118091,118586,21013996,1748806333,[id168014168|Вера Филина]
118091,118587,21013996,1748806341,[id28843267|Татьяна Кухтина]
118091,118588,21013996,1748806347,[id246614915|Оленька Припа]
118091,118589,21013996,1748806357,[id50924802|Жанна Слизова]
118091,118590,21013996,1748806383,[id23401473|Татьяна Елинская]
118091,118591,21013996,1748806389,[id384704004|Svetlana Vozlikova]
118091,118592,21013996,1748806396,[id81729158|Вита Машкова]
118091,118593,21013996,1748806426,[id163890826|Лариса Туркина]
118091,118594,21013996,1748806433,[id871658671|Милана Карловская]
118091,118595,21013996,1748806445,[id33316423|Екатерина Мучкина]
118091,118596,21013996,1748806456,[id7467534|Анна Шаховская]
118091,118597,21013996,1748806470,[id247533473|Анна Сухорукова]
118091,118598,21013996,1748806769,[id143336642|Елена Левченкова]
118091,118599,21013996,1748806798,[id549362025|Ruslan Makarov]
118091,118600,5318660,1748806895,[id173356581|Андрей]
118091,118601,5318660,1748806924,[id402160280|Ксеня]
118091,118602,5318660,1748806966,[id477866041|Альбина]
118091,118603,5318660,1748806996,[id243193801|Владлена]
118091,118604,8608426,1748807120,[id362468809|Михаил Пасюков]
118091,118605,8608426,1748807125,[id651327703|Милка Коваленко]
118091,118606,4759052,1748807626,[id12844823|Вера]
118091,118607,18559816,1748808413,[id162747043|Нина]
118091,118608,362468809,1748808579,[id8608426|Катрин Пасюкова]
118091,118611,46944794,1748809385,[id135706061|Алина] [id454075127|Валерия]
118091,118612,1030972686,1748809510,[id897299985|Мария Васильева]
118091,118613,1030972686,1748809530,[id894352198|Евстигнеев Александр]
118091,118614,1030972686,1748809547,[id208786439|Инна Ларичева]
118091,118615,1030972686,1748809567,[id1031140924|Алина Новикова]
118091,118616,611256760,1748810810,[id611136719|Антон Коваленко]
118091,118617,611256760,1748810816,[id573120539|Тамара Хромова]
118091,118618,1035241731,1748811018,[id27382338|Екатерина ]
118091,118619,1035241731,1748811034,[id438420960|Vlad ]
118091,118620,1035241731,1748811052,[id97159393|Мила ]
118091,118621,34205043,1748812434,[id140880145|Юлия Едакина] [id203018976|Виктория Павлова]
118091,118622,611136719,1748813419,[id611256760|Наталья Кова]
118091,118623,1035218832,1748814931,[id138131430|Эльмира ]
118091,118624,1035218832,1748814954,[id455679848|Вика ]
118091,118625,1035218832,1748814971,[id571405461|Сергей ]
118091,118626,1030981583,1748817366,[id134885057|Инна Науменко]
118091,118627,1030981583,1748817388,[id82609148|Татьяна Фролова]
118091,118628,1030981583,1748817423,[id35136459|Татьяна Калабина]
118091,118629,14218289,1748819257,Ромка
118091,118630,318607092,1748820078,[id429696024|Галина Савельева]
118091,118631,318607092,1748820086,[id6354259|Эмма Сереброва]
118091,118632,318607092,1748820094,[id229025048|Мария Иванова]
118091,118633,318607092,1748820101,[id169990054|Яна Чурсинова]
118091,118634,318607092,1748820115,[id365041959|Светлана Юрьева]
118091,118635,318607092,1748820122,[id375840973|Надежда Алексеева]
118091,118636,1024977890,1748822997,[id886056487|Eva.]
118091,118637,1024977890,1748823009,[id191729764|Олеся.]
118091,118638,1024977890,1748823018,[id1036275960|Anna.]
118091,118639,216303316,1748826693,[id69446280|Юля]
118091,118640,216303316,1748826731,[id645593477|Наташа]
118091,118641,216303316,1748826741,[id845523500|Ксения]
118091,118642,216303316,1748826755,[id226903021|Екатерина]
118091,118643,524364290,1748837861,"Обманщики!!!! Фу, папа Джонс показал себя с плохой стороны 1 июня в день защиты детей, дети лепили пиццы, а в итоге по приезду в их сеть сказали, что был большой наплыв народу и акцию остановили! В итоге дети расстроены, а им пофиг!"
118091,118644,146966693,1748839784,[id849722195|Николай]
118091,118645,146966693,1748840028,[id695688490|Екатерина]
118091,118646,146966693,1748840035,[id864759043|Наталья]
118091,118647,146966693,1748840040,[id873136827|Елизавета]
118091,118648,146966693,1748840047,[id556383016|Ольга]
118091,118649,146966693,1748840053,[id439268161|Ирина]
118091,118650,239239081,1748840253,[id26030514|Дмитрий]
118091,118651,849722195,1748840666,[id146966693|Марина]
118091,118652,849722195,1748840671,[id873136827|Елизавета]
118091,118653,849722195,1748840678,[id864759043|Наталья]
118091,118654,849722195,1748840684,[id695688490|Екатерина]
118091,118655,849722195,1748840692,[id562674748|Максим]
118091,118656,849722195,1748840698,[id245138170|Сергей]
118091,118657,849722195,1748840708,[id754448493|Андрей]
118091,118658,849722195,1748840718,[id885586646|Таня]
118091,118659,849722195,1748840734,[id439268161|Ирина]
118091,118660,873136827,1748840891,[id146966693|Марина]
118091,118661,873136827,1748840908,[id754448493|Андрей]
118091,118662,873136827,1748840922,[id245138170|Сергей]
118091,118663,427599410,1748841204,[id23728831|Сергей]
118091,118664,126635168,1748841564,[id565953715|Андрей]
118091,118665,126635168,1748841574,[id770499990|Ксюша]
118091,118666,553493800,1748843289,[id707403274|Ника]
118091,118667,35136459,1748844878,[id229018075|@id229018075] Ирина
118091,118668,35136459,1748844895,[id805838713|@id805838713] Кира
118091,118669,35136459,1748844910,[id787313443|@id787313443] Дарья
118091,118670,205674395,1748845208,[id812282969|Ольга]
118091,118671,735712711,1748845448,[id1044488738|Лера]
118091,118672,36943496,1748845722,[id50076591|Виктор]
118091,118673,1027076482,1748845802,[id105949994|Оксана]
118091,118674,864759043,1748845990,[id146966693|Марина]
118091,118675,864759043,1748845997,[id849722195|Николай]
118091,118676,864759043,1748846006,[id695688490|Екатерина]
118091,118677,864759043,1748846014,[id885586646|Таня]
118091,118678,864759043,1748846031,[id245138170|Сергей]
118091,118679,864759043,1748846046,[id754448493|Андрей]
118091,118680,26175912,1748846147,[id68186638|Елена]
118091,118681,779007593,1748846205,[id1025767041|Татьяна]
118091,118682,779007593,1748846211,[id1025755597|Ольга]
118091,118683,487845942,1748846801,[id707720625|Сергей]
118091,118684,21013996,1748847344,[id195399683|Надежда Пыка]
118091,118685,21013996,1748847352,[id567003792|Ксюша Полозкова]
118091,118686,60448546,1748847452,[id21013996|Аня]
118091,118687,60448546,1748847469,[id505999073|Елена]
118091,118688,60448546,1748847481,[id247533473|Анна]
118091,118689,60448546,1748847488,[id624671712|Антон]
118091,118690,60448546,1748847495,[id259282714|Елена]
118091,118691,60448546,1748847507,[id28843267|Татьяна]
118091,118692,60448546,1748847524,[id15719193|Сергей]
118091,118693,60448546,1748847534,[id29509812|Сергей]
118091,118694,60448546,1748847541,[id23401473|Татьяна]
118091,118695,60448546,1748847551,[id50924802|Жанна]
118091,118696,695688490,1748847557,[id146966693|Марина]
118091,118697,695688490,1748847563,[id754448493|Андрей]
118091,118698,695688490,1748847568,[id864759043|Наталья]
118091,118699,60448546,1748847569,[id871658671|Милана]
118091,118700,695688490,1748847574,[id559505271|Любовь]
118091,118701,60448546,1748847590,[id163890826|Лариса]
118091,118702,695688490,1748847592,[id340680935|Екатерина]
118091,118703,60448546,1748847597,[id265605528|Лариса]
118091,118704,695688490,1748847601,[id231988959|Мария]
118091,118705,60448546,1748847628,[id271536951|Алина]
118091,118706,10482895,1748848750,[id206921072|Вячеслав]
118091,118707,10482895,1748848771,[id310052|Эльвира]
118091,118708,10482895,1748848821,[id8300910|Елена]
118091,118709,10482895,1748848868,[id1379361|Дмитрий]
118091,118710,10482895,1748848879,[id195812801|Оксана]
118091,118711,10482895,1748848893,[id5782193|Инна]
118091,118712,10482895,1748848913,[id287905836|Екатерина]
118091,118713,10482895,1748848929,[id338561|Марина]
118091,118714,10482895,1748848940,[id92037|Яна]
118091,118715,10482895,1748848953,[id21687898|Ольга]
118091,118716,10482895,1748848974,[id100474658|Анастасия]
118091,118717,10482895,1748848992,[id239470|Наталья]
118091,118718,5318660,1748849297,[id355809829|Константин]
118091,118719,5318660,1748849347,[id17591163|Афанасий]
118091,118720,5318660,1748849410,[id9075744|Вячеслав]
118091,118721,5318660,1748849897,[id143735602|Рустам]
118091,118722,5318660,1748849919,[id587763110|Ирина]
118091,118723,5318660,1748849942,[id22345058|Николай]
118091,118724,5318660,1748850288,[id63805491|Татьяна]
118091,118725,5318660,1748850334,[id513761505|Юля]
118091,118726,172142541,1748850881,[id114714361|Светлана]
118091,118727,172142541,1748850891,[id414811389|Алла]
118091,118728,419173313,1748851160,[id773413615|Ирина]
118091,118729,213082487,1748852443,[id240317007|Вячеслав]
118091,118730,213082487,1748852454,[id381762327|Людмила]
118091,118732,615673681,1748852579,[id140757710|Лидия]
118091,118733,773413615,1748852704,[id419173313|Лидия]
118091,118734,69653067,1748852712,[id142058835|Влад]
118091,118735,69653067,1748852735,[id15425867|Анастасия]
118091,118736,69653067,1748852743,[id133603154|Мария]
118091,118737,69653067,1748852749,[id35774240|Мария]
118091,118738,248782882,1748853099,[id241957078|Ирина]
118091,118739,114714361,1748853356,[id172142541|Владислав]
118091,118740,132284395,1748853548,[id193295166|Yulia]
118091,118741,4185855,1748854477,[id260500047|Ирина Вишнякова]
118091,118742,21013996,1748854560,[id140761806|Ирина Будачева]
118091,118743,21013996,1748854570,[id21208243|Ирина Клочкова]
118091,118744,21013996,1748854583,[id172770849|Ирина Медведева]
118091,118745,21013996,1748854588,[id710837428|Ирина Казакова]
118091,118746,752477312,1748858353,Кравец Елена
118091,118747,325915125,1748858928,[id527068745|Радуга]
118091,118748,325915125,1748858940,[id371099094|Ольга]
118091,118749,325915125,1748858956,[id22675325|Татьяна]
118091,118750,325915125,1748858966,[id588547596|Людмила]
118091,118751,325915125,1748858983,[id29797239|Татьяна]
118091,118752,325915125,1748858996,[id211121417|Антонина]
118091,118753,325915125,1748859016,[id428261669|Нина]
118091,118754,325915125,1748859041,[id141673739|Екатерина]
118091,118755,325915125,1748859069,[id49777825|Алена]
118091,118756,325915125,1748859096,[id295389705|Галина]
118091,118757,325915125,1748859121,[id29797239|Татьяна]
118091,118758,325915125,1748859138,[id383177490|Инга]
118091,118759,301500512,1748860255,[id203055567|Марина Ерилина]
118091,118760,301500512,1748860282,[id17727484|Лариса Пересыпкина]
118091,118761,16771624,1748864635,[id131668378|Михаил]
118091,118762,16771624,1748864643,[id237973034|Светлана]
118091,118763,16771624,1748864664,[id379579286|Ангелина ]
118091,118764,16771624,1748864677,[id345738094|Женя]
118091,118765,16771624,1748864688,[id28505465|Жека]
118091,118766,16771624,1748864704,[id17713008|Андрей]
118091,118767,16771624,1748864715,[id67443563|Владимир]
118091,118768,16771624,1748864747,[id229692154|Светик]
118091,118769,16771624,1748864767,[id233396563|Светлана]
118091,118770,16771624,1748864798,[id61128196|Ирина]
118091,118771,355759279,1748869264,[id702714852|Сергей]
118091,118772,163113899,1748869312,[id147194943|Valera]
118091,118773,10482895,1748875305,[id5782193|Инна]
118091,118774,10645442,1748876796,[id10671541|Наталья Солодовникова]
118091,118775,10645442,1748876808,[id7637219|Светлана Воробьева]
118091,118776,10645442,1748876814,[id111628045|Татьяна Турлова]
118091,118777,193295166,1748877079,[id852061714|Софа]
118091,118778,193295166,1748877090,[id591607641|Алиска]
118091,118779,273111286,1748879082,[id196637534|Валерия]
118091,118780,196637534,1748880028,[id539035048|Людмила]
118091,118782,63284955,1748885120,[id559527380|Geliya Yunusova]
118075,118090,76710343,1748253601,"Спасибо большое папа Джонс за хороший клиентоориентированный сервис! Вам не позвонить, напишешь в чат, а там не отвечают. В свой день рождения я должен быть в неудобном положении и писать вам по форме обратной связи и молиться чтобы вы ответили мне на почту. Спасибо огромное. Буду жаловаться в Роспотребнадзор. Даже отменить заказ невозможно."
118066,118067,2423520,1747929623,
118066,118071,556698457,1747942054,"Вы лучше скажите, почему ваши курьеры кладут коробки с пиццей на пол в подъезде?"
118063,118064,238846137,1747912395,С тянущимся сырным продуктом вы хотели сказать?
118063,118065,21400353,1747918360,"Интересно, как вы это объясните https://vk.com/wall-94833853_422264 , получите сомнительную пиццу по завышенной стоимости, очень прекрасно..."
118050,118057,12262938,1747565923,"Здравствуйте! При заказе пиццы по адресу улица Академика Арцимовича 5 корпус 3 из пиццерии которая обслуживает этот адрес постоянно занят и говорят что у них якобы не работает терминал и предлагают оплатить пиццу переводом по номеру телефона. Когда же начинаешь с ним ругаться, терминал сразу начинает работать и курьер приезжает с терминалом. Разберитесь со своей пиццерией.  Если эта ситуация повторится я буду писать заявление в Роспотребнадзор, ОБЭП (поскольку это прямой уход от налогов) и в ФСБ (поскольку возможно такими переводами ваши сотрудники финансирую ВСУ). А самое интересное, что когда по телефону ты говоришь, о том что все у вас работает и вы просто врете и уходите от налогов, тебе в ответ начинают откровенно хамить, посылать, да ещё рассказывают что он якобы боевой офицер и будет разговаривать со мной как он хочет."
118041,118042,418502364,1747232463,"Я как бывший сотрудник скажу 
Что пицца которую берешь бесплатно еще лучше"
118041,118045,85947685,1747244061,"Школьную пиццу сделать не могут, лол))"
118041,118046,85947685,1747244091,Какое-то печенье с колбасой😕
118041,118047,717487955,1747285824,Пицца отстой.
118041,118054,254600573,1747422089,"Когда была такая форма, в школе не было никакой пиццы. Обеды, пирожки, пирожное, но не пицца."
118041,118078,633426745,1748022991,Ну у школьной пиццы свой вайб. Пиццы из пиццерии никогда его не перплюнуть.
118041,118079,165242253,1748066775,А цена тоже 20р?
118041,118080,39743966,1748074592,"Старая школьная лучше😢 , тогда и плесень была зеленее, и уксус слаще 🤣"
118041,118081,7556,1748075084,"Раньше лучше была, спасибо за напоминание)"
118041,118083,442734124,1748147109,"Ну честно говоря, не так все однозначно. Школьная пицца это отдельный вид искусства"
118025,118036,168964033,1747053094,"Отвратительная работа в Москве.
Заказал в 10:56, подтверждение получил в 11:01, заказ ко времени 14:05-14:10
В итоге прошло больше часа, заказа нет, поддержка молчит, ни один номер не берет трубку."
118015,118016,99023952,1746616533,"Подскажите пожалуйста, а с чего вдруг стала недоступна оплата курьеру картой?"
118015,118018,99023952,1746626828,Это доставка из ресторна на северодвинской ( Москва)
118015,118023,352662,1746660131,"КАК ВЕРНУТЬ СРЕДСТВА ЗА ЗАКАЗ, который сделала еще вчера, 7 мая!!! Сейчас 8 мая, 02:20. Более 2,5 часов заказ не могут приготовить и доставить. Нахрена мне пицца в 3 часу ночи!!!!! Все обещанные сроки по доставке давно просрочены, в чате техподдержки только робот, к телефону пиццерии никто не подходит, достучаться и узнать, привезут ли нам вообще в ближайшее время что либо, или уже спать ложиться. КАК ПОЛУЧИТЬ ВОЗВРАТ СРЕДСТВ за заказ, который я жду уже ПОЧТИ ТРИ ЧАСА? Сервис отвратительный! Номер заказа Moscow-31-52451962-iP"
118015,118024,352662,1746661575,"ПОШЕЛ 4-ый час ожидания заказа!!!!! Вы издеваетесь? Это ночью, когда дороги пустые и аврала нету! ВЕРНИТЕ ДЕНЬГИ за заказ!!! Не можете работать адекватно - не берите деньги за заказы! ОТВРАТИТЕЛЬНЫЙ СЕРВИС!!!! Номер заказа Moscow-31-52451962-iP"
118015,118027,364153596,1746713862,"Она реально вкусная, гуакамоле ☺ заказывала на хабарова  самовывозом. 👍"
118015,118031,966251,1746731648,"Уже во второй праздник ваш ресторан нас подводит! Когда оформляю заказ и на этапе оплаты мне приходит сообщение - данный ресторан ещё не открылся, пожалуйста следите за новостями в разделе контакты. Я звонил в ресторан, они работают, но не могут принять заказ по телефону. Предлагают приехать самому и забрать. Тогда скажите мне пожалуйста, зачем тогда вообще такой сервис, если он не работает должным образом!?"
118010,118012,12981673,1746440593,
118004,118006,184898829,1746278906,Этот кусок приезжайте и забирайте
117982,117983,984317,1746132543,"Заказ оформлен в 20:00 сегодня. В 22:00 не доставлен. После звонка в пиццерию указали на загруженность курьера. В 23:00 заказ отменен пиццерией в одностороннем порядке.

Крайне не рекомендую заказывать что-либо у данных не квалифицированных мигрантов без головы и чего-либо наподобие мозга.

Отзыв относится к пиццери на Войковской."
117982,118001,17506881,1746184874,Где акция пицца по 200₽ 😬
117982,118028,122884969,1746715107,"При попытке заказать пиццу Цыплёнок рэнч пишет, что промокод более недействителен. Как это понимать?"
117981,117990,984317,1746132918,"Заказ оформлен в 20:00 сегодня. В 22:00 не доставлен. После звонка в пиццерию указали на загруженность курьера. В 23:00 заказ отменен пиццерией в одностороннем порядке.

Крайне не рекомендую заказывать что-либо у данных не квалифицированных мигрантов без головы и чего-либо наподобие мозга.

Отзыв относится к пиццери на Войковской."
117979,117980,16897771,1745923223,"Да да, заказали в офис 7 пицц, супер)"
117979,117984,984317,1746132553,"Заказ оформлен в 20:00 сегодня. В 22:00 не доставлен. После звонка в пиццерию указали на загруженность курьера. В 23:00 заказ отменен пиццерией в одностороннем порядке.

Крайне не рекомендую заказывать что-либо у данных не квалифицированных мигрантов без головы и чего-либо наподобие мозга.

Отзыв относится к пиццери на Войковской."
117974,117977,145711768,1745778156,"Заказала пиццу уже третий час пошел. Телефон пиццерии недоступен)) еще и доставка платная. 
Вот это я понимаю, диета ))) может это знак 🫣
Заказ номер moscow-75-52319551-iP"
117974,117985,984317,1746132561,"Заказ оформлен в 20:00 сегодня. В 22:00 не доставлен. После звонка в пиццерию указали на загруженность курьера. В 23:00 заказ отменен пиццерией в одностороннем порядке.

Крайне не рекомендую заказывать что-либо у данных не квалифицированных мигрантов без головы и чего-либо наподобие мозга.

Отзыв относится к пиццери на Войковской."
117973,117986,984317,1746132575,"Заказ оформлен в 20:00 сегодня. В 22:00 не доставлен. После звонка в пиццерию указали на загруженность курьера. В 23:00 заказ отменен пиццерией в одностороннем порядке.

Крайне не рекомендую заказывать что-либо у данных не квалифицированных мигрантов без головы и чего-либо наподобие мозга.

Отзыв относится к пиццери на Войковской."
117972,117987,984317,1746132582,"Заказ оформлен в 20:00 сегодня. В 22:00 не доставлен. После звонка в пиццерию указали на загруженность курьера. В 23:00 заказ отменен пиццерией в одностороннем порядке.

Крайне не рекомендую заказывать что-либо у данных не квалифицированных мигрантов без головы и чего-либо наподобие мозга.

Отзыв относится к пиццери на Войковской."
117967,117988,0,1746132589,
117966,117989,984317,1746132596,"Заказ оформлен в 20:00 сегодня. В 22:00 не доставлен. После звонка в пиццерию указали на загруженность курьера. В 23:00 заказ отменен пиццерией в одностороннем порядке.

Крайне не рекомендую заказывать что-либо у данных не квалифицированных мигрантов без головы и чего-либо наподобие мозга.

Отзыв относится к пиццери на Войковской."
117926,117927,11303963,1744629409,Вкусная пицца. Спасибо за промокод
117926,117930,58918687,1744663121,
117912,118022,352662,1746659861,"Заказ сделала еще вчера, 7 мая. Ждем заказ уже более 2,5 часов!!!! Все обещанные сроки по доставке давно просрочены, в чате техподдержки только робот, к телефону пиццерии никто не подходит, достучаться и узнать, привезут ли нам вообще в ближайшее время что либо, или уже спать ложиться. Я ТРЕБУЮ ВОЗВРАТА СРЕДСТВ ЗА ЗАКАЗ, который вы уже третий час пытаетесь приготовить!!!!! Сервис отвратительный! Номер заказа Moscow-31-52451962-iP"
117912,118048,1519387,1747293938,Кайф
117906,117907,1866174,1744394232,"У вас в конце февраля был розыгрыш, посвящённый премьере фильма ""Один хороший день"". Подскажите, где можно посмотреть результаты? Я почему-то не смог найти"
117906,117944,11303963,1744715710,Поздравляю🎉🎉🎉
117899,117931,58918687,1744663138,
117899,117945,11303963,1744715751,Супер сет!
117879,117881,14226663,1744212000,"Вспоминаются слова известной песни: ""....killing me softly with ..."" all these cheese 🍕🍕🍕"
117861,117865,112137452,1744127598,Пробовала не выходит максимум 770
117861,117875,9441329,1744142410,Не стоят 900 баллов таких усилий 😅
117861,117903,0,1744379232,
117856,117857,364153596,1744032748,Прикольно😊
117856,117866,112137452,1744127619,Круто!!! Здорово когда в мультиках есть
117823,117825,6021038,1743964104,"Заказали пиццу в 18:40 в филиале Кржижановского 22 на адрес в 7 минутах от ресторана. 21:30 - пиццу до сих пор не привезли, в чате и на телефон никто не отвечает. По отзывам видим, что это далеко не первый случай мошенничества. Буду взыскивать стоимость и компенсацию, а также сделаю максимальную анти-рекламу и больше никогда не обращусь в ресторан. Вы нас оставили без еды и возможности заказать нормальную пиццу. Позор!"
117823,117826,49367902,1743964141,"Александр Красавец, Поздравляю, Ещё Раз Отметился в Истории Хоккея и Успешно и Уверенно Шёл К Рекорду!) 
Поздравляю!)"
117823,117827,457191615,1743964792,Что он сделал? Поработал на американский бюджет из которого оплачивают боеприпасы и технику убивающую наших ребят на СВО
117823,117828,67825895,1743965016,"Это не финал! Александр может больше! Даешь 900 шайб? А может 1000? Спасибо за рекорд.
P.S. А когда Александр сделает 895 пицц в замечательной сети Папа Джонс?
У. Вас, мне нравится острые перчики к пицце, классная идея)."
117823,117829,126635168,1743968172,"Саша, ты не просто хоккеист, ты — наше вдохновение! Ты доказал, что мечты сбываются, если в них верить и упорно работать. Каждый твой гол — это не просто шайба в ворота, это символ нашей веры в победу!"
117823,117830,126635168,1743968279,"Саша, поздравляю с величайшим достижением! Ты как хороший борщ — с каждым годом только лучше! А теперь, когда ты стал легендой, мы ждем тебя на льду в костюме супергероя. Пусть шайбы летят, как фанаты на твои автографы!"
117823,117831,126635168,1743968313,"Поздравляем, Александр! Ты покорил хоккейный мир, как никто другой! Теперь ты не просто звезда, а целая галактика! Желаем, чтобы твои достижения сияли ярче всех звёзд, а шайбы летели в ворота с такой же скоростью, как твои шутки в раздевалке!"
117823,117832,2653982,1743970846,Русский медведь ! Так держать!
117823,117833,7946563,1743973340,Эпоха! Вашингтон точно не прогадал👍Свитер под своды
117823,117834,8153946,1743974926,"Александр Овечкин всему миру показал кто здесь Папа Джонс

Александр Овечкин считает перед сном не овечек, а пиццы 

По количеству шайб Александр Овечкин догнал Гретцки, но пока не догнал доставщика пиццы Папа Джонс

Александр Великий вы кумир миллионов, спасибо вам за такую величайшую карьеру, с рекордом вас 895🥅🏒🏆🏆🏆🏆🏆"
117823,117836,11409903,1743977778,"Уэйн побит, Готэм-сити остался без своего героя!"
117823,117839,155332255,1743998077,"Александр Михайлович настолько крут, что даже такая крутая команда, как СКА с ее великим и талантливым тренером не устояли перед родной командой Александра Овечкина, и выиграли с отрицательным счетом"
117823,117840,84393773,1744002963,"Александр Овечкин! 👍

Поздравляем тебя с величайшим достижением в истории NHL ! Ты не просто капитан, ты настоящий хоккейный маг, который с каждой игрой превращает лед в свою волшебную арену. Твои шайбы — это как кометы, которые оставляют след в сердцах фанатов и соперников!

Ты — наш хоккейный супергерой, который с легкостью обходит защитников, как будто они стоят на месте, а вратарей заставляет нервничать, как будто они забыли, как ловить шайбы. Твоя энергия и страсть на льду вдохновляют нас всех, и мы знаем, что ты можешь сделать всё, даже если это значит забросить шайбу с закрытыми глазами!

Ты не только великолепный игрок, но и настоящий лидер, который ведет команду к победам, как капитан корабля, который знает, как обойти все шторма. Мы гордимся тем, что ты представляешь нашу страну и хоккейный мир, и желаем тебе новых свершений, рекордов и, конечно же, много радости на льду!

Пусть каждый матч будет для тебя праздником, а каждый гол — поводом для новой улыбки! Мы верим в тебя и всегда будем рядом, поддерживая тебя в каждом твоем шаге. Спасибо за все яркие моменты и вдохновение, которые ты даришь нам!

С уважением и восхищением,

Твои преданные фанаты! 🏒🥅✨"
117823,117844,59611316,1744006180,"Время космических достижений не прошло!
Стремимся к новым целям вместе!
Ты - наша яркая звезда, 
Победы символ!
Всегда болеем за тебя,
Овечкин Саня❤️"
117823,117845,113459908,1744012548,Пусть папа Джонс накормит мама Джонс😁
117823,117846,10110544,1744014477,"Когда в Канаде плачут вратари,
А в Америке гадают: «Сколько их ещё залетит?»,
в России просто, гордо говорят:
«Наш Овечкин. Наш динамовец. Наш герой!»

Ты не просто побил рекорд — ты воткнул свою фамилию в ледяную историю НХЛ, как штык в вражеский окоп!
Ты доказал, что русский медведь не только на балалайке может — он и шайбу по-царски заколачивает!

В хоккей играют настоящие мужчины — но такие, как ты — один на страну.

Спасибо, что каждый гол — это как победа в битве.
Спасибо, что с «Динамо» в сердце, а с клюшкой — как с саблей, ты творишь историю!

Слава тебе, Саша, и да прибудет с тобой сила, лёд и раздосадованные вратари.

Россия гордится. «Динамо» аплодирует стоя. Мир завидует."
117823,117849,112137452,1744017236,"Поздравляю с очередной шайбой, пусть будет ещё же столько же красивых сногсшибательных полетов шайб от Вас, надеюсь на этом вы ни когда не прекратите и побьете не один рекорд а миллионы!!! Пусть ваши шайбы будут похожи на кучу вкусных пицц как в Папа Джонс которые ни когда мимо не пролетают а всегда попадают только в цель!!!🍕"
117823,117850,613463367,1744017404,"Поздравляем Александр! ""Никому не под силу побить рекорд Гретцки!"". Так говорил Овечкин 8 лет назад. Ови сам не верил, но своим трудом сделал невозможное!!! Желаем новых достижений! 🙂 Мы тебя любим!)"
117823,117851,258784360,1744018248,"Ловите стих-поздравление🔥

Он русский танк, он ураган,
Он капитан, он наша гордость.
В его глазах - победный план,
В руках - бросок, и шайба в горле!

Не слышит крики, шум трибун,
Лишь цель одна - порвать все сети.
И вот он снова, словно юн,
Летит вперёд, а время метит.

Считаем шайбы, словно звёзды,
Их восемьсот девяносто пять!
Он куёт историю хоккея просто,
Ему рекорды - не обуза, мать!

Овечкин бьётся, не щадя себя,
За честь страны, за радость нашу.
И пусть завидует ему Земля,
Таких героев не было и краше!

Он превзойдёт ещё Гретцки, верь,
Забьёт он тыщу, это точно!
И будет славить русский зверь,
Свою страну с любовью, мощно!❤️

Поздравляю и желаю побольше целых зубов😂🤗
Пусть каждая забитая шайба будет как вкусная пицца с папа джонс👍🏼"
117823,117852,602101577,1744019204,"Поздравляем Александра с рекордом всей страной! Наша легенда номер 8, знак бесконечности к которому стремится 895! И это точно не предел! Это новый виток истории русского хоккея! Ждём новых шайб, а пока заказываем любимую пиццу Александра ""Супер папа"" и оценим вместе вкус победы! 🏒🍕"
117823,117853,41227769,1744020253,"Быть 🏒 хоккеистом-это кайф!!!
Холодный лёд,щетки и драйф!!!
Под крики ""шайбу!"" горцевать...
В ворота чётко попадать!
895 русский гол!
Ты добился!Ты герой!
Овечкин-наш ты золотой!
Иди за шайбой,за мечтой!!!🤩"
117823,117854,12315105,1744020370,Думаю сможешь до 1000 ! Дойти до конца года))
117823,117858,84393773,1744035002,"Поздравляю Вас с выдающимся рекордом. Вы обошли легендарных мастеров по количеству шайб, забитых в матчах регулярных чемпионатов Национальной хоккейной лиги.

В Вашей насыщенной спортивной карьере – победы на мировых и национальных турнирах, множество других ярких, уникальных свершений, которые вошли в летопись отечественной школы хоккея. Без сомнения, и нынешнее достижение стало не только Вашим личным успехом, но и настоящим праздником для болельщиков в России и за её пределами.

Ещё раз поздравляю с этим знаменательным событием. Желаю здоровья, удачи, боевого настроя на покорение новых вершин в жизни и спорте."
117823,117859,613463367,1744080313,"Овечкин - 895

Стремителен, как поезд встречный.
Но шайба не сойдёт с крюка.
Всё может Александр Овечкин.
Надёжней нету игрока.

Бесстрашен, пылок и неистов,
Всегда идёт он до конца.
Среди неслабых хоккеистов
Овечкин точно не овца!

Вот улыбнётся он по-детски -
И разыграет большинство.
И вечные рекорды Гретцки
Падут под натиском его."
117823,117860,70681550,1744095037,"Раскололи, словно грецкий, все рекорды Гретцки!🔥✌😎"
117823,117862,471165735,1744112835,Александр Овечкин - Легенда номер 8🏆
117823,117863,51528786,1744114105,"Да, лига, чемпион! Круто! Молодец! Похвально!
Поздравляю!!! Рад за него и его достижения, как за спортсмена!!! 
А точно для нашего капитана? За какую страну он играет? За чью команду? Какое гражданство у него? Сам знаю, но не понимаю людей, почему его нашим называют? Россия 🇷🇺 не его Родина теперь!"
117823,117869,839125934,1744128800,Вперёд наш Капитан!!! Пусть каждая шайба будет такая же большая вкусная и красивая как пицца в Папа Джонс. Она не когда не пролетит мимо всегда только в сердце ❤️ и так же ваши голы и шайбы пусть попадают не только в ворота но и в сердца Ваших фанатов! Поздравляю от всего сердца и желаю дальнейших красивых и мощных побед и рекордов и ярких побед!
117823,117870,473089676,1744141232,"Желаю тебе я побед несомненно,
Чтоб всюду был первым всегда непременно,
Терпенья, упорства, азарта и сил,
Чтоб был всегда в форме, здоров и красив,
Успешным будь в жизни, не только лишь в спорте,
Живи вдохновенно, с душою в комфорте,
Желаю тебе пьедестал покорять
И первое место всегда занимать!"
117823,117871,473089676,1744141295,"Я желаю чтоб настрой,
Был всегда твой боевой,
На победу и удачу,
Много сил еще впридачу.

Соревнуйся, побеждай.
И усталости не знай.
К цели выбранной иди.
И не печалься, не грусти.

Верь в себя и все ты сможешь,
Все награды приумножишь!
В спорте нет тебе сравнения,
Поздравляю с достижением!"
117823,117872,473089676,1744141324,"Я желаю, чтобы первым
Был во всем ты и всегда,
Чтоб стальными были нервы,
Чтоб не старили года,
Чтоб хворобы не напали,
Чтоб тернистым не был путь,
Золотые чтоб медали
Украшали твою грудь.
Пусть походка будет твердой,
В норме — всех веществ обмен.
Сногсшибательных рекордов!
С достижением, спорсмен!"
117823,117873,473089676,1744141401,"Пускай на все вам хватит сил,
Удастся тренировка,
И никогда не подведет
Спортивная сноровка.
Что пожелать могу еще
Отличному спортсмену?
Себя, как надо, проявить
И подготовить смену,
Добиться славы мировой,
Взлететь на пьедесталы
И прочно навсегда войти
В спортивные анналы!"
117823,117874,473089676,1744141422,"Сил Александр тебе отменных,
Удачи, непременно,
Побед всегда мгновенных,
А счастья — ежедневно!

Всех целей добиваться!
Родные пусть гордятся,
Соперники боятся,
Успехи в руки мчатся!"
117823,117876,15341771,1744154306,"Русский парень, который смог покорить рекорд, считавшийся ""вечным""! Игрок, который все 20 лет(!) показывал высший класс, при этом находясь среди лучших игроков, собранных со всей планеты! Здорово, что мы стали свидетелями этого мирового события в спорте!
Ови олицетворяет собой Русский дух - силу, упорство и стремление идти к своей цели не смотря ни на какие преграды! Ови - гордость нашей страны! Наш капитан #8! Наш Александр Великий!
🇷🇺"
117823,117880,115188413,1744201098,"Говорят, если долго смотреть на Овечкина на льду, можно увидеть, как шайба сама залетает в ворота. Это магия, не иначе! 
Продолжайте колдовать, капитан! 🏒"
117823,117882,374893918,1744220198,Переименовать пиццерию в папа Саша
117823,117883,24625960,1744231795,"На льду кипела страсть и бой,
Ревел трибун ликующий прибой.
Овечкин шайбу в сетку запустил,
И Гретцки он рекорд затмил.

Голы летели, словно птицы ввысь,
История творилась, Уэйн, держись!
Упорство, сила, мастерство,
Великий миг, триумфа торжество.

Он шел к вершине год за годом,
Превозмогая боль, под зоркий взгляд народа.
И вот настал желанный час,
Рекорд тот пал, сият глаз.

Запомнит мир его бросок,
Его победный тот щелчок.
Овечкин – имя на века,
В хоккее-русская рука!

Александр Михайлович, поздравляю с историческим событием!"
117823,117885,50747927,1744264453,"Ура ура ура ура товарищи 
Мир май скоро"
117823,117886,103528595,1744274561,"Ура!!!🎊🎉🏒 Гордится Наша Матушка Страна!!!🇷🇺 Да и Вся Планета Земля!!!🌏🌍🌎 Ты Самый Крутой, Ты Наш Герой!!! Ты как Гагарин, но только на льду!!!) Хоккей — игра для самых смелых, Для тех, кто не боится льда, Кто шайбу лихо забивает, Под крик болельщиков ура!!! Такой вид спорта  под силу только настоящим, смелым, характерным мужчинам, пусть удача всегда будет на Вашей стороне и никогда не подводит!!! Трус не играет в хоккей!!!🏒  Здоровья крепкого Вам Самое Главное! 💪"
117823,117887,87268360,1744275812,"Саня Ови,гордость страны!🇷🇺
В NHL🏆 наш Слон🐘 лучший как не крути🥇! 
Побит вечный рекорд Грецки как Грецкий Орех🎉🎉🎉!
Саня, от души гордимся,  желаем новых побед! 🎊🎉!
Номер 8 на форме ещё 800 шайб ты оформи🏒! 
Бесконечность не Предел💫
Саня спасибо , что Весь Мир🌍 новый рекорд узрел ! 
УРААААА 💥☄💫👍👑🏒🏒🏒"
117823,117889,9622367,1744305472,"То, что сегодня кажется невозможным, завтра - становится неоспоримой реальностью! 
Александр, своим достижением вы заставили поверить в себя многих мальчишек и девчонок!
От всей души поздравляю вас и желаю новых побед!"
117823,117890,157764122,1744312098,Как говорил Сашка!!Пьем пиво-бьем рекорды!!!!👍😎😎😎
117823,117891,3119786,1744317751,"Хоккеем не интересуюсь, но даже я в восторге!!!
Дальше - больше 🏒"
117823,117892,728419682,1744319420,"Александр, с победой! Ты легенда, ты пример, ты герой🏆 Спасибо за твой труд и любовь к своему делу. Это мотивирует людей. 
Новых высот, достижений и всего самого наилучшего и доброго! 😊"
117823,117893,693704624,1744357809,Гордость прям 👍👍👍молодчиная
117823,117894,693704624,1744357856,"Наш Овечкин лучше всех, ждёт его всегда успех😅👍😍❤"
117823,117895,693704624,1744357894,Бомба-пушка-петарда😻😁😘👍😅❤
117823,117896,693704624,1744358007,"Поздравляю, обожаю, в жизни радости желаю! Не болеть и не стареть, в этой жизни всё суметь!"
117823,117897,693704624,1744358119,"Только по настоящему сильный и человек мог достичь такого успеха!сил и крепкого здоровья! Счастья в личной жизни и всех благ хочется пожелать, не мальчику -МУЖЧИНЕ!!!!"
117823,117898,693704624,1744358198,"Просто огнище!!!👍 желаю и дальше ""гореть"" своим делом, сердцем и душой! Всех благ❤"
117823,117905,693704624,1744389290,"Наш красавчик, молодчина, русский парень, красная машина👍👍👍👍👍"
117823,117909,2652470,1744395196,"Саша, ты красавчик!👍"
117823,117910,4789325,1744438038,"Саня - не goat, Саня - ОвечKING 👑"
117823,117911,72521133,1744443004,"Дорогой Александр! Поздравляем тебя с великим достижением-ты официально побил рекорд Уэйна Гретцки! Ты не просто побил рекорд- ты переписал историю хоккея. Пусть твоя клюшка всегда находит ворота, а рекорды продолжают падать перед твоими ударами. Спасибо за вдохновение и радость, которую ты приносишь миллионам болельщиков! Мы гордимся тобой и желаем тебе ещё больше побед, чтобы даже Гретцки начал тренироваться снова)"
117823,117913,693704624,1744466058,"Сашка парень хоть куда! Смелый, быстрый, ловкий!Будь же ты таким всегда! Русский парень в заголовках!"
117823,117914,626305248,1744503224,"Ребят, хотела писать поздравление Александру, а тут случайно нашла секретный файл, где были написаны оригинальные тексты главных российских хитов. И оказалось, что все эти песни изначально были об Александре и его рекордной шайбе 🤫 Прикладываю отрывки для ознакомления и от души поздравляю 🎉"
117823,117918,476553863,1744530844,"Здарова ребятки! Ну чё, поедим пиццки? Что у нас здесь сегодня, смотрим.. СТАРИНА ПЕЙПА, СТАРИНА ДЖОНС, Посмотрим, я, кстати, ни разу не ел! Ща посмотрим.. Как она открывается, я не знаю.. ЩА РАЗДЕРЁМ ЭТУ ГЛЫБУ (Т Т Т Т ЧПОК) КЫХХХ, ЕЛЕ-ЕЛЕ ОТКРЫЛ! ХА-ХА-ХА! Ща попробуем.. Берите вместе со мной, ребятки, ПИЦЦКУ КУСОЧЕК! ЛААДНО, ПОЙДЁЁТ!"
117823,117919,299789464,1744534223,"АЛЕКСАНДР! НАШ ГЕРОЙ!🕺💪

Ты всю семью в одно мгновенье 
Заставил прыгать и орать🕺💃💪💪💪
Большая гордость, восхищенье  и хочется УРА кричать 🎉🎉🎉
Пускай коньки скользят, летая,
Пусть клюшка преданность хранит,
Пусть шайба от тебя крутая
В ворота прямиком летит🏒💪🕺🎉🎉🎉"
117823,117922,772874639,1744552398,"Эх овечка - прям как печка, отимел американцев словно драных ушлепанцев"
117823,117923,807961311,1744583673,"Поздравляем, однозначно
С Богом!"
117823,117924,578300167,1744611736,Поздравляю - Александр!💚😊✌
117823,117925,4812920,1744619247,"Овечкин - легенда, а легенды не стареют! ✌"
117823,117928,58918687,1744662747,"Саня, только вперёд к 1000 шайбе!!! Болеем всей семьёй! Вы лучший!!! 🫶✌✌"
117823,117929,58918687,1744663095,"Мир сегодня громко отмечает
День хоккея, потому и я
Тороплюсь, спешу и поздравляю
С этим торжеством тебя.

Пусть ледовые прекрасные сраженья
Будут ярки, зрелищны всегда.
Спорт такой достоин уваженья,
Так чтоб пусть он не исчезнет никогда."
117823,117934,743485535,1744681010,
117823,117935,0,1744691663,
117823,117939,78479308,1744695318,"Что можно пожелать игроку, который ""прошёл хоккей""?
Попасть в зал хоккейной славы!
И в золотой клуб хоккея!!
Должно быть всё по максимуму, осталось Олимпиаду выиграть!"
117823,117940,529685955,1744702492,ЛУТШИЙ..
117823,117941,529685955,1744702514,
117823,117942,496910969,1744702560,
117823,117943,50345478,1744714150,"Выкладывается на поле на все сто,
Ведёт к победе он свою команду,
Овечкин Александр - путь был непростой,
Прошел его Ты смело как торпеда.
Ты - наша гордость, супер капитан,
Играй, по льду порхай и побеждай!
Овечкин - ты красава, молодчик."
117823,117946,817504391,1744727454,Пофиг мне на не понятно кого я даже его не знаю
117823,117947,521643832,1744727889,"В спорте гений, оптимист,
С днем рожденья, хоккеист!
Пожелать хочу тебе я,
Кайф ловил чтоб от хоккея!

На коньках легко гоняй,
Гол ты четко забивай!
Счастья в жизни и везенья,
Твердых, взвешенных решений!

Будь здоров и не болей,
От души играй в хоккей.
Не иди ты на уступки —
Завоевывай все кубки!

Шайбу бережно храни,
Клюшкой бей, твори, люби!
Настоящий ты мужчина —
Славы и побед причина!😁🎂🥂🎊🎉🎁🎈"
117823,117948,866354268,1744731127,"Александр! В  соревнованиях одержана победа. Иначе быть, конечно,не могло! Желаю поражений не изведать. И чтоб всегда по-крупному  везло! 
Чтоб не нашлось тебе вовеки равных. Успех твой каждый шаг сопровождал. И прогремело твоё имя славно. Чтоб каждый подражать тебе мечтал! 

Александр, вы молодец! Дальнейших успехов и достижений!"
117823,117949,890360706,1744732212,"Александр, от твоей зрелищной победы. 
Сейчас, поверь, в восторге все. 
Так пусть успех идет по следу. По твоей белой полосе! 
От кубков, грамот и медалей свободных мест не станет пусть. Чтобы соперники все знали про твой победный в спорте путь! 

Поздравляю! Следующих побед и свершений!"
117823,117950,86641742,1744735781,"Хлесткий удар 
Или меткий бросок. 
Александр Овечкин, только вперед! 
 
Критцки отстал, 
а других рядом нет. 
Александр Овечкин, ты лучше всех! 
 
Думать не надо, 
Играй как всегда! 
Александр Овечкин, тысяча близка! 
 
Александр Михайлович, новых достижений, новых побед! Надеюсь, в будущем Вы передадите свой опыт детям, и Ваша звезда будет светиться в них! Будьте здоровы и счастливы!"
117823,117951,3849876,1744742571,"""Александр"" с древнегреческого означает ""Защитник"".
""Овечкин"" теперь означает ""нападающий, легенда"". 
 Поздравляем!"
117823,117952,1312011,1744744872,С победой Александра и пусть это будет только начало череды ещё более громких побед на радость нам!
117823,117953,818613092,1744750026,"Ну Овечкин, Ты даёшь!, Дорогой Наш! Поздравляем Вас Всей страной могучей нашей!!! Так держать! Пусть эти Америкосы знают наших! Наши не сдаются! В такое время не благоприятное для нашей страны, вы ещё раз напомнили всей планете Земля, что русские самые лучшие в   Мире ребята! Самое главное Вам Желаю Здоровья, гармонии и любви в семье, по больше детишек!!! А остальное всё купите)) Будьте самим собой и любите всегда свою родину!!! Она за вас и В Вашем Сердце Всегда!!! Ещё раз Ура, ура, ура!) 🎉🎊💥🌟✨⚡⭐💫"
117823,117954,145013239,1744767739,Поздравляю Александра с выдающимся рекордом!Это величайшее достижение в истории NHL! Мечты сбываются! Желаю ему покорения новых вершин!
117823,117955,297672444,1744773345,"Поздравляю Александра Овечкина с этим рекордом,этим великим достижением! Он прославил Россию. Вся страна им гордится и поздравляет! А путеводной звездой к рекорду стал его прекрасный папа,свой рекорд он посвятил ему,в честь него и в его память. А его тыл обеспечила его семья- мама,жена и два сына! 
Желаю покорения новых спортивных вершин и большого личного,семейного счастья!"
117823,117956,299412931,1744777794,"Александра поздравляю с рекордом! Желаю новых больших успехов! Он уверенно и непоколебимо шёл к нему! А моральную помощь  и поддержку ему в этом оказывала вся его семья и все российские болельщики хоккея! Спасибо родителям за такого сына-человека и патриота своей Родины! Свой рекорд Александр посвятил своему папе,который  совсем немного не дожил до него! Слава Овечкину! Слава хоккею России!"
117823,117957,189214336,1744781395,
117823,117958,629730466,1744788278,Только в перед. Новых побед и только в перед
117823,117959,208298356,1744788704,Я его скачал фото
117823,117961,759044397,1744795887,"Саня !!! В первую очередь хотелось бы сказать огромное спасибо твоим родителям...!!! Они могут тобой гордиться.. что родили на свет такого человека чьё имя ассоциирует - само понятие - хоккей!! И конечно огромное спасибо тебе!!! За то что даришь нам очень редкие и искренние имоции ,такие как - возможность гордиться и знать ...что ... Соотечественники!!! Ну и конечно хочу пожелать, чтобы твои коньки,  также как всегда разрезали лёд в искры!!! А шайба разрывала сетку ворот!!!"
117823,117962,793328358,1744815184,"Наш король и наш кумир
Лучше и не скажешь!
Удивляешь ты весь мир
Под праздник Первомая!!!"
117823,117963,818613092,1744825418,"Стих сама только что сочинила на ходу )) - Капитан Ты Наш Овечкин! Без четвёрки 900! Ты Герой по шайбам вечный, Хоть беззубый, но всё-ж свой! Левый крайний - и с рекламы улыбаешься Ты вновь! Пусть Россия удивляет и рожает таких вновь!!!"
117823,117964,100516944,1744836091,"Наш Овечкин Саша- лучше  всех!
Шайба 895 пробы равен золоту успех  
Гретцки победить не всякий смог
Это  талант, работа, многолетний труд
Гордимся тобой, ты всегда будь  здоров!
Мировой рекорд  поставлен
Значит есть еще куда стремиться.
Ты молодец, достойный в хоккее конкурент
Мы верим в тебя , продолжай играть  много лет!"
117823,117965,103528595,1744878459,А где результаты?! Где Саня?! 🤗🤗🤗🤗🤗🎊🎉💥✨
117823,117968,-10095732,1744986674,"Поздравляем победителей розыгрыша!🤩

1 место — Ольга Дзагани
2 место — Анна Филобок
3 место — Щербаков Мирослав

В ближайшее время со всеми свяжемся и расскажем, как получить призы🎉

Всем спасибо за участие!"
117823,117969,7365536,1745239849,Обратная связь и отношение к клиентам в папа джонс дно! Как и сама компания. Перехожу на Додо!
117813,117815,53209409,1743868511,был бы наш играл бы за наших.
117813,117816,131814003,1743877995,"Сделали заказ - привезли другую пиццу, на телефон не отвечают, в приложении тоже. Бегите. Ужасно испортилась."
117813,117817,18634778,1743935817,Супер
117813,117820,509076114,1743961277,"Заказала полтора часа назад, трубки никто брать не собирается! Просто не забирать вашу пиццу когда курьер привезёт и все , как Вы так и мы"
117813,117821,509076114,1743961332,"Чат не отвечает , трубки не берут !
Если курьер приедет , то уедет обратно с вашей пиццей, вы не отвечаете , и я тоже отвечать на домофон не буду !!!"
117813,117848,112137452,1744017194,👍👍👍👍👍👍👍
117813,117932,58918687,1744663159,
117812,117847,112137452,1744017186,Круть
117812,117933,58918687,1744663166,
117805,117806,1211506,1743446331,"Верните деньги за не привезенный заказ! В чате никто не отвечает, по тел в ресторане такие вопросы у вас не решают."
117783,117784,218388481,1743222642,"Ужасный сервис у папы Джонс. Ко мне собирались сегодня прийти гости, я в честь этого сделал заказ. На филиале - Молокова 40(Красноярск), время ожидания составляло 50 минут. К этому времени мне из приложения пришло уведомление о том, что заказ отменён. Даже никто не удосужился ПОЗВОНИТЬ и ПРЕДУПРЕДИТЬ, свинское отношение к потребителю. Никому не рекомендую данную пиццерию. Слава богу, что в нашем городе есть другие…"
117783,117867,112137452,1744127655,Теперь будем знать!👍
117780,117781,9441329,1743063642,Самое вкусное оставил 😅
117776,117785,218388481,1743222651,"Ужасный сервис у папы Джонс. Ко мне собирались сегодня прийти гости, я в честь этого сделал заказ. На филиале - Молокова 40(Красноярск), время ожидания составляло 50 минут. К этому времени мне из приложения пришло уведомление о том, что заказ отменён. Даже никто не удосужился ПОЗВОНИТЬ и ПРЕДУПРЕДИТЬ, свинское отношение к потребителю. Никому не рекомендую данную пиццерию. Слава богу, что в нашем городе есть другие…"
117766,117769,97221068,1742635110,"8 марта обещали вернуть деньги за недоставленную часть заказа в течение нескольких дней, до сих пор не вернули. В личных сообщениях не отвечают."
117764,117786,218388481,1743222660,"Ужасный сервис у папы Джонс. Ко мне собирались сегодня прийти гости, я в честь этого сделал заказ. На филиале - Молокова 40(Красноярск), время ожидания составляло 50 минут. К этому времени мне из приложения пришло уведомление о том, что заказ отменён. Даже никто не удосужился ПОЗВОНИТЬ и ПРЕДУПРЕДИТЬ, свинское отношение к потребителю. Никому не рекомендую данную пиццерию. Слава богу, что в нашем городе есть другие…"
117753,117754,2653982,1742030157,если бы у вас еще приложение работало
117753,117755,24328745,1742031767,А в додо холодная пицца не вкусная
117753,117759,11483834,1742041298,когда вернуться деньги после отмены заказа? и промокод еще раз получится применить после отмены?
117752,117772,180992314,1742660490,"Указывайте пожалуйста сразу, что в подарок идет не изделие на картинке, а обычная бижутерия за 100 рублей с маркетплейса. Мне вообще сережки предлагали сегодня. 

Стыдно, что ювелирный магазин делает акцию с предложением некачественных товаров."
117752,117787,218388481,1743222675,"Ужасный сервис у папы Джонс. Ко мне собирались сегодня прийти гости, я в честь этого сделал заказ. На филиале - Молокова 40(Красноярск), время ожидания составляло 50 минут. К этому времени мне из приложения пришло уведомление о том, что заказ отменён. Даже никто не удосужился ПОЗВОНИТЬ и ПРЕДУПРЕДИТЬ, свинское отношение к потребителю. Никому не рекомендую данную пиццерию. Слава богу, что в нашем городе есть другие…"
117746,117747,354901707,1741867589,Неужели пепперони прям как на видео?
117746,117750,69052665,1741893444,"Жаль что испортились, заказал год назад пицца и закуски не вкусные+ тесто было сырое, в шоке был, раньше на много лучше было"
117735,117736,6482596,1741420434,
117735,117741,280836411,1741458091,Ожидаемое время доставки было указано 20-08ч.
117735,117788,218388481,1743222685,"Ужасный сервис у папы Джонс. Ко мне собирались сегодня прийти гости, я в честь этого сделал заказ. На филиале - Молокова 40(Красноярск), время ожидания составляло 50 минут. К этому времени мне из приложения пришло уведомление о том, что заказ отменён. Даже никто не удосужился ПОЗВОНИТЬ и ПРЕДУПРЕДИТЬ, свинское отношение к потребителю. Никому не рекомендую данную пиццерию. Слава богу, что в нашем городе есть другие…"
117726,117727,54343443,1741253324,"Отвратительный сервис. Ни один телефон не отвечает, в чате обратной связи нет. Заказ опаздывает уже более, чем на час и не понятно, вообще привезут ли его. Праздник испорчен"
117726,117731,699379600,1741352583,У вас очень высокий уровень клиентоориентированности. Одна переписка чего стоит
117726,117734,97221068,1741378283,"Курьер не привёз часть заказа, телефон ресторана не отвечает, в чате тишина. Как связаться с поддержкой?"
117726,117737,250114202,1741449580,"Как связаться с рестораном? Ничего непонятно с доставкой, где она едет, когда приедет в итоге"
117710,117711,1031247065,1740826682,"Добрый день! Когда будут подарки за выйгрыш в день отца 2024? Уже март 2025? Почему такое отношение к победителям акции??? Маленький ребёнок верил и участвовал в акции....теперь растроен..... просто скажите, что не будет подарков..и не надо принимать участие просто! Работы приняли наши и ещё разместили на сайте для чего если победителей не наградили? Негоже так относится семьям участников и к настоящим мужщинам которые на передовой и принимаю участие в СВО"
117710,117713,1031247065,1740841813,"Сама такая, себе и купи!!!, это принципиально с ребёнком старались сами! Будут дети поймёшь..."
117710,117789,218388481,1743222693,"Ужасный сервис у папы Джонс. Ко мне собирались сегодня прийти гости, я в честь этого сделал заказ. На филиале - Молокова 40(Красноярск), время ожидания составляло 50 минут. К этому времени мне из приложения пришло уведомление о том, что заказ отменён. Даже никто не удосужился ПОЗВОНИТЬ и ПРЕДУПРЕДИТЬ, свинское отношение к потребителю. Никому не рекомендую данную пиццерию. Слава богу, что в нашем городе есть другие…"
117707,117708,4720708,1740749154,Что с ней?
117707,117790,218388481,1743222700,"Ужасный сервис у папы Джонс. Ко мне собирались сегодня прийти гости, я в честь этого сделал заказ. На филиале - Молокова 40(Красноярск), время ожидания составляло 50 минут. К этому времени мне из приложения пришло уведомление о том, что заказ отменён. Даже никто не удосужился ПОЗВОНИТЬ и ПРЕДУПРЕДИТЬ, свинское отношение к потребителю. Никому не рекомендую данную пиццерию. Слава богу, что в нашем городе есть другие…"
117693,117694,9870344,1740488398,"А сегодня в Москве есть акция ""вторница"" (две пиццы по цене одной) ?"
117693,117698,36474690,1740558651,"Здравствуйте, что у вас с приложением и сайтом опять??? Не работает, при нажатии кнопки «оформить заказ» все зависает напрочь!"
117693,117702,641428,1740573713,Не могу оформить заказ ни на сайте ни в мобильном приложении
117663,117664,0,1740313307,
117663,117676,257331401,1740318556,moscow-52-51494537-iP заказ начинки почти нету верните деньги или замените заказ
117663,117791,218388481,1743222709,"Ужасный сервис у папы Джонс. Ко мне собирались сегодня прийти гости, я в честь этого сделал заказ. На филиале - Молокова 40(Красноярск), время ожидания составляло 50 минут. К этому времени мне из приложения пришло уведомление о том, что заказ отменён. Даже никто не удосужился ПОЗВОНИТЬ и ПРЕДУПРЕДИТЬ, свинское отношение к потребителю. Никому не рекомендую данную пиццерию. Слава богу, что в нашем городе есть другие…"
117650,117652,6119555,1740247821,Семейные ценности нашего времени...
117650,117653,24328745,1740301036,А любовь как с пиццей связана
117650,117655,103814726,1740304063,Ответьте мне
117650,117659,619251931,1740305992,любовь конечно любовь
117650,117660,619251931,1740306003,но обожаю гавайскую
117644,117647,163400104,1740169452,
117644,117648,229885013,1740215542,"Пицца барбекю недоделана, неполита соусом, порезана дико неравномерно, как будто первоклассник готовил"
117644,117649,229885013,1740215670,
117644,117661,619251931,1740306057,"хотим сегодня заказать, бонусы в праздник есть какие то"
117634,117662,619251931,1740306075,поздравляю
117634,117774,1866174,1742666846,*брелоков
117634,117792,218388481,1743222716,"Ужасный сервис у папы Джонс. Ко мне собирались сегодня прийти гости, я в честь этого сделал заказ. На филиале - Молокова 40(Красноярск), время ожидания составляло 50 минут. К этому времени мне из приложения пришло уведомление о том, что заказ отменён. Даже никто не удосужился ПОЗВОНИТЬ и ПРЕДУПРЕДИТЬ, свинское отношение к потребителю. Никому не рекомендую данную пиццерию. Слава богу, что в нашем городе есть другие…"
117626,117627,0,1739910837,
117626,117628,85071097,1739949060,"Все тоже самое, заказал пиццу вечером, в пицце нашли осколок пластмассы, поддержка не работает, обратная связь не работает. Сейчас еще в яндексе напишу"
117626,117642,30090458,1740126432,"И мне, пжл., дайте комментарий, что это добавлено в картошку. Заказ 21.02 в 15.10 Алексеева, 11"
117626,117643,0,1740138203,
117616,117617,318066351,1739711764,"Папа джонс обманывает клиентов!! Ночью заказал еду, и заказ завершился сам. Я писал в поддержку, в поддержка не работает, сообщения не отправляются😂
Дальше сам нашел номер ресторана и позвонил, меня попросили оплатить заказ по номеру телефона, я оплатил и они пропали на час. Через час приезжает курьер, не говорящий по русски и требует оплату еще раз. Это абсолютный беспредел! Помимо того факта, что вы нарушаете правила доставки что в аферте , что в правах покупателя, завершая заказ до передачи клиенту и до получения средств. Естественно второй раз оплачивать я ничего не стал и курьер кинул коробкой мне в дверь, но потом решил забрать и её, в итоге с 2:30 до 5 утра ждал заказ, потом с 5 до 5:30 мыл дверь и всё это за 1350р , благодаря папа джонс!!) Пиццерия превратилась из прекрасного, семейного места в очередную сетевую помойку, очень жаль."
117616,117623,90153678,1739808624,"Мне вообще заказ не привезли,пишут доставлено а куда непонятно🤣Хочется хотя бы денег обратно"
117616,117625,310868788,1739828477,"У меня списали деньги за один заказ два раза, звонил в пиццерию, там сказали, что отменят вторую лишнюю транкзацию. Прошло больше суток, никаких мне денег не вернули за заказ."
117616,117793,218388481,1743222724,"Ужасный сервис у папы Джонс. Ко мне собирались сегодня прийти гости, я в честь этого сделал заказ. На филиале - Молокова 40(Красноярск), время ожидания составляло 50 минут. К этому времени мне из приложения пришло уведомление о том, что заказ отменён. Даже никто не удосужился ПОЗВОНИТЬ и ПРЕДУПРЕДИТЬ, свинское отношение к потребителю. Никому не рекомендую данную пиццерию. Слава богу, что в нашем городе есть другие…"
117608,117614,161860447,1739638016,"Что с заказами в выходные? 
В очередной раз жду заказ 2,5 часа 
В очередной раз номер ресторана не доступен 
Поддержка в приложении игнорит"
117563,117565,716149853,1739530112,что у вас с приложением и сайтом? ничего не работает☺️
117563,117574,129353478,1739557561,Почему ресторан не отвечает на звонки?
117563,117577,140524574,1739561136,"Заказали пиццу, оплатили, обещали за 90 минут, прошло уже 2 часа, на телефоны не отвечают, пиццы нет((( отвратительное обслуживание."
117563,117589,79933250,1739595589,"moscow-82-51357164-iP что с заказом?Вы одну пиццу готовите столько времени? Заказала в 21.00, заказ оплачен, сейчас утро другого дня, пиццы нет! На сайте она готовится, в чате никто не отвечает, к телефону никто не подходит , сейчас вообще выключен. Что за безобразное обслуживание?! Где пицца, деньги не забыли снять заранее ?!!!"
117556,117558,17506881,1739375642,Как же бюджетно стыдно 😞
117556,117578,140524574,1739561150,"Заказали пиццу, оплатили, обещали за 90 минут, прошло уже 2 часа, на телефоны не отвечают, пиццы нет((( отвратительное обслуживание."
117556,117590,1021122628,1739602210,"Ни пиццы ни денег, ни обратной связи."
117541,117542,46944794,1739293965,🎉🎊
117541,117579,140524574,1739561157,"Заказали пиццу, оплатили, обещали за 90 минут, прошло уже 2 часа, на телефоны не отвечают, пиццы нет((( отвратительное обслуживание."
117504,117506,66439931,1739196786,В ограниченном списке городов или баннер сломанный? Некликабельный баннер или я что-то не понимаю
117504,117507,112137452,1739197225,❤ все работает
117504,117561,294773896,1739456207,"Здравствуйте, 300 бонусов всего один день были действительны? Куда они исчезли?"
117504,117580,140524574,1739561165,"Заказали пиццу, оплатили, обещали за 90 минут, прошло уже 2 часа, на телефоны не отвечают, пиццы нет((( отвратительное обслуживание."
117389,117475,75382426,1739028464,"Делал заказ недавно. Курьер приехал в другой город, вместо моего адреса. По русски вообще не говорит, операторы и горячая линия тоже полностью отсутствуют, с трудом дозвонился до ресторана. Там такая же Бибигюль, которая вообще не понимает по русски. Начала меня убеждать меня в том, что это я неправильно сделал заказ. Хотя у меня в приложении на карте указаны верные данные. Отменила заказ. Никаких извинений. Франшиза из лидирующих скатилась в х пойми что. Работают одни иностранные специалисты с отрицательным IQ. Заказывать не рекомендую. Речь о заказе с адреса: 
Москва, ул. Вешняковская, 39Г, строение 2, Москва, 111538. 
Оба высококвалифицированных иностранных специалиста не представлялись, но номер заказа следующий: moscow-62-51264418-iP."
117366,117582,140524574,1739561183,"Заказали пиццу, оплатили, обещали за 90 минут, прошло уже 2 часа, на телефоны не отвечают, пиццы нет((( отвратительное обслуживание."
117334,117336,46944794,1738606507,🎉🎊
117334,117583,140524574,1739561190,"Заказали пиццу, оплатили, обещали за 90 минут, прошло уже 2 часа, на телефоны не отвечают, пиццы нет((( отвратительное обслуживание."
117254,117255,184829717,1738596369,Баджет
117254,117256,414787552,1738596438,«Джонси Багет» – дружелюбное и запоминающееся.
117254,117257,414787552,1738596467,«Папа Круст» – намёк на хрустящую корочку (crust – корка на английском).
117254,117258,46944794,1738596481,Грибник
117254,117259,414787552,1738596486,«Папа Багет» – сохраняет узнаваемость названия и подчёркивает новинку.
117254,117260,46944794,1738596492,Колбасыч.
117254,117261,46944794,1738596526,Сырный аппетит!
117254,117262,414787552,1738596528,«Багетто Джонс» – звучит оригинально и итальянски.
117254,117263,291882539,1738596563,Франческа Кранч
117254,117264,414787552,1738596569,«Багет Фиеста» – сочетание классического французского образа багета с атмосферой праздника и веселья.
117254,117265,46944794,1738596574,Грибное наслаждение!
117254,117266,291882539,1738596590,Кранч-Фьюжн
117254,117267,46944794,1738596623,Колбасный урожай!
117254,117268,46944794,1738596639,Сырное наслаждение.
117254,117269,43884797,1738596664,Джодиас! 🍕
117254,117270,414787552,1738596671,«Папа Снэк Хит» – подчёркивает новинку и трендовость.
117254,117271,15943577,1738596893,Багецца
117254,117272,4787757,1738596922,"«Папины Бутерброды»
С начинкой на выбор"
117254,117273,102766877,1738597245,ПапаКрустер. Ну или ПапаКрастер))
117254,117274,116659177,1738597309,"""Папа в отпуске"" - отдохни от забот"
117254,117275,7149631,1738597590,ЛонгДжонс
117254,117276,111561342,1738597624,Папанини
117254,117277,111561342,1738597629,Панини
117254,117278,111561342,1738597674,Брускетта
117254,117279,146222117,1738597684,Папстер
117254,117280,111561342,1738597711,Zапиеканка
117254,117281,146222117,1738597722,Миниджонсы
117254,117282,66439931,1738597744,Пеппербаг
117254,117283,66439931,1738597753,Капричет или Каприбаг (с отсылкой на ориг. пиццу Капричоза и капля самоиронии с отсылкой на баги)
117254,117284,66439931,1738597800,"Либо самое банальное, добавить ко вкусам вначале слово багет и быть таковыми
Ибо название должно отсылать к ориг. продукту Багет Капричоза, Багет Пепперони"
117254,117285,146222117,1738597803,Джонсгет
117254,117286,23429035,1738597826,Папа-пицца
117254,117289,131601146,1738598115,Багетса
117254,117290,7149631,1738598115,Ларго Джонс с испано-мексиканской ноткой
117254,117291,131601146,1738598122,Багеста
117254,117292,131601146,1738598239,Папагет
117254,117295,50345543,1738598678,Джонсе Багето
117254,117299,59726119,1738599909,Джонсбат
117254,117300,59726119,1738599919,Пиццон
117254,117301,59726119,1738600030,Хрустбат
117254,117302,59726119,1738600043,Хрустон
117254,117303,59726119,1738600057,ПапаХруст
117254,117304,718218523,1738600230,ПапиныТяги
117254,117305,616828644,1738600962,Пападжонус
117254,117306,818977968,1738601042,Райский Джонс
117254,117307,61861493,1738601265,"Год русской традиции, папа лапти 😅"
117254,117310,610923386,1738601763,Багетон
117254,117311,610923386,1738601804,Хрустяшка Джонс
117254,117312,610923386,1738601867,Бенджамин Батонс
117254,117313,610923386,1738601903,Вкусный хруст
117254,117315,677980151,1738602034,Багетта
117254,117316,753234808,1738602087,Братон батон
117254,117317,610923386,1738602127,Джонс младший
117254,117318,445652080,1738602136,Багетини
117254,117319,32755122,1738602377,Завтрак от папы
117254,117320,32755122,1738602446,Буццтер
117254,117321,32755122,1738602603,Бутерльяно
117254,117322,32755122,1738602749,Лоннботтон
117254,117323,32755122,1738602756,Долгопупс
117254,117324,32755122,1738602795,Себяшка
117254,117325,371703659,1738603271,Багет Джонс
117254,117326,527346913,1738603984,тяги джонс
117254,117327,527346913,1738603992,модные тяги джонса
117254,117328,527346913,1738604044,прикормка от папы Джонса
117254,117329,163389617,1738604291,Лонг Джон или Джон Лонг (long John)
117254,117330,29049033,1738604524,Twin Джонсы
117254,117331,29049033,1738604848,ПапаDual
117254,117332,29049033,1738604881,ПапаTwinы
117254,117333,38390744,1738605043,Бутерброд батон
117254,117335,711344855,1738606229,Носки папы 🤭
117254,117337,23354075,1738607418,Памагет Джонс
117254,117338,7677556,1738607463,БагеДжонс
117254,117339,7677556,1738607486,ПапаБагет
117254,117340,7677556,1738607549,ДжонсиБутер
117254,117341,23354075,1738607687,Бутеркеты
117254,117342,23354075,1738607927,Вкуснокеты
117254,117343,286171178,1738608843,Багетбургер
117254,117344,286171178,1738608963,Пицбург
117254,117345,11118422,1738612943,Пицлбастики
117254,117346,151024613,1738614147,"Патон  Джонс ) малый , средний , большой"
117254,117347,151024613,1738614215,Пагетик Джонни
117254,117348,151024613,1738614303,Лучпапгет
117254,117349,151024613,1738614444,Патонни
117254,117350,89762501,1738617177,Багетони от Папы
117254,117352,14226663,1738626903,"PizzaBrot     ->  ПиццаБрод ©
PapaSub      ->  ПапаСаб ©
PapaTwins    ->  ПапаТвинс ©
CheesyJohn ->  ЧизиДжон ©
"
117254,117353,673104071,1738632790,Крастини
117254,117354,673104071,1738632831,Папа Гриль
117254,117355,673104071,1738632984,Панцетта
117254,117356,673104071,1738632990,Папа Тост
117254,117357,710601467,1738636220,Брускеброд
117254,117358,216420213,1738637615,Завтрак папы
117254,117359,23354075,1738649256,Вкусная парочка Джонс
117254,117360,23354075,1738649283,Вкусная Джонсбата
117254,117361,23354075,1738649364,Сытная парочка
117254,117362,23354075,1738649387,Джонсбата
117254,117363,49253815,1738658313,Пагет
117254,117364,858202520,1738658956,Дог багет
117254,117365,858202520,1738659059,Итальянцы в России
117254,117367,94161,1738660551,Багетини
117254,117368,306339637,1738660744,Пицца-дог
117254,117370,23354075,1738661786,Оригинальные лодочки
117254,117371,597017225,1738662328,Джонс Хруст😎❤️
117254,117374,23354075,1738677977,Сытные палочки
117254,117375,392507590,1738681483,Папакрудо
117254,117376,222706728,1738686522,"Француженка Камила -  «совершенная, законченная»."
117254,117377,414787552,1738728545,«Джонси Снэк» – звучит вкусно и неформально.
117254,117378,414787552,1738728615,«Папа Пикант» – акцентирует внимание на пикантности и насыщенности вкуса.
117254,117379,414787552,1738728731,«Папа Чиззи» – намёк на сырную тягучесть и насыщенный вкус.
117254,117380,414787552,1738728835,«Джонс Шеф» – ассоциация с кулинарным мастерством и особым рецептом.
117254,117381,432001454,1738731356,Мясное угощение
117254,117382,432001454,1738731373,Острые приключения
117254,117383,432001454,1738731383,Солнечный мандарин
117254,117384,432001454,1738731402,Мир дорогих специй
117254,117385,432001454,1738731420,Подводное счастье
117254,117386,414787552,1738732475,"«Папа Хитз» – намёк на горячую, трендовую и вкусную новинку."
117254,117387,572751976,1738762818,Папин Багет
117254,117390,23598936,1738770491,"Слайсер(ы), Хотерс(ы), Чиззер(ы), Панчетти(о), Доггерс(ы), ФиллиСтейкс, КранЧиз, АппеЧизер, Багеттини(с/з), Круттини(с/з), ПапаСтейкс, ДжонКрутон, Аппетини, БуоноБагето"
117254,117391,11692406,1738773097,Папкеты
117254,117392,39542104,1738774348,Биг Бургер
117254,117393,571960730,1738820466,Хруст Бастер - багет с хрустящей корочкой😋
117254,117394,571960730,1738820523,Мега хруст - багет с хрустящей корочкой
117254,117395,571960730,1738820545,Супер хруст - багет с хрустящей корочкой
117254,117396,571960730,1738820574,Супер багет
117254,117397,571960730,1738820595,Папа багет
117254,117398,571960730,1738820604,Джонс багет
117254,117400,730486484,1738829086,Долька счастья
117254,117401,730486484,1738829166,Привет Багет
117254,117402,730486484,1738829209,Джонсик
117254,117404,832411271,1738831159,Омское папино багетто
117254,117405,832411271,1738831218,Вкуснетто омское багетто
117254,117406,832411271,1738831279,Вкуснетто папино омское
117254,117407,832411271,1738831335,Папино омское белиссимо
117254,117408,832411271,1738831424,Папетто вкуснетто по- омски
117254,117409,425861692,1738835266,Супер хруст - багет с хрустящей корочкой
117254,117410,11899455,1738836592,Пицца-багет
117254,117411,37038536,1738836903,Багет Ярик
117254,117412,304640972,1738843030,Багетоломани
117254,117413,304640972,1738843060,Ломтегусы
117254,117414,708534454,1738844068,Хруст багето
117254,117415,93543835,1738845272,Пепеджонс
117254,117416,93543835,1738845299,Багетонс
117254,117417,93543835,1738845315,Вкусням
117254,117418,93543835,1738845344,Зацени
117254,117419,312322940,1738846903,Чабата
117254,117420,34622793,1738848597,Сытнямс
117254,117421,32740401,1738849539,Хрустямба
117254,117422,32740401,1738849572,Багетино
117254,117423,32740401,1738849593,Сочный хруст
117254,117424,32740401,1738849614,Хруствкус
117254,117425,32740401,1738850158,Сочно и хрустно
117254,117426,456391086,1738860205,ПапаЗакусон
117254,117427,63377076,1738860765,Джонстер
117254,117428,797775810,1738861881,Джонни
117254,117429,94164304,1738862212,Вкусный хруст
117254,117430,669797668,1738866167,Брускетта Джонс
117254,117431,669797668,1738866284,"Папа Машрумс,Папа Салями и Папа Чиз"
117254,117432,112137452,1738867260,Грибное Лукошко!
117254,117433,112137452,1738867311,О.ляля салями
117254,117434,647494981,1738869194,Дакос Джонс
117254,117435,176673071,1738872432,Бань ми
117254,117436,59611316,1738896814,Папа багет
117254,117437,59611316,1738896824,Багет Джонс
117254,117438,59611316,1738896842,Джонсибагет
117254,117439,59611316,1738896865,Багетси
117254,117440,576829129,1738907464,Бан Ми .. Супер
117254,117441,56693544,1738907990,Дон Батон
117254,117442,609016658,1738909076,Горячий папа
117254,117443,609016658,1738909763,Погнота с Пеппирони
117254,117444,609016658,1738910784,Папины кростини
117254,117445,609016658,1738910815,Кростини по папиному
117254,117446,609016658,1738910881,"КроссПицца Пеппирони
КроссПицца Грибы и сыр 
…"
117254,117448,605554074,1738915178,Лапти Папа Джонс
117254,117449,414787552,1738924311,Багет НСК
117254,117450,414787552,1738924327,Багет City
117254,117451,563565225,1738946699,Лапти от Папы
117254,117452,563565225,1738946922,Багет Сокоти
117254,117453,417231970,1738949916,"""Багет от Папки""😁
""Джонбагет"" 
""Супербагет"" 
""БаДжонсГет""
""Вкусно и не грусно""😅👍"
117254,117454,751507799,1738954054,Мегабутер
117254,117455,563565225,1738954890,СуперБольшойБагет
117254,117456,563565225,1738954958,Багет Сальчони
117254,117457,563565225,1738955014,Вкуснямба от Папы
117254,117458,563565225,1738955058,Двойные лодочки
117254,117459,563565225,1738955116,Корабль Джонс
117254,117460,563565225,1738955195,"Багет"" горячая штучка"""
117254,117461,459562372,1738955565,ПараПАП
117254,117462,535554706,1738995535,Джобагеттине пепперони
117254,117463,563565225,1739000842,Агент 2 багета
117254,117464,18229370,1739010502,Оказываете услуги ненадлежащего качества! Что за хрень происходит?
117254,117465,310650,1739012192,Багетто
117254,117466,310650,1739012264,Багеттини
117254,117467,310650,1739012306,Багеттино
117254,117468,310650,1739012337,Кростино багетти
117254,117469,176948506,1739012556,Папа-Лонгер👍🏻
117254,117470,176948506,1739012587,Папа Багет
117254,117471,176948506,1739012593,Хрустиано
117254,117472,56693544,1739013372,Джон- батон
117254,117473,392083814,1739021963,Джобаг
117254,117474,324425651,1739025886,Лонг Джонс
117254,117476,24612560,1739033362,Пиццерони
117254,117478,654497,1739035801,"Папатапкос
Тапкос
Папос-тапос
Багетти
Пападитолс"
117254,117479,73513534,1739039736,Брускет папа)
117254,117480,433794666,1739044176,Пеперони Хруст
117254,117481,433794666,1739044194,Острый джохруст
117254,117482,433794666,1739044205,Дьявольский багет
117254,117483,433794666,1739044213,Огненный папа
117254,117484,433794666,1739044228,Пеперони бум
117254,117485,433794666,1739044249,Итальянский папа
117254,117486,433794666,1739044260,Пеперони экспресс
117254,117487,433794666,1739044292,Хрустящий пикант
117254,117488,433794666,1739044303,Пеперони классик хруст
117254,117489,433794666,1739044312,Супер пеперони
117254,117490,433794666,1739044325,Лесной багет
117254,117491,433794666,1739044350,Грибной каприз
117254,117492,75280820,1739053000,Багетос
117254,117493,743464885,1739085899,Баттэрос
117254,117494,177693517,1739114649,Пицерос
117254,117495,177693517,1739114661,Панчес
117254,117496,177693517,1739114695,Папанини
117254,117497,576827441,1739118959,Лучанно.
117254,117498,825578082,1739124079,Бургер папы
117254,117499,825578082,1739124087,Папа салям
117254,117500,825578082,1739124098,Джони денс
117254,117501,825578082,1739124119,Папа Джонс бэби
117254,117502,79192038,1739183465,Папабагет
117254,117503,484012653,1739189428,"Mama Join us 
У папки оказывается есть мама.. А вы присоединяетесь на ее булки!!!"
117254,117505,132624362,1739195775,Чиос-Риос
117254,117509,225881762,1739203733,Салями мама
117254,117510,445123121,1739221694,Пицца шпагат
117254,117511,445123121,1739221735,Мини Джонс
117254,117512,7415841,1739245924,Салямис
117254,117513,7415841,1739245952,Папик-пицца
117254,117514,7415841,1739245965,Пито-пицца
117254,117515,7415841,1739246033,Бест пицца
117254,117516,7415841,1739246040,ПицБет
117254,117517,291015630,1739267521,"Кеды 
Лыжи 
Носки"
117254,117519,181773293,1739277234,Сын Джонс
117254,117520,181773293,1739277250,Сыновья Джонс
117254,117521,181773293,1739277277,Дядя Джонс
117254,117522,181773293,1739277310,Брат Джонс
117254,117523,181773293,1739277322,Братья Джонс
117254,117524,181773293,1739277419,Бутерброд Джонс
117254,117525,181773293,1739277450,Джонс
117254,117526,181773293,1739277634,Грибной Джонс
117254,117527,181773293,1739277676,Колбасный Джонс
117254,117528,181773293,1739277751,Кетчуп Джонс
117254,117529,181773293,1739277819,Две дороги Джонс
117254,117530,181773293,1739277833,Два пути Джонс
117254,117531,181773293,1739277869,Дерижабль Джонс
117254,117532,181773293,1739277976,НЛО Джонс
117254,117533,181773293,1739278012,X-Factor Джонс
117254,117534,181773293,1739278262,Горячий бутерброд Джонс
117254,117535,181773293,1739278298,Младший Джонс
117254,117536,181773293,1739278407,Торпеда Джонс
117254,117537,181773293,1739278458,Малыш Джонс
117254,117538,181773293,1739278503,Лодка Джонс
117254,117539,181773293,1739278517,Каное Джонс
117254,117540,181773293,1739278779,"Грибная грядка Джонс, Салями Джонс, Кровь На Танцполе Джонс."
117254,117543,144129630,1739301468,"1 Багет ""Жульен""
2 Багет ""Папа Джони"" или 
""Папа-рони"" (как пепперони)
3 Багет ""МамаМия"""
117254,117544,144129630,1739301653,Кстати можно сделать к 14 февроля набор  Багет для него и для неё (по одному багету для каждого) и Назвать набор Папа-Джонс и Мама Мия 👍
117254,117545,31618790,1739302093,Штриблеты
117254,117546,316205957,1739357254,Богеттырь
117254,117547,316205957,1739357671,Половинки
117254,117548,316205957,1739357691,Дабл Багет
117254,117549,316205957,1739357702,Инь Янь
117254,117550,296388721,1739366797,Кристофер багет
117254,117551,296388721,1739366888,Папа Кристи
117254,117552,296388721,1739366906,Кристи багет
117254,117553,296388721,1739367138,БагетДжон
117254,117554,296388721,1739367429,"Багет «Папа Кристи» (реклама: парень с девушкой пришли домой, парень расстёгивает ширинку и в этот момент звонок в дверь. На пороге появляется Папа Кристи (имя девушки), парень : -кто это? девушка: -это мой Папа Джонс! Папа- что это у вас? Парень поворачивается к папе, и у него в руках багет 
:)
Парень:- это багет Кристи!"
117254,117555,5132023,1739369552,Баггсы
117254,117557,445704632,1739370143,Шалтай-Болтай
117254,117559,135098740,1739415239,"У вас не рекламщики, а свиньи 🐷"
117254,117564,157044437,1739527730,Грибоджонс
117254,117566,22308479,1739545748,Багеджо
117254,117567,348734684,1739546324,"Пикс, как палочки твикс"
117254,117568,348734684,1739546840,Пидцгеты
117254,117569,846848443,1739555414,"Здравствуйте! Пожалуйста, обратите внимание на работу вашей доставки в Самаре!

Сегодня ещё днем сделал заказ специально к определённому времени. За ""повышенный спрос"" 150р содрать не забыли(хотя, как по мне, это не моя проблема, что у вас спрос повышенный). 
К назначенному времени заказ не привезли, а в приложении появилась надпись ""извините, мы опаздываем"". Позвонил в ресторан. Сказали ждать ещё 25 минут... В итоге пиццу привезли слегка теплую на час позже назначенного времени(ещё и час спустя уведомления в приложении присылали ""мы немного задерживаемся""🤯). И это при том, что я заказ делал в середине дня на 8 вечера, а потом дважды ругался с сотрудниками ресторана по телефону. Сделали скидку 107 рублей(это даже на стоимость ""доставки"" не тянет).
Платная доставка... Пипец! Да за такую ""доставку"" вы мне должны доплачивать!!! А ещё за испорченный праздничный вечер! 
Даже интересно, если я сделал заказ днем и мне его к 8 вечера так привезти и не смогли, то кому же тогда вы доставку в это время, все-таки, делали? Тем, кто ещё вчера у вас пиццу заказывал? 🤣🤣🤣🤦‍♂️🤦‍♂️🤦‍♂️
Похоже, в попытках сэкономить в Самаре уже дошли до дна, а потом его пробили. Или закрывайте тут свою лавочку, или налаживайте нормальную работу. Это беспредел..."
117254,117573,432596910,1739556847,"Только привезут с опозданием на час три, а так вкусно. Сходил в магазин, купил еду, сижу жду"
117254,117576,140524574,1739561124,"Заказали пиццу, оплатили, обещали за 90 минут, прошло уже 2 часа, на телефоны не отвечают, пиццы нет((( отвратительное обслуживание."
117254,117585,37883447,1739563264,"Заказ moscow-82-51340202-iP/ Москва, отстой полный ваша пиццерия! Заказал к 22:00 еще днем, оплатил. Можно же как то строить свои производственные процессы так, чтт бы ставить в приоритет тех, кто оформил давным давно уже заказ! Это фиаско!"
117254,117619,343495667,1739723733,Джонсихруст
117254,117621,23354075,1739729933,"В итоге , кто выграл?"
117254,117622,535842351,1739775249,Лонгер-Джонс
117254,117651,597017225,1740230685,Где итоги?👀
117254,117692,246910331,1740473902,ПапаДжо
117254,117705,8487670,1740618252,Брускетта: любимая папина; любимая; мамина; любимая детская; любимая семейная!
117220,117221,66439931,1738583468,
117220,117253,257331401,1738595870,"Папа Джонс, верни мне баллы х 10000, сделал заказ 14 января начислили 500 бонусов 28 января уже списали срок действия бонусов 180 дней! Как так?"
117220,117293,232111540,1738598279,"Когда вернете деньги за заказ 64-51074478-АР, который не доставили 24 января?"
117220,117399,202844798,1738825466,"Ребят, вы там оборзели? Пиццы 40 см больше нет. Собери свою пиццу тоже. Есть конечно вариант на сырную добавить ингредиенты, но от этого больше она не станет, максимальный диаметр 35. В чем дело? Кончились большие коробки или Вы сворачиваетесь потихоньку?"
117213,117218,40192790,1738442322,"Я год назад заказал заказ, и пришёл он через 5 часов, щас в коментах пишут что мало чего изменилось, просто хочу спросить есть ли смысл заказывать Яндекс доставке?) там хоть нормально привезут? Проблема мб и за курьеров?"
117192,117200,32069612,1738237245,"Что за отношение к людям? Сделали заказ в приложении, прошло уже почти 2 часа а никто ничего не привез, статус заказа не меняется, у ресторана телефон недоступен, в чате никто не отвечает!!! Ужас, просидели похоже зря, видимо никто ничего не привезет"
117192,117209,4874925,1738354406,"Подробные условия в приложении не открываются =( Просит выбрать аккаунт гугл, а потом пишет, что такой документ не найден. Как понять, что мы участвуем в акции???"
117168,117170,50095215,1737800201,"У вас вообще есть поддержка? Заказ должны были привезти за пол часа, спустя полтора часа его все еще нет. В чате не отвечают уже 40 минут, ресторан на звонки говорит, что у них заказа не видно, ничем помочь не могут, а теперь вообще ""абонент занят""."
117168,117175,410339454,1737822129,"Я тоже с вопросами. Курьер не привез часть заказа, битый час ни ответа, ни привета и в чате, ни по телефону"
117168,117181,424360886,1737855073,"Такое настроение было в году 2020 и это максимум, остальное чисто история…. Клиентоориентированность, ценовая политика, вкус и качество продукции…"
117168,117195,214974447,1738078141,"Раньше к пицце на традиционном тесте всегда клали соус, а сейчас заказала и пицца без соуса. В сырные палочки только положили соус. Ито на сайте написано что сервируется соусом особый чесночный и томатный. Но был только особый чесночный. Вообще я давно не заказывала у вас пиццу из-за того что последний разы соус не клали. Тут подумала что уже соус стали класть и в итоге на сырные палочки и пиццу только 1 соус."
117168,117197,306408838,1738171922,"Скажите, сколько действуют баллы, начисленные от заказа?"
117168,117206,691892614,1738348564,Что с поддержкой?
117168,117207,691892614,1738348621,"Заказ написали, что доставлен, но его нет. Поддержка не отвечает"
117168,117208,691892614,1738348706,?
117168,117210,327289443,1738356663,"Заказ № moscow-37-51168062-MP, деньги списали, до сих пор в обработке, ресторан взявший заказ не берет телефон. Поддержка сайта молчит"
117156,117157,177798854,1737708995,Вот это поворот! Заботится!
117156,117159,13951367,1737714387,"Скажи спасибо и иди домой, если такая умная, значит сама заплатит🤣"
117156,117161,6597845,1737754989,"Доставка в подольск из Щербинки. Заказали 2 пиццы 30 см и сырники. Не в одной из пицц не было перчика. Если вы кладете перчик только в большие пиццы делайте ссылку на это!!!! Я вас заказываю не только изаза пиццы но из-за перчика. А сырники.. Извините!!!! Но сырники это творог, а не хлеб!!! Выкинули в помойку(((( спасибо только за мед в комплекте к ним 😑"
117156,117163,232111540,1737784907,"Вчера в 19 часов заказали пиццу, нам ее так и не привезли. Заказ до сих пор в статусе ""Принят"". Верните деньги. Заказ moscow-64-51074478-AP"
117148,117151,4452735,1737584227,Вы там отмечать уже начали что ли? Зачем мне 10 пушей?
117148,117169,294773896,1737799746,И какой промокод?
117137,117140,170605054,1737290487,Это должно быть смешно??
117137,117143,38241052,1737311461,В Пушкино закрыли
117137,117144,4261959,1737386639,😂🔥
117137,117145,1901981,1737447481,Высер какой-то...
117137,117146,17247526,1737449167,moscow-67-51034899-iPD опять опоздание. опять телефоны молчат. Почему такая проблема исключительно с пиццерией на Шарикоподшипниковской? где мой заказ? почему не заставите их включить телефон?
117137,117147,17247526,1737450307,Сделайте возможность отмены заказа в связи с задержкой. Я не хочу ждать часами пиццу.
117117,117118,1908926,1737123458,Последние заказы около 2часов ожидания!
117117,117120,511248671,1737124130,Пицца шикарная
117117,117125,201073212,1737136429,Вы скатились
117117,117126,9441329,1737137005,"Пицца классная, особенно мексиканская. Но огорчает порой, что курьеры заказы не закрывают и поддержка потом молчит. За это минус.."
117117,117133,524876488,1737219815,"Скорее так: 

- Решил заказать пиццу в Папа Джонс
- Ждёшь заказ"
117117,117134,0,1737233323,
117117,117135,2941262,1737282230,"Хочу заказать пиццу онлайн. Через сайт, как обычно. Выбрал Балашиха. Ну ясно, что если пиццы нет, то появилась внизу ошибка в корзине. Конечно же, нельзя было на сайте сразу указать, что этих пицц (сезонных) нет. Пытаюсь сменить их, нажав на кнопку ""заменить"", происходит бесконечное кручение кружка. Ладно, удаляю весь заказ. Набираю снова. Ввожу номер карты. Нажимаю, оформить, появляется ошибка ""Пиццерия не найдена"". Потом ещё раз пытаюсь и ещё. И вот пошла оплата. После того, как я ввёл код подтверждения из смс банка, страница подтверждения оплаты не появилась, вместо неё серая с квадратным смайлом. Вот так я уже второй час не могу заказать пиццу. На звонок по телефону никто не отвечает."
117095,117096,1622205,1736972404,"Добрый день, у Вас в кроссвордах запланированы ошибки? 🤔

*внимание к слову пицца/вечеринка"
117095,117098,66439931,1736999660,Оицца или сппрт🙂
117095,117105,198787456,1737057574,А че за приколы я понять не могу ?
117095,117108,66439931,1737095814,"Шёл второй день чудес, слово не отгадано - однако всё отгадали

P.s в лс группы отправил подробнее"
117095,117193,36470667,1738009757,"Здравствуйте , кажется и тут ошибка 😏"
117095,117203,469505799,1738314744,Здравствуйте! Где посмотреть список счастливчиков
117080,117081,151024613,1736852431,"Всем привет и удачи в получение приза 😹 Расскажу нашу историю . Был конкурс «папа года» , где мой муж занял 3 место и + еще в одной номинации ( конкурс был в октябре ) , по итогу : бокал и автограф Овечкина выиграл … срок по договору получения указан до 31.12.2024… на почту пришло подтверждение о выдачи приза , далее на этом тишина 🔕 мы самостоятельно начили писать в службу поддержки туда-сюда , нас гоняли то к одному специалисту , то к другому… спустя 2 месяца нам пришел бокал ( без автографа)… Пришли мы на получение , а нам как в банке ( дали 3 экземпляра договора, с собой мы должны перенести инн, паспорт . Хотя об этом не было и не слово! Далее в договоре написано , что если они это посчитают дорогостоящим призом , мы должны самостоятельно заплатить в налоговую 35% от стоимости приза !!!) . Так вот , организаторы конкурса работают отвратительно ,игнорят, самостоятельно не пишут , не узнают забрали мы свой приз , где было бы удобно и тд ,если хотите получить свой приз «выбивайте» ! P.s  автограф  Овечкина мы до сих пор ждём , с нами не кто так и не связался ! Все сроки выдачи Вами упущены !!!работа кураторов отвратительная ! Не удивлюсь , если этот комент удалят 😹"
117080,117091,171899500,1736925920,"у вас приложение и сайт забаговались, по адресу не доставляет, скоро почините?"
117029,117030,-3874609,1736345633,Бывает и такое 😅
117029,117031,43925669,1736359965,Как можно с вами связаться ? В приложении весь день нет ответа. Дозвониться невозможно !
117029,117064,13901068,1736686659,"Здравствуйте, не приходит промокод на др"
117029,117066,401344811,1736758618,"Вы в курсе, что данная расклейка листовок незаконна?? Для рекламы есть информационный щит, только за это надо платить деньги."
117029,117068,9097429,1736765618,"Сделал заказ, срок прошел, на телефон никто не отвечает, в чат поддержки тоже."
117029,117070,35426791,1736768457,"Вас никакая реклама не спасет, пока вы так халатно относитесь к работе и ничего не предпринимаете. Заказ с ожиданием в полтора часа, растягивающийся на два часа? Отвечать на сообщения? на звонки? Заставить ресторан работать. Невозможно. Больше никогда."
117029,117072,5543069,1736813857,"Там питцей даже не пахнет , эту контору закроют скоро"
117007,117008,4261959,1735812489,🔥🔥🔥
117007,117009,51649325,1735812759,И вот такое без сыра приедет…
117007,117013,807258704,1735817749,Подарите
117007,117017,159771495,1735879802,"Шляпа ваш папа Джонс полная тесто маргариновое, соус самый дишман и начинка тоже самое . 2 года не заказывал тут думаю дай ка закажу в Джонсе и понял что заказывать ваши лепешки которые крутят узбеки и таджики не буду не когда. Лучше у других заказать."
117002,117025,138595695,1736276116,"Здравствуйте! Поддержка нигде не отвечает. Почему вы отключили промо-код на маленькую пиццу пепперони? Указано, что акция по 8 января.
Я честно собирала носочки и такой облом..."
117002,117032,174082,1736435622,"Отлично да, учитывая что по Адвенту и так большинство заданий (правильно исполненных и за которые бот дал ссылки ) так и не зачитались 🤣 👍 из принципа удалить бы отзывы на якартах и тд"
116986,116990,174082,1735486458,"Пицца серф энд терф вкусная, особенно если добавить сырный борт (это пушка всегда), но начинки маловато, креветок мало и курицы тоже. В д-до креветок больше даже в пицце меньшего размера. Чикен пармеджано ничего но тоже бедновата начинка, без баллов дорого. Морс оч вкусный с облепихой. Еще в нашей пиццерии нет пиццы с мандаринами вообще никогда.
Жалко, хотелось попробовать.

В результате не получилось заказать носки за баллы, разочарована этим. Приложение глючновато, подруга наотрез отказалась с ним взаимодействовать, я свое победила, но носки не добавились в итоге , что обидно (без заказа их не взять потом оказалось). Они то не добавлялись (хотя есть в наличии то приложение говорила сбой соединения (инет норм) , то добавлялись но не за баллы. Глюки короче. Оч хотелось носки."
116986,117005,2798407,1735783360,
116986,117060,752477312,1736534778,Хочу пиццу
116951,116952,156287539,1735053848,"Зачем заказывать 2 по 30см и 200г картошки за 1900р, когда в додо вкуснее, доставка быстрее в среднем минут на 30 в любой точке Москвы, так еще и  комбо профитнее? (Хотя бы конкретно это комбо со скрина за 1800р где 3 пиццы по 35см, что уже выгоднее по цене и количеству еды, примерно на 600–700 грамм.)
Имхо можете меня банить, но ваш домовенок просто кринж. 👎"
116951,116953,43933157,1735059284,Могли бы дешёвые наклейки в комплекте положить. Смысл от этой колабы нам?)
116951,116956,143794704,1735066341,"Пришло такое смс, это правда?"
116951,116962,97811924,1735135743,"А под какой сет попал я, что уже полтора часа мне не могут привезти одну несчастную пиццу?"
116951,116970,205651122,1735291848,Может хотя бы сайт подлатаете?
116951,116972,690906735,1735295327,Как дозвониться на горячую линию??? Номер везде выходит неверный
116951,116978,1847729,1735300694,я тоже жду пиццу уже час и в чате поддержки сообщения не отправляются
116951,116979,0,1735329711,
116946,116973,690906735,1735295367,Как дозвониться на горячую линию с жалобой на кафе?
116912,116913,53237906,1734783269,Где восьмёрка
116912,116917,39871261,1734822370,"Вы напрасно добавили задания с подписками, ваш телеграм бот самый глючный и бесполезный из всех существующих. До сих пор не защитал мне второй день, сегодняшниее задание добило его"
116912,116918,422672627,1734831468,Мы тоже не отвечает
116912,116919,59433342,1734833009,Мне тоже не засчитывает. Подарки экономят.
116912,116921,818977968,1734854918,Не засчитывается задание за 2 носочка в телеграмме:(
116912,116934,223245816,1734867229,Здравствуйте! Как выполнить задание за 20.12.24? Подписка на Телеграмм-бот Папа Джонс есть.
116912,116939,116545864,1734883087,"Да и правда, куда скидывать то?)"
116912,116974,690906735,1735295383,Как дозвониться на горячую линию с жалобой на кафе?
116912,116993,174082,1735511623,"Все равно приложение и/или бот тупит, на часть заданий, сколько их не делай, даже если бот дает ссылку , по ней переходишь и всё! Сколько ни жди, носочки не прибавляются. Ну да ладно. Приложение надо точно допиливать, с виду ок но про первом же заказе видишь много нюансов"
116912,117021,174082,1735989636,"Так и не работает ваш Адвент практически , скоро и праздники закончатся, 🤣 из всех заданий только несколько засчиталась , хотя бот ссылки выдает каждый раз почти 🤣 у конкурентов Адвент лучше , проще и дают реальные призы стоящие , съедобные. И всякие типа носки не зажимают при заказе за свои же баллы )) Не ведут в лс бесполезные переговоры, которые сами спровоцировали, если были косяки, то  всегда сразу дают баллы, на которые можно взять реальную еду сразу, а не оплатить 30%"
116912,117027,145743068,1736325523,"Носочки за отзывы в 2ГИС так и не дают. Задание за 7 января в боте не работает. Задание за 8 января пишет, что анкета не готова. Это как? 

Где можно почитать положение об игре? До какого числа можно выполнять задания? До какого числа забрать подарки из магазина?"
116912,117034,174082,1736435798,"Ужасающий Адвент!

У конкурентов я, заходя просто каждый день в Адвент, получила на 8ой день любую пиццу 23 см за рубль а тут, по Адвенту и так большинство заданий (правильно исполненных и за которые бот дал ссылки ) так и не зачитались 🤣 👍 из принципа удалить бы отзывы на якартах и тд, их всех заданий получилось только 6 носков собрать) приложение ужасное , баллы просто пропадают в итоге, желания заказывать нет, носки за баллы теперь и брать не хочется, да и пиццу тоже, цена становится близкой к конкурентам с с птицей только с 30% скидкой"
116889,116904,139679188,1734694545,"Если бы я знала ….. 
заказали пиццу в офис а день рождение сотруднику ! Доставка 90 минут , окей ! Но в итоге ждем уже третий час, телефон не доступен, в чате вообще не написать ничего …. , все голодные , всех подвели , сейчас заказали уже другую пиццу конечно , никогда бы не подумала, что папа джонс так скатился …. Ужас , просто ужас !"
116889,116905,139679188,1734694652,"Пойду, пожалуй, когда поем , сама дойду до «ресторана» этого , просто свинство"
116889,116906,139679188,1734694704,Спустя 3 часа статус «готовится»
116889,116907,139679188,1734694708,Класс
116889,116910,174161377,1734717155,"Кто бы что не говорил мне пиццу привозят не более часа. И если мне захочется американской пиццы, я её заказываю тут. Естественно используя промо коды с приложения, я явно не ожидал что выиграю хоть что то. Но вот вчера я получил главный приз, один из двух iphone от ООО ""КиноКрафт"". Хотелось бы выразить благодарность и отметить честность проведения промоакции, что в нашей необъятной редкость."
116840,116841,176948506,1733489045,Ура🎁🎄❄️🍀✨🎅🏼🫶🏼
116840,116844,43933157,1733657467,"У вас в чате поддержки вообще кто живой есть? С 11 утра тишина... 
За косяки свои не хотите ответить?"
116840,116846,17247526,1733658234,"moscow-67-50387057-iPD. Вы хоть сами понимаете что вместо обещанных 40 минут вести пиццу ДВА часа, с учетом того что она в пути больше часа это перебор? Есть вообще понимание что она остынет например? Почему заказывая еду на тысячи рублей, вместо еды получаешь холодный кусок хлеба? Почему нельзя начать наказывать своих франчей? За их счет такие заказы делать? Я готов вам платить за доставку, НО СДЕЛАЙТЕ В КОНЦЕ КОНЦОВ ее быстрой!!! И когда уже наконец вы начнете компенсировать эти ожидания своим клиентам? Не вашим баллам которые в итоге тратятся на такое же ожидание, а чем то более весомым?"
116840,116852,390059111,1733752389,"Вкусно пицца,но вашей служба в мире халатность 🐏🐏🐏🐏"
116840,116857,5672140,1733818564,"Отличная у вас поддержка, второй день игнорируете сообщения в чате приложения и в группе, ноль реакции вообще. Привезли вместо заказанного блюда другое, которое еще и дешевле. Прекрасный сервис"
116840,116875,331171917,1734129397,Поддержка игнорирует сообщения. Пиццу есть невозможно
116840,116882,2850071,1734443945,И мне так никто и не ответил. Признали пиццу с сырым тестом. Сырниками можно подавиться… 3-й день никто не отвечает
116840,116890,4283348,1734542345,"Да, и мне никто не отвечает. Ситуация швах, возврат не дают, никто не отвечает, телефона нет."
116840,116903,139679188,1734693574,"Где мой заказ , невозможно уже ждать"
116840,116958,22748628,1735101885,Что делать?
116839,116845,43933157,1733657485,"У вас в чате поддержки вообще кто живой есть? С 11 утра тишина... 
За косяки свои не хотите ответить?"
116839,116883,2850071,1734444036,"И мне ответьте пожалуйста! 3 день нет обратной связи, пишу, звоню, бесполезно 🤦‍♀️"
116788,116791,1916354,1732895395,Уточните судьбу заказа на б. Грузинская 57с1 кв 84 с тел 8909-95699хх . через час нам заказ уже не нужен будет. Срок доставки 20 мин вышел. Просим оперативно связаться или оформить отмену заказа по вине исполнителя
116788,116793,1370732,1732895473,"У вас упал и сайт и приложение, ваш сис. админ похоже спит."
116788,116795,171899500,1732897967,приложение почините
116788,116802,0,1732906844,
116788,116807,7365536,1732980847,Что с заказом moscow-18-50277279-AP? Более двух часов прошло
116788,116811,707396659,1732988544,"Добрый день! Уточните что с нашим заказом moscow-75-50281211-AP ? У нас прошло 2а часа а статус ""Готовится"" без изменений"
116788,116817,34608812,1733048931,Здравствуйте! А как у вас происходит выдача призов по Паддингтону? Условия участия прочитать нельзя- нет доступа к условиям. Заказывали пиццу исключительно из-за этой акции и вводили промокод ПЕРУ.
116788,116821,49132111,1733081097,"Здравствуйте! Подскажите, можно ли где-то почитать текст правил (по ссылке не открывается)? Хотелось бы поучаствовать в розыгрыше, а вот скидка на пиццу из списка не нужна (не ем конкретно эти). Можно ли сделать заказ с промокодом на необходимую сумму, но не добавлять пиццу со скидкой?"
116788,116822,468642636,1733127347,"Здравствуйте. Предоставьте пожалуйста информацию о заказе, чат в приложении не грузится, по номеру телефона дозвониться невозможно, оплату списали и все! Очень «круто» что приложение и сайт сломались, но списание денег с карты пользователя работает, и связаться  с вами невозможно."
116788,116825,5821681,1733155480,Уточните статус заказа на сумму  6208 руб. Не могу зайти в личный кабинет в приложении и на сайте. Заказ был через приложение. Деньги списались. А информации нет. Заказывала к дате 03.12.24 к 15:30 на мероприятие. Будет обидно если ничего не приедет
116788,116831,616944139,1733217004,"Здравствуйте, должен был прийти промокод в честь дня рождения на почту, но он так и не поступил, а уже наступила дата дня роождения, подскажите, как быть?"
116788,116835,2929166,1733245621,"Уточните пожалуйста по заказу, деньги списали, а в приложении нет активного заказа и не работает чат."
116788,116842,0,1733505751,
116788,116881,616633175,1734269269,"Жаль, что у Домовёнка Кузи такого нет, и просто пицца с фри без игрушек"
116788,116987,77604891,1735373162,"Когда вернутся деньги за отмену заказа? Если вы вовремя привезти не можете , зачем набираете заказы портив себе рейтинг ? Рабочие дни будут в январе , почему вы косячите , а жду я🤬"
116788,117518,34608812,1739273612,Здравствуйте! Подскажите. где можно ознакомиться с итогами этого розыгрыша?
116777,116778,562836701,1732720468,Ответьте пожалуйста в лс группы
116777,116784,56862449,1732795863,Участвую
116777,116786,7365536,1732887445,у вас приложение и сайт не работают. когда починят?
116777,116787,789584278,1732890437,Не работает сайт и приложение
116777,116792,1916354,1732895473,Уточните судьбу заказа на б. Грузинская 57с1 кв 84 с тел 8909-95699хх . через час нам заказ уже не нужен будет. Срок доставки 20 мин вышел. Просим оперативно связаться или оформить отмену заказа по вине исполнителя
116763,116769,8035254,1732545570,"Интересная акция 😄 Выгода аж 8 рублей! 
И промокод не работает, говорит, что заказ должен быть от 1899."
116763,116794,1916354,1732895506,Уточните судьбу заказа на б. Грузинская 57с1 кв 84 с тел 8909-95699хх . через час нам заказ уже не нужен будет. Срок доставки 20 мин вышел. Просим оперативно связаться или оформить отмену заказа по вине исполнителя
116745,116747,12259617,1732191360,Хочу пиццу
116745,116748,9259335,1732191395,Участвую
116745,116749,145566122,1732191587,
116745,116750,15943577,1732192363,Участвую
116745,116751,19489654,1732193688,Интересненько)
116745,116752,407330149,1732195520,Хочу победить!!!
116745,116753,4185855,1732196000,Участвую
116745,116754,800473159,1732197840,Участвую
116745,116755,43884797,1732201376,Хочу пиццу и не одну 🔥
116745,116756,563565225,1732203623,Участвую
116745,116757,176948506,1732207267,На удачу🍀
116745,116758,176948506,1732207272,🎁🎁🎁
116745,116760,50345543,1732222126,Очень интересно ) хочу победить))
116745,116761,111211089,1732226982,"ну, хотя бы когда-нибудь, должно же повезти?..."
116745,116762,21558648,1732256483,Томат Сыр Ананас Курочка
116745,116764,22748628,1732277132,
116745,116765,15010715,1732281036,Участвую
116745,116767,874954939,1732419201,Мяф
116745,116768,30174976,1732544319,Участвую
116745,116771,891729181,1732625759,куфть😋
116745,116774,166467595,1732638096,"Участвую, 558rikkota"
116745,116775,239324880,1732643056,Супер
116745,116776,406198918,1732689747,Участвую
116745,116781,529091871,1732726553,Участвую
116745,116782,239324880,1732726728,Хочу пиццу
116745,116783,24535656,1732785409,"Добрый день, на их канале ничего нет"
116745,116785,56862449,1732795879,Участвую
116745,116818,30174976,1733054298,А где можно посмотреть результаты?
116745,116837,30174976,1733324108,[club10095732|Папа Джонс] Здравствуйте! Где можно посмотреть итоги?)
116738,116739,46944794,1732118429,🎉🎉
116716,116729,-214445117,1731979035,"Оперативно решили мою проблему. Асы своего дела, рекомендую 🤌"
116704,116705,345921254,1731484320,👍
116704,116706,195792991,1731588827,"ВЫ ПРИВЕЗЛИ МНЕ ИСПОРЧЕННУЮ ПАСТУ!!! 
во всех чатах молчите, на письма обратной связи тоже не отвечаете!"
116704,116708,490570,1731597168,"Ужасный сервис! Деньги сняли, пиццы нет, в чате признали ошибку, но не отвечают больше, трубку не берут! Позор!!!"
116704,116713,273851292,1731779685,"Где заказ? Уже 2 часа нет, телефон не отвечает"
116704,116715,399943453,1731918205,"Здравствуйте. Сделала заказ больше часа назад в приложении. Мало того, что пиццу даже не начали готовить, трубку телефона никто не берёт."
116704,116721,223455262,1731945542,"Отвратительный лагующий сайт и приложение, заказ пытался оформить минут 40. Звонишь оператору - ни баллы списать, ни промо активировать. Зачем вообще звонок нужен? Минус клиент на ровном месте получается. Не советую заказывать"
116704,116726,366433511,1731951865,"Когда починят сайт и приложение?
я хочу пиццы 😡😡"
116704,116731,30453049,1732024645,Акция 1=2 по вторникам еще в силе?
116704,116736,302549624,1732108613,"Оставьте эту пиццу навсегда в меню пожалуйста, она великолепна. Лучше всех пицц в меню 😭😭😭😭"
116638,116639,345921254,1730792189,Сёрф-энд-тёрф!👍
116638,116642,41484,1730800931,"Пришло письмо в почту с пунктуационными ошибками и срок действия акции по 24 февраля 2024 😑
""Предложение действительно по всех городах России присутствия Папа Джонс"" - тоже странно звучит"
116638,116645,4274496,1730812381,"Пицца не вкусная. Раньше была намного лучше. Любила заказывать кроме пиццы сладкие узелки, были очень вкусными. Потом качество испортилось. Тесто сухое, забитое, не вкусное, как у узелков, так и у пиццы. 
Сегодня решили дать еще шанс  реабилитироваться, но нет. Все тоже самое осталось. Сухое невкусное тесто. Видимо, теперь тесто делает кто-то другой или изменили рецептуру. 
Жаль.
В приложении не нашла где отзыв написать, только обратную связь"
116638,116656,59568456,1731007401,"Верните бонусы по этому заказу!!! Заказа не было, было просто добавление товара в корзину."
116638,116664,168942253,1731139901,"Скоро сайт почините?
Уже минут 15 лежит"
116638,116667,2914956,1731168708,когда привезут заказ? moscow-103-49992231-P
116638,116671,53453863,1731232761,"Заказ moscow-23-49988786-iP везли более 2 часов, привезли все холодное, ресторан заблокировал мой номер телефона. Поддержка вообще не отвечает. В общем кто захочет пиццу, лучше обходить стороной доставку в ПД!"
116638,116677,2658048,1731319868,"Как обменять баллы на подарочную позицию из меню? Ни в приложении , ни на сайте нет такой возможности."
116638,116682,27395671,1731324908,"Ребят, от заказа прошло 2,5 часа!!!!!!!!! За 3886р
Вы чего творите! Как отказаться??
Звоню в ресторан на Космодемьянских - абонент не абонент"
116638,116695,4808234,1731397166,"Подскажите, а когда я получу свой приз за акцию Мой Пингвин. Уже все сроки прошли давно"
116638,116697,19278707,1731407118,"Здравствуйте 
Подскажите, пожалуйста, условия акции ""2 пиццы по цене одной по вторникам"".
Какая пицца участвует в акции?
Обязательно ли брать две одинаковые пиццы?
И т.д."
116638,116816,0,1733048488,
116628,116634,112137452,1730590307,"А почему в письме, спросили как получить приз, я ответила, и дальше тишина(((("
116628,116740,50345543,1732132059,"Здравствуйте!
Пришло два уведомления,ответила, после сказали, что команда свяжется и тишина…"
116628,116897,112137452,1734554107,Кто нибудь вообще получил то что выиграл?😁 Именно в этом конкурсе?
116628,116950,608499102,1734952283,Весело...
116627,116640,525341427,1730792716,"мне пришло письмо 1 ноября на почту, что готова ли я получить подарок, я ответила что готова, ответа больше не получила("
116627,116651,184558262,1730973923,А я случайно увидела письмо в папке спам спустя неделю 😭я ещё смогу получить приз?
116627,117110,50460381,1737097471,"Нам тоже пришло письмо 1 ноября на почту, что готова ли я получить подарок, я ответила что готова, ответа больше не получила("
116588,116589,0,1729875452,
116588,116591,858202520,1729881182,"История из моего детства. 
Мне в течение месяца снился один и тот же сон. Мама с папой предлагают поехать на море, купаться. Я с удовольствием соглашаюсь и мы выезжаем. Мы приезжаем на машине на болото! Папа говорит вы тут раскладывайтесь а я сейчас машину припаркую и вернусь. Ну и вот в этом болоте чудища чудные страшные вылазили, но видела их почему-то только я. Я хочу крикнуть, а голоса нет, я хочу бежать а вообще не могу тронуться с места. Через какое-то время приходит папа и всё-я просыпаюсь. Я ходила на занятия через необлагороженное озеро-оно цвело часто и было похоже на болото😂 я все детство обходила его стороной. Но страх того озера остался:)"
116588,116592,274118255,1729884520,"а вы все заказы доставляете больше 2-х часов? 2 часа прошло, до сих пор в статусе ""готовится"". заказали ОДНУ пиццу. сколько можно ждать"
116588,116599,0,1729979596,
116588,116605,111561342,1730035060,"Вот такая пицца в мытищах с новомытищинский д48
На минуты эта пицца стоит 989р ожидание и реальность не сопоставимы! Тонкое тесто 30см."
116588,116610,101183889,1730138933,"Бесплатная пицца за баллы, только при заказе от 3тыс. Худшая бонусная программа , для чего вообще эти тысяча бонусов не понятно."
116588,116629,6392001,1730445420,Вот что мне вчера привезли) даже слов найти не могу подходящих… еще и за доставку заплатила 149 рублей 😀
116588,116649,176948506,1730888494,[club10095732|Папа Джонс] здравствуйте😊итоги?)
116583,116606,101183889,1730039063,"За пригласи друга, не начислили бонусы и в чате поддержки уже неделю ингнорируете :/"
116581,116584,545243988,1729506982,
116568,116572,16479076,1729434625,"Отвратительное отношение к клиентам. Было написано , что доставка 60 минут. По факту с момента оформления заказа прошло 2 часа, трубки никто не берет, в чате не отвечает. От приложения уведомление , что курьер забрал заказ час назад - привезет он заказ сегодня или нет , непонятно. Больше заказывать не буду и вам не советую , ситуация не в первый раз повторяется. Сервис не улучшают с годами, а только ухудшают
Заказ moscow-85-49709206-iP"
116568,116573,170576733,1729435835,"Поддерживаю. Ждём заказ уже час, пиццерия от нас в 10 минутах езды. Когда уже будет работать поддержка в чате? Что вообще с сервисом? Почему вы за несколько лет скатились в пропасть?
Была максимально лояльным клиентом, несколько лет назад постоянно заказывала пиццу, сейчас, это просто испытание, оформить заказ и дождаться его! Заказ Moscow-62-49710535-ip
Верните уровень!!!"
116568,116579,144471587,1729444402,"Поддерживаю. Очень долгая доставка! Тут идти 10 минут максимум, на машине не больше 5 минут! Первый раз заказываю и скорее всего больше не буду и никому не посоветую! Еще и чат молчит, контактов нет!"
116542,116543,0,1729235459,
116542,116545,13838488,1729246733,"Испорченный день рождения и обман с заказом. 15.10 заказывала на день рождение дочери пиццу, с учетом количества гостей естественно, оплатила и плавленный спрос на доставку -как итог спустя более, чем 90 мин приехал курьер, привезя не полный заказ, 2 пиццы из 3, сказал, ой 3 привезу или сегодня или завтра.. решили не портить праздник, открыли привезённую пиццу-холодная, пересушенная, без масла в комплекте.. всегда заказываем примерно один и тот же набор, поэтому сказать мне, что такой она и должна была быть не выйдет.. пиццу есть было невозможно, ребёнок расстроен, мы должны импровизировать с гостями, третья пицца в этот день не появилась. На след день курьер позвонил, спросил когда привезти пиццу, которую забыл ранее, муж попросил после 19:00, на этом все ни курьера, ни пиццы, одно разочарование от работы любимой пиццерии. На сегодняшний день с нами никто не связался, ни принёс извинения и заказ не выполнил… 
Это комментарии по заказу: moscow-48-49635597-iP от 15.10. Прошу связаться со мной и исправить насколько это возможно испорченное событие"
116542,116547,567875777,1729279797,Самая тухлая пицца в мире и сервис такой же! Не советую никому и никогда. Поддержка трубки не берет. Заказ в пути уже час. Ехать 2 км. Что с ним где он непонятно. В общем не советую
116542,116563,46697432,1729349133,"Заказ Москва -81-49689277 предоплата , через 1ч 20 статус готовится , после вопроса в чат - отменяет . Ни ответа ни привета ,ни извините , деньги не вернули"
116542,116571,16479076,1729434241,"Отвратительное отношение к клиентам. Было написано , что доставка 60 минут. По факту с момента оформления заказа прошло 2 часа, трубки никто не берет, в чате не отвечает. От приложения уведомление , что курьер забрал заказ час назад - привезет он заказ сегодня или нет , непонятно. Больше заказывать не буду и вам не советую , ситуация не в первый раз повторяется. Сервис не улучшают с годами, а только ухудшают"
116532,116548,567875777,1729279893,Отвратительно
116532,116564,23238033,1729354581,[club10095732|Папа Джонс] почему я не могу отправить рассказ и фото на странице акции?
116532,116596,652901111,1729955998,"Добрый вечер, подскажите пожалуйста где посмотреть итоги конкурса супер папа?"
116532,116603,7101873,1730001606,"Здравствуйте.
Если мы заняли 42 место в конкурсе «суперпапа», какой полагается приз и как его получить?"
116530,116549,567875777,1729279906,Отвратительный сервис и пицца
116529,116550,567875777,1729279915,Хуже не бывает
116528,116551,567875777,1729279941,"Берите другие пиццы, которые быстро привозят и качественно"
116527,116531,992663,1728878799,Оставите
116527,116533,7766761,1728933116,"Доставляют холодную и несъедобную и ночью и в любое время суток , холодную и несъедобную"
116527,116733,30381004,1732055314,"Оставили голодным
Ресторан временно не принимает заказы, и так каждый день после 11 часов вечера..."
116526,116534,7766761,1728933208,"Позор такой команде, особенно руководящему менеджменту"
116526,116535,7766761,1728933289,"Кто вам сказал такую глупость, что она вкусная"
116526,116553,567875777,1729280011,Позор полный согласен. За такую цену закажите нормальную пиццу а не этих шарлатанов
116525,116554,567875777,1729280070,Вы подумали как проведёте вечер? Звонки три часа чтобы узнать где пицца и никто не берет трубки - тогда вам к нам)
116495,116497,158155552,1728735118,"Просто позор такой глабальной сети!
Оформил заказ kurkino-khimki-9-49584900-iP
Привезли не с тем бортом, на звонок не отвечают, чата с поддержкой нет, просто выкинул 2200 на ветер, еще раз позор а не сервис , люди обходите сторой !! Не платите им"
116495,116498,51080771,1728753937,moscow-74-49592920-i где мой оплаченный заказ?? Задержка 2 часа
116495,116501,638877516,1728820050,"Оформила заказ 13.10.2024 в 10.15 (lubercy-1-49601746-AP). В указанный период времени (70-80 минут) заказ не доставлен. Он был доставлен с опозданием в 15 минут и есть её уже не было времени. Курьер сообщил, что ему передали заказ в 11.54. Служба поддержки пиццерии не отвечает. В 11.45 я написала обращение об отмене заказа. Но ответ так и не получила. Не рекомендую заказывать у них пиццу."
116495,116504,90913990,1728830123,"Заказ lubercy-1-49607679-AP , в день рождения сделали заказ ко времени, вместо осенней пиццы привезли какую-то с тыквой, которую никто не ест, привезли на 30 минут позже крайнего срока, сырный борт абсолютно не вкусный так как сыр уже холодный. По телефону не отвечают, служба поддержки тоже. Отвратительно, и это в день рождения, очень расстроили, хотя заказываем не в первый раз, видимо в последний"
116495,116507,3386563,1728839131,"Добрый день ,10 сентября ресторан сам отменил заказ  moscow-18-49144046-AP, позвонила девушка менеджер ресторана сказала ,что света нет , деньги списали ,заказ отменили,до сих пор возврата  денежных средств не поступало ,прошел месяц,вы там издеваетесь??На связь не выходите ни в чат, ни  на почту ответа не прислали."
116495,116508,3386563,1728839304,"И ваша почта для чего ,обратной нет связи с вашей стороны никакой....."
116390,116396,273878439,1727954392,Ответьте пожалуйста в лс
116390,116406,813063860,1728060862,"Ответьте в сообщения. В приложении статус «с заказом что-то не так, обратитесь в ресторан». Ресторан трубку не берет, звонила 8 раз! Я должна за вами бегать, чтобы получить ответ по оплаченному заказу?"
116390,116409,774579407,1728065121,"Телефон не доступен, заказ в статусе ""готовится"" полтора часа. При заказе было указано, что через 30 минут привезут. Отправили в банк заявку на чарджбек. Не рекомендую контору. Контактов и связи нет у них."
116390,116412,24892603,1728066039,"Аналогичная ситуация что у девушки в последнем комментарии, ответьте в лс
оплатили заказ больше часа назад, и до сих пор никакой информации"
116390,116417,660472,1728067880,"Заказал пиццу в шесть вечера. Ресторан через дорогу, менее ста метров. 10 ночи,а пиццы нет, телефон ресторана выключен. ВЕРНИТЕ ДЕНЬГИ!!!!"
116390,116418,1164684,1728070406,"У меня идентичные вопросы! 
Зачем включать деньги в раскрутку сообщества в ВК, если элементарно нет клиентоориентированности! 

Приложение не работает, если раньше хотя бы по горячей линии можно было дозвониться, то сейчас вообще никак нереально. Не узнать статус заказа😡😡

Заказ задерживается уже на 2 часа 😡😡😡😡"
116390,116446,0,1728135403,
116390,116448,78686210,1728147952,"Первый раз в жизни решил заказать НЕ в додо - ""ресторан не найден""))) ну видимо не судьба у папы хоть раз получить мои монеты)"
116390,116451,16097296,1728154584,"Номер заказа moscow-81-49494273-PD, телефоны недоступны, заказа нет уже более 2 часов. Ответьте в лс. 

И да, это последний раз, когда делаю у вас заказ."
116390,116461,7766761,1728163942,Не заказывайте у них. Готовят как для свиней. Обратной связи никакой
116390,116475,5894383,1728222450,"Заказала у вас пиццу в 15.30. Доставку писали через час. Оплату сняли, заказ до сих пор «готовится». Ни телефон никто не берет, ни в поддержке не отвечают. Отвратительная контора стала."
116390,116483,109206122,1728294805,"слева пицца за 1000 рублей, справа за 200
почему пицца за 1000 выглядит хуже пиццы за 200, и вы пытаетесь доказать, что это так и должно быть?)"
116390,116485,379109838,1728332468,"Убедился, что прежде, чем заказывать, нужно было почитать отзывы, больше никогда не закажу в вашей шарашкиной конторе. Заказ уже жду 2,5 часа, телефон никто с 22:20 не берет, хотя «ресторан» работает до 23:00. Заказа нет, и судя по отзывам, не будет. Ужасное отношение, это был первый и последний заказ. Верните деньги. 

lubercy-1-49524230-iP"
116390,116492,635913072,1728482387,"Здравствуйте, я пригласил друга по реферальной программе в приложение папа Джонс и он заказывает там пиццу , мне обещали 1000 бонусов , но так и не получил ничего, поддержка в приложении не отвечает, помогите пожалуйста разобраться с этим вопросом. Спасибо"
116367,116373,72942851,1727539994,"Ваш сервис доставки просто помойка. Заказ, который обещали доставить через 45 минут, не был готов спустя три часа, в результате чего мы решили отменить заказ. Но заказ не отменяют , деньги не возвращают. На звонки отвечали через раз и кормили завтраками, что пицца готовится, курьер в пути и тд. К слову, это уже не первый случай с пиццерией папа джонс. Никому не советую и буду всем рекомендовать обходить стороной эту забегаловку💩"
116367,116386,3584101,1727683862,Ответьте в личные сообщения !
116367,116388,815583981,1727749897,"Здравствуйте, скидка студентам и именинникам суммируется?"
116367,116394,455079530,1727895235,"Ужасный сервис, ни на звонки не отвечают, ни на сообщения. В прошлый раз писала, ничего не сделали. Сегодня заказала как обычно вегетарианскую и добавить креветки. Мало того, что креветки не добавили, вместо них курицу положили.. И ни ответа, ни реакции... Пожалела, что сделала заказ именно в этой пиццерии. А других хотя-бы есть клиентский сервис и решают проблемы. Тут не отвечают ни на звонки, ни на обратную связь,никакой реакции. Это очень странно. Если бы сотрудничали со службой доставки купер например, за них бы хоть отвечал купер. Во всяком случае яндекс доставка и купер быстро решают любые проблемы с заказом. А папа джонс не только не сотрудничает с ними, он и сам по себе никак не решает проблемы с заказом. 🙅🏻‍♀️ Вообще не рекомендую делать покупки тут из-за ошибок поваров, и отстутствия обратной связи."
116367,116403,691168422,1728058256,"Сегодня сделали заказ.Номер заказа не прислали. Пиццу не привезли. ДЕНЬГИ ЗА ПИЦЦУ СПИСАЛИ! К телефонам ни к одному никто не подходит. Похоже пиццерия окончательно испортилась. То что уже просто начали ""кидать"" покупателей..... Это уже слишком. Мошенничество?"
116367,116405,325346808,1728060790,Заказали и оплатила пиццу 3 часа назад. Статус заказа в приложении не изменился. На сайте история заказов вообще не грузится. В лс не отвечают. Телефоны не работают. Что делать то? Я прям в шоке от сервиса 😱
116367,116416,573699216,1728067523,"Заказ жду 3й час, ужас!! Не советую вообще."
116367,116420,74623614,1728071079,"Отвратительный сервис!!!!!
Ледяная пицца сегодня доставлена с задержкой.
Ноль клиентского сервиса, куда обратиться за решением проблемы??"
116367,116421,1164684,1728071473,"Самое ужасная доставка!

Бестолковое вложение денег в маркетинг и звезд, когда не работают элементарные вещи(скорость доставки, приложения, обратная связь!! 
Меняйте команду! Либо закрываетесь совсем ! 

3 часа нет моей пиццы! Уже не надо!"
116367,116452,16097296,1728154672,"Номер заказа moscow-81-49494273-PD, телефоны недоступны, заказа нет уже более 2 часов. Ответьте в лс. 
 
И да, это последний раз, когда делаю у вас заказ."
116367,116658,205820111,1731052148,Что входит в состав пиццы Улыбка?
116358,116360,520881050,1727342762,"Добрый день! Заказ 3949. Не могу связаться ни с пиццерией/ни с поддержкой. Телефоны отключены. Заказывал заранее ко времени пиццу к Дню Рождения, заказ опаздывает. Насколько - непонятно."
116358,116363,520881050,1727343025,"Сообщения в поддержку не проходят. 
Вы закрылись? Не заказывать больше ?"
116358,116365,268365921,1727465319,"Прошло уже больше трех часов. Заказ с пиццерии  ул. Адмирала Руднева, 20. 
Верните деньги !"
116358,116366,55065145,1727467238,3 часа - это норм для вас время доставки??? Вам клиенты не нужны??? Что за беспредел??? Тел не отвечаает
116358,116370,6727452,1727513817,"Мы  ждали пиццу 4 часа вместо заявленных 90 минут. Связаться было невозможно. А утром администратор звонит и говорит, что ее вообще вчера не было, к кому вопросы, получайте деньги назад и всё. Мы много лет заказывали вас из большого многообразия пиццы. И такое отношение?"
116358,116453,16097296,1728154678,"Номер заказа moscow-81-49494273-PD, телефоны недоступны, заказа нет уже более 2 часов. Ответьте в лс. 
 
И да, это последний раз, когда делаю у вас заказ."
116355,116356,15870062,1727252033,Какой номер колл центра?!
116355,116359,5780620,1727282713,"Для получения призов, участники, выигравшие Призы, должны предоставить Партнеру
акции ООО «КИНОКрафт» ФИО, адрес регистрации, номер и серию паспорта, ИНН, и
иную информацию, которая будет необходима для подачи сведений в налоговые
органы, а также для передачи приза победителю. - для получения билета в кино тоже? 🤣"
116355,116362,520881050,1727342838,"Добрый день! Заказ 3949. Не могу связаться ни с пиццерией/ни с поддержкой. Телефоны отключены. Заказывал заранее ко времени пиццу к Дню Рождения, заказ опаздывает. Насколько - непонятно."
116355,116454,16097296,1728154685,"Номер заказа moscow-81-49494273-PD, телефоны недоступны, заказа нет уже более 2 часов. Ответьте в лс. 
 
И да, это последний раз, когда делаю у вас заказ."
116354,116422,1164684,1728071482,"Самое ужасная доставка!

Бестолковое вложение денег в маркетинг и звезд, когда не работают элементарные вещи(скорость доставки, приложения, обратная связь!! 
Меняйте команду! Либо закрываетесь совсем ! 

3 часа нет моей пиццы! Уже не надо!"
116354,116455,16097296,1728154689,"Номер заказа moscow-81-49494273-PD, телефоны недоступны, заказа нет уже более 2 часов. Ответьте в лс. 
 
И да, это последний раз, когда делаю у вас заказ."
116350,116423,1164684,1728071491,"Самое ужасная доставка!

Бестолковое вложение денег в маркетинг и звезд, когда не работают элементарные вещи(скорость доставки, приложения, обратная связь!! 
Меняйте команду! Либо закрываетесь совсем ! 

3 часа нет моей пиццы! Уже не надо!"
116350,116456,16097296,1728154694,"Номер заказа moscow-81-49494273-PD, телефоны недоступны, заказа нет уже более 2 часов. Ответьте в лс. 
 
И да, это последний раз, когда делаю у вас заказ."
116332,116348,2023842,1726864789,"А пиццу не можете привезти 
Деньги списали пиццы нет
Кидалы"
116332,116391,10087432,1727827406,Приложение отвратительное! Кто такие тестировщики не знаете?
116332,116424,1164684,1728071502,"Самое ужасная доставка!

Бестолковое вложение денег в маркетинг и звезд, когда не работают элементарные вещи(скорость доставки, приложения, обратная связь!! 
Меняйте команду! Либо закрываетесь совсем ! 

3 часа нет моей пиццы! Уже не надо!"
116332,116457,16097296,1728154701,"Номер заказа moscow-81-49494273-PD, телефоны недоступны, заказа нет уже более 2 часов. Ответьте в лс. 
 
И да, это последний раз, когда делаю у вас заказ."
116328,116329,46944794,1726570582,🤷🏼‍♂
116328,116349,2023842,1726864802,Кидалы
116328,116425,1164684,1728071515,"Кидалы!!

Самое ужасная доставка!

Бестолковое вложение денег в маркетинг и звезд, когда не работают элементарные вещи(скорость доставки, приложения, обратная связь!! 
Меняйте команду! Либо закрываетесь совсем ! 

3 часа нет моей пиццы! Уже не надо!"
116328,116458,16097296,1728154708,"Номер заказа moscow-81-49494273-PD, телефоны недоступны, заказа нет уже более 2 часов. Ответьте в лс. 
 
И да, это последний раз, когда делаю у вас заказ."
116322,116333,1307317,1726645598,"Напишите, пожалуйста, как с вами связаться. Сделали заранее большой заказ на важное мероприятие. Ресторан не отзвонился. Будет ли доставка?"
116322,116346,89418390,1726764953,"О, я вижу я не один такой. Заказ на доставку был сделан 2 часа назад с пицерии ул. Садовники, 3, Москва, 115533. Заказ ушел в статус ""С заказом что-то не так, перезвоните в ресторан"". Телефон ресторана - не абонент. Общий - не прозванивается. Чат - не отвечает. Поддержка - нулевая. Верните деньги за заказ."
116322,116426,1164684,1728071544,"Самое ужасная доставка!

Бестолковое вложение денег в маркетинг и звезд, когда не работают элементарные вещи(скорость доставки, приложения, обратная связь!! 
Меняйте команду! Либо закрываетесь совсем ! 

3 часа нет моей пиццы! Уже не надо!"
116322,116459,16097296,1728154714,"Номер заказа moscow-81-49494273-PD, телефоны недоступны, заказа нет уже более 2 часов. Ответьте в лс. 
 
И да, это последний раз, когда делаю у вас заказ."
116273,116274,1866174,1726128129,Это новая акция? Или срок продлили?
116273,116283,114803009,1726248661,"Телефон поддержки не работает, в чате тишина. Заказ спустя 30 минут после оплаты даже не начали готовить, хотя на сайте обещали привезти за 40 минут. Первый раз заказывал, больше не буду. Никому не советую.
UPD 1: Спустя 50 минут позвонил ресторан, сказали, что сайту доверять нельзя, там ничего не работает и курьер уже в пути. Тем временем курьер ""едет"" уже 40 минут. Общее время ожидания уже 1,5 часа."
116273,116301,458471257,1726315945,"Угадайте по фото что это за пицца 😏

Пиццерия папа Джонс, с каждым заказом пицца все хуже и хуже! Начинку кинули будто с двух метров - а-ля попадет не попадет, а сырно-чесночный борт без аромата и вкуса чеснока. С таким понижением качества и затрат на пиццу вы и клиентов растеряете"
116273,116303,11751911,1726333904,"Moscow-74-49200965-AP 
Добрый вечер! Каков статус заказа?"
116273,116308,4024769,1726344998,"Отлично работаете, ребята.
Сначала Ваш курьер врезается в идущую рядом с хозяином собаку и сваливает, после чего вы сразу перестаёте отвечать на телефон.
Время инцидента 22:55, адрес Башиловская 14, выезд со двора.
Жду хоть какой-то реакции."
116273,116317,2263009,1726419450,"Вчера сделали заказ, на сайте статус - ошибка. Бот на сайте час уже ""готовит ответ"". Пытались дозвониться до ресторана, там не отвечают. Запросили возврат средств, еще вчера, но сегдня пару часов назад пришел чек. Чего ждать то в итоге?"
116273,116460,16097296,1728154721,"Номер заказа moscow-81-49494273-PD, телефоны недоступны, заказа нет уже более 2 часов. Ответьте в лс. 
 
И да, это последний раз, когда делаю у вас заказ."
116267,116427,1164684,1728071555,"Самое ужасная доставка!

Бестолковое вложение денег в маркетинг и звезд, когда не работают элементарные вещи(скорость доставки, приложения, обратная связь!! 
Меняйте команду! Либо закрываетесь совсем ! 

3 часа нет моей пиццы! Уже не надо!"
116256,116257,6375380,1725735435,"Был сделан заказ moscow-74-49107844-AP. Курьера нет до сих пор, телефон ресторана отключен, дозвониться до по основному номеру не получается (+7 (495) 775-07-94)."
116256,116261,49928317,1725816415,"Не привезли часть заказа, в итальянской пицце курица
Номер заказа moscow-102-49123474-iP"
116256,116323,112112507,1726481869,"Как с вами связаться?? В группе не отвечаете, телефон выключен"
116253,116428,1164684,1728071625,"Пицца отличная, но сервис - помойка!! 

Самое ужасная доставка!

Бестолковое вложение денег в маркетинг и звезд, когда не работают элементарные вещи(скорость доставки, приложения, обратная связь!! 
Меняйте команду! Либо закрываетесь совсем ! 

3 часа нет моей пиццы! Уже не надо!

10 лет я была с вами, но сегодня терпения кончилось! 

Это был мой последний заказ пока не поменяется команда, скорость доставки и станет нормальная клиентоориентированность."
116227,116240,200811874,1725306825,"Да, теперь для меня знание о ""папа Джонс"" стало силой, которая никогда не позволит делать заказ у этих аферистов. Если что, заказ № odintsovo-1-49043736-iP, ожидание которого затянулось более чем на 3,5 часа и заказ до сих пор не доставлен."
116209,116211,833075898,1724851343,Ну вкусно же. И #НаЗОЖнеПОХож
116209,116212,113559096,1724949780,"Нормально вы работаете: 
В условиях доставки одно, при оформлении заказа другое. Сейчас 19:40, а не 23:00 лол
Какая ночная доставка…. Мда"
116178,116179,225022033,1724689630,Один и тот же человек и там и там выиграл ????
116178,116180,0,1724689710,
116178,116182,236625834,1724690357,Мошенники . Обещали выбрать два победителя!!!
116178,116183,142681037,1724690379,Мерзкая группа
116178,116190,5575500,1724734761,
116178,116198,159074188,1724744844,Дайте промокод на пиццу
116042,116045,5575500,1724652730,"побольше мяса, соус и фирменный перчик!👍"
116042,116070,219443644,1724659077,
116042,116088,46944794,1724665348,"Классическая пицца, с кедровым орехом."
116042,116089,46944794,1724665404,"Классическая пицца, с грибами, ветчиной, с зелеными помидорами."
115745,115833,8455931,1724443425,"На горячей линии не отвечают, в чате поддержки тоже, в сообщениях ВК - аналогично тишина. Заказ moscow-81-48898520-iP был оформлен более 1,5 часов назад, до сих пор статус «Готовится»🤦🏼‍♀️

Добиться ответа о сроках заказа невозможно.

Как и, судя по всему, получить заказанную и предоплаченную (!!!!!!!) еду"
115745,115894,457384802,1724533894,"Аналогичная история, 2 часа жду заказ, звонил на все номер что нашел, ничего не отвечают, чат не отвечает, поддержка топ, открыть статус заказа не могу, т.к. просит авторизацию, которой я не делал при заказе! Просто украли деньги, нервы и время."
115745,115895,457384802,1724534571,"и вот 2,5 часа спустя привезли холодную пиццу, без соуса, без перчиков (которые были оплачены отдельно), отлично работаете ребята"
115745,115979,27893683,1724613175,"Прождали больше 2 часов заказ,поехали уже сами в заведение,где как оказалось даже не начали готовить заказ,так нас ещё и послали, большое спасибо папа джонс за такое отношение"
115745,115987,353851361,1724616151,"Заказали заранее, чтобы у людей было время, - в итоге холодная пицца и обгрызанный перчик! По телефону уверяли, что он такой и был, - но выглядит обкусанным. Зачем использовать явную некондицию? Сразу кажется, что и в пиццу могли плюнуть. Мерзость"
115541,115677,524980916,1724235054,"В рекламной рассылке и в боте написано напишите эссе, а в условиях конкурса про это вообще не слово только замануха что бы купили пиццы на 2000 рублей, зачем тогда писать эссе? и будет ли за это вообще что то?"
115541,115691,134923811,1724244354,"Как связаться с вами? Чат поддержки не отвечает, ресторан трубку не берет! Отвратительное отношение к клиентам, хотим вернуть деньги за заказ"
115541,115693,250823888,1724246899,"moscow-7-48862586-iP Отмените заказ, 5 часов висит как принятый."
115541,115773,4862966,1724351807,"Я так понимаю пиццерия умерла и отмыться не сможет, потеряете тонну клиентов просто морозя деньги клиентов. Пицца moscow-85-48881133-iP все еще куда то едет, по времени похоже куда то в Питер, телефоны не берут ни в пицерии ни в офф номере, поддержка с чатами тоже не работает. Удобно, а главное хороший пиар чтобы не заказать здесь еще раз"
115541,116215,21876588,1725043835,"Отмените заказ moscow-82-48990360-iP
Два часа прождал и больше не хочу"
115541,116217,250823888,1725096761,"moscow-7-48862586-iP заказ отменил 21 августа, деньги так и не вернули!"
115541,116224,0,1725182040,
115541,116238,200811874,1725305225,"Впервые решил попробовать пиццу от этой компании воспользовавшись мобильным приложением. Заканчивается 3-й час ожиданий заказа. По всем признакам, либо аферисты, либо просто ленивые, бессовестные, жадные люди (ну это если цензурно выражаться). Возможности отменить заказ нет. Ни один телефон , не то что не отвечает, не работает!"
115541,116246,424839216,1725391073,"Ваша поддержка меня игнорирует в чате, по телефону вам не дозвониться. Я оформила заказ в 20:00 через ваше приложение и вот сейчас 22:17, а заказа  нет до сих пор. Что это такое вообще??  moscow-74-49054506-iP - деньги списали, заказ не приехал"
115541,116254,0,1725651745,
115541,116258,6375380,1725735449,"Был сделан заказ moscow-74-49107844-AP. Курьера нет до сих пор, телефон ресторана отключен, дозвониться до по основному номеру не получается (+7 (495) 775-07-94)."
115541,116271,113559096,1726078441,"30 августа сообщила о проблеме. 5 дней вы сообщили, что вам нужно больше времени, чтобы разобраться в ситуации. 
ОТВРАТИТЕЛЬНО
Цена на доставку стоит больше, чем в условиях на вашем же сайте. Обманщики!"
115541,116278,878704465,1726243111,"А что произошло с вашим сервисом, отвратительно так обманывать людей!!!! Время в приложении пищит 40 минут а потом пишут  более 120 минут, ни телефоны ни чат не отвечает!!! Не рекомендую вам заказывать папа Джонс!!!"
115541,116279,229132329,1726245778,"У вас сайт сломался? Уже час висит, что заказ принят, но так и не начался готовиться. Москва, «Пиццерия №8» по ул. Маломосковская, д. 20, к. 1. Ресторан на звонки не отвечает, идут гудки, потом абонент не доступен."
115541,116291,498092621,1726252980,"Круто, заказ принят уже целый час, что происходит? Звоню в поддержку - сбрасывают"
115541,116292,7365536,1726253046,Эй! Вы там совсем оборзели? Деньги верните!
115541,116304,64074345,1726335242,"Что мне делать?
Номер заказа moscow-74-N49200982-AP

Полтора часа тишины"
115541,116313,19237318,1726417783,"Вчера оформила заказ, оплата списалась, но потом появилось сообщение, что что-то не так и надо связаться с рестораном. 
Телефон не работает, в чате бесконечный поиск обращений, на почту тоже не ответили.
Как вернуть деньги?"
115541,116324,112112507,1726482414,"ГДЕ НАШ ЗАКАЗ??? Оформили большой заказ через сайт в 8 утра на 13 часов. 
НИ ОТВЕТА, НЕ ПРИВЕТА, деньги списали, 13:30- пиццы нет. НИ ОДИН НОМЕР НЕ ДОСТУПЕ"
115199,115200,8608426,1724079955,Участвую
115199,115201,639678378,1724080242,Удача 🤞🏻 приди
115199,115202,635522064,1724080526,Участвую
115199,115203,232471786,1724080538,Участвую
115199,115204,213726667,1724080819,Класс
115199,115205,203805185,1724080822,Участвую
115199,115207,555926081,1724080989,Участвую
115199,115208,1517338,1724081034,Всем удачи!
115199,115209,89345530,1724081068,Участвую
115199,115211,5575500,1724081448,Button Blue
115199,115212,215798351,1724081487,Участвую
115199,115213,73867290,1724081523,Участвую 🥳
115199,115214,18071747,1724081782,Участвую
115199,115215,4332649,1724081949,Участвую
115199,115216,216303316,1724081981,Удачи
115199,115217,20285514,1724082005,Супер
115199,115218,19260871,1724082325,Участвую👀
115199,115219,52482194,1724082326,[club10095732|Папа Джонс]Какого числа розыгрыш?
115199,115220,7602457,1724082329,Участвую
115199,115221,15943577,1724082405,Участвую
115199,115222,149116888,1724082422,Участвую
115199,115223,44554365,1724082557,Участвую
115199,115224,43385885,1724082580,Участвую
115199,115225,28731501,1724082707,А какого числа итоги конкурса ?
115199,115226,28731501,1724082711,Участвую
115199,115227,28731501,1724082716,Удачи всем
115199,115228,29877414,1724082859,Участвую 👍
115199,115229,119000125,1724082894,Участвую
115199,115230,854196747,1724082940,Участвую
115199,115231,2531481,1724082970,Пусть победит удачливый!)
115199,115232,295145,1724082979,Участвую
115199,115233,73577837,1724083051,"Класс, участвую 👍"
115199,115234,133564881,1724083080,Участвую
115199,115235,869832720,1724083116,Участвую 🙏🤞
115199,115236,869832720,1724083122,Готово ☑️
115199,115237,869832720,1724083131,Участвую 👏👍
115199,115238,869832720,1724083135,
115199,115239,430516928,1724083171,Участвую
115199,115240,180305621,1724083209,Участвую
115199,115241,796130,1724083278,Участвую!
115199,115242,13672897,1724083465,Хочу выиграть
115199,115243,99628203,1724083477,Участвую 🤗🤗🤗очень хочется выиграть ☺☺☺☺☺
115199,115244,146064171,1724083767,Супер
115199,115245,146064171,1724083772,
115199,115246,146064171,1724083780,Участвую
115199,115247,143474950,1724083842,Участвую
115199,115248,480452441,1724083855,Участвую
115199,115249,713728451,1724083904,Участвую
115199,115250,594345879,1724084018,+
115199,115251,382882502,1724084035,Участвую
115199,115252,181031015,1724084055,Отличный розыгрыш!
115199,115253,652262091,1724084110,Крутой розыгрыш 👍👍👍
115199,115254,201959580,1724084131,Участие
115199,115255,94098724,1724084236,Участвую 🍀
115199,115256,9749849,1724084254,Классный конкурс! Участвую!
115199,115257,987495,1724084283,"Мне надо годовой запас, очень, прям необходимо!"
115199,115258,254862683,1724084288,Участвую
115199,115259,140786176,1724084322,"Участвую в этом 
Супер Крутом конкурсе !!! ❤️🍀♾️"
115199,115260,565347,1724084332,
115199,115262,539372897,1724084360,Очень хочется выиграть
115199,115263,12645765,1724084476,Мы любим Button Blue ❤️
115199,115264,148907949,1724084505,Мм.. Пицца от папы. Я в деле
115199,115265,225022033,1724084569,Класс 🙌🏻
115199,115266,275039665,1724084661,Участвую
115199,115267,275039665,1724084672,А когда результаты будут?
115199,115268,306087207,1724085018,Класс
115199,115269,475970345,1724085035,Я участвую🍀
115199,115270,576823408,1724085044,Участвую
115199,115271,66633506,1724085126,Участвую
115199,115273,139387885,1724085165,готово
115199,115274,393261240,1724085170,Участвую
115199,115275,1254622,1724085388,Участвую в конкурсе
115199,115276,767228435,1724085418,Участвую
115199,115277,147722252,1724085431,Участвую
115199,115278,206070289,1724085552,Участвую
115199,115279,143223802,1724085563,Пусть повезёт!
115199,115280,85657952,1724085600,Удачи
115199,115281,147836669,1724085629,Желаю
115199,115283,174926954,1724085742,Участвую! А вдруг повезёт!
115199,115284,183440547,1724085743,Хочу приз!!
115199,115287,58565614,1724085803,🤗
115199,115288,327057048,1724085900,Участвую
115199,115289,750964487,1724085923,Участвую
115199,115290,299522557,1724085976,Неплохо нормально
115199,115291,30174976,1724086119,Супер
115199,115292,187922128,1724086318,+
115199,115293,136754902,1724086627,Мне бы этот бокс. Участвую.
115199,115294,800473159,1724086635,Участвую
115199,115295,244681287,1724086659,Участвую
115199,115296,59051922,1724086687,Удача 🍀
115199,115297,366784676,1724086855,Участвую
115199,115298,215184,1724086897,Ура!
115199,115299,49859152,1724087010,Я за
115199,115300,224876888,1724087089,Участвую!
115199,115301,744996798,1724087103,Участвую
115199,115302,371300652,1724087120,Участвую
115199,115303,17730055,1724087195,Участвую
115199,115304,300732926,1724087252,Участвую
115199,115305,244682811,1724087340,Участвую
115199,115306,88607552,1724087357,Участвую
115199,115307,236506026,1724087537,Сурерррр
115199,115308,68778395,1724087580,Участвую!
115199,115309,24942215,1724087690,😊
115199,115310,280005674,1724087771,Участвую
115199,115311,399308430,1724087835,Участвую
115199,115312,138508649,1724088046,Участвую
115199,115313,50924958,1724088120,Участвую
115199,115314,625917396,1724088179,Участвую
115199,115315,314062227,1724088224,Участвую
115199,115316,711205200,1724088257,Класс
115199,115317,25460571,1724088590,
115199,115318,169527025,1724088592,Участвую
115199,115319,25460571,1724088602,Участвую
115199,115320,197819440,1724088617,Участоваю
115199,115321,90236081,1724088701,Участвую
115199,115322,161067305,1724088727,Класс!
115199,115323,219567326,1724088735,Всем удачи 🍀
115199,115324,111668261,1724088980,Участвую
115199,115325,146222117,1724089028,Всем удачи
115199,115326,166242062,1724089146,Участвую!
115199,115327,153984257,1724089717,Участвую
115199,115328,224566242,1724089738,Участвую
115199,115329,142681037,1724089821,Хочу приз
115199,115330,467820965,1724090017,участвую
115199,115331,15716529,1724090023,Участвую
115199,115332,809740055,1724090071,Удачи
115199,115333,566089639,1724090188,"Участвую:)
А когда итоги?"
115199,115334,705523828,1724090414,Участвую
115199,115335,141683389,1724090710,Участвую
115199,115336,262691409,1724090724,Дети оценят
115199,115337,427670446,1724090877,Участвую
115199,115338,364750363,1724090889,Участвую
115199,115339,315959310,1724091142,"Интересно, когда же итоги?"
115199,115340,12341976,1724091298,Участвую
115199,115341,13992070,1724091332,Ну погнали
115199,115342,711169557,1724091491,Добрый вечер
115199,115343,146440702,1724091813,Участвую)
115199,115344,357145807,1724091933,Класс
115199,115345,159074188,1724091965,Пиццы хочет уж
115199,115346,554042583,1724092099,Я участвую
115199,115347,49065203,1724092196,Супер👍
115199,115348,648233273,1724092346,Верим в удачу
115199,115349,565646702,1724092488,Участвую
115199,115350,810878695,1724092544,Участвую
115199,115351,-204006567,1724092548,"Убедившись в честности [club10095732|Ваших] конкурсов, готовы стать спонсором следующего, обеспечив его призовой фонд и выплату вознаграждения победителю, взамен упоминания нас в нём."
115199,115352,26015146,1724092964,Я с вами
115199,115353,30801280,1724093150,Папа Джонс - это вкусно :)
115199,115354,140728862,1724093233,Участвую
115199,115355,32984790,1724093438,участвую
115199,115356,428308893,1724093465,Участвую
115199,115357,22151007,1724093507,Участвую
115199,115358,801209560,1724093527,Участвую
115199,115359,711264457,1724093707,Мне повезёт
115199,115360,506803605,1724093850,Всем удачи☺
115199,115361,704100382,1724093909,Удачи в гачи
115199,115362,39452557,1724093982,Участвую
115199,115363,165236173,1724093984,Участвую
115199,115364,165236173,1724094012,"[club10095732|Папа Джонс], а какого числа будут итоги?"
115199,115365,299895096,1724094171,Гоу
115199,115366,159125783,1724094194,Участвую с удовольствием [id408830398|Дмитрий Чекменев]
115199,115367,47418843,1724094240,Участвую 🤗
115199,115368,29049033,1724094287,Супер! Участвую 🍀🍀🍀
115199,115369,8892326,1724094315,🤤
115199,115371,233380051,1724094384,Участвую
115199,115372,706306515,1724094404,Участвую с удовольствием
115199,115373,577545391,1724094452,"Участвую!👍🏻
В посте не прописана дата итогов!"
115199,115374,510853533,1724094481,Супер
115199,115375,252262286,1724094485,Участвую
115199,115376,233351118,1724094507,Участвую 😌
115199,115377,712359317,1724094532,Участвую
115199,115378,384733568,1724094589,Участвую
115199,115379,245569719,1724094761,Участвую
115199,115380,17536583,1724095121,Всем нам удачи)
115199,115381,59648,1724095244,Участвую
115199,115382,360079562,1724095350,Участвую
115199,115383,332685665,1724095755,Участвую
115199,115384,132346900,1724095793,Учавствую
115199,115385,710349593,1724095837,"Так, я участвую и должна выиграть!"
115199,115386,233959853,1724095914,Участвую
115199,115387,125331772,1724095963,Участвую. Только когда итоги?
115199,115388,31664972,1724096146,Здорово. Любим и Папа Джонс (у Вас картошка по -баварски это что-то) и в Button Blue дочку наряжаю👍🔥❤
115199,115389,210950881,1724096198,Участвую
115199,115390,322332797,1724096265,Участвую!
115199,115391,384506587,1724096450,Участвую
115199,115392,208863027,1724096554,Очень хочу выиграть
115199,115393,1738953,1724096715,Участвую
115199,115394,169795615,1724096793,Удачи
115199,115395,203218490,1724096811,конечно участвую
115199,115396,203218490,1724096839,отличный конкурс
115199,115397,236362847,1724096871,Участвую
115199,115398,612897990,1724096941,Участвую
115199,115399,551465214,1724096950,Участвую
115199,115400,31107080,1724097032,Хочу
115199,115401,580977991,1724097091,Участвую
115199,115402,245319687,1724097281,Участвую
115199,115403,342603956,1724097292,Классный конкурс
115199,115404,245321211,1724097564,Участвую
115199,115405,3038460,1724097623,Участвуем ❤
115199,115406,344584759,1724097740,Я тут
115199,115407,372175503,1724097748,Участвую
115199,115408,245064928,1724097971,Участвую
115199,115409,17863062,1724098146,Годовой запас😋👍
115199,115410,231872337,1724098205,Участвую
115199,115411,384504783,1724098467,Участвую
115199,115412,99790656,1724098614,Участвую
115199,115413,677648463,1724098719,Участвую
115199,115414,28944103,1724098736,Участвую
115199,115415,813618358,1724098887,Участвую
115199,115416,384665450,1724099073,Участвую
115199,115417,10552237,1724099162,Участвую 🙌
115199,115418,83653075,1724099210,Участвую
115199,115419,474849808,1724099682,Участвую
115199,115420,734376079,1724099721,Участвую
115199,115421,672889108,1724099822,Супер
115199,115422,160460924,1724099953,Удача со мной!
115199,115423,6200900,1724101895,Всем хорошего завершения лета🌊☀️
115199,115424,284518778,1724102082,Круто👍
115199,115425,541048498,1724102519,Участвую
115199,115426,1970909,1724102785,Участвую) моей школьнице нужен школьный бокс)
115199,115427,184334149,1724103304,Хочу выиграть 😁😊
115199,115428,128432829,1724103332,Участвую
115199,115429,123634932,1724103570,Класс!
115199,115430,519652596,1724104512,"Конечно, я участвую"
115199,115431,143702541,1724104516,Участвую
115199,115432,205326013,1724104647,Отличный подарок!
115199,115433,131987330,1724105383,Участвую
115199,115434,252901,1724105658,Участвую
115199,115435,51606786,1724107867,Супер
115199,115436,225269279,1724108794,участвую
115199,115437,26347709,1724109223,Участвую 👍
115199,115438,93036462,1724109602,Участвую
115199,115439,273993705,1724113513,Участвую
115199,115440,270218825,1724113670,Участвую
115199,115441,88259127,1724114353,Готово
115199,115442,304498577,1724115044,❤❤❤
115199,115443,145972378,1724115186,И пусть удача будет на моей стороне 🤞.
115199,115444,570563168,1724115330,Участвую
115199,115445,179769719,1724117088,Участвую
115199,115446,64204394,1724117518,Участвую
115199,115447,1409476,1724117588,Участвую
115199,115448,39824485,1724117808,"классный приз, ждем итогов"
115199,115449,109498636,1724118252,Участвую
115199,115450,174168337,1724118756,Участвую.
115199,115451,30265727,1724119153,Хочу
115199,115452,471416101,1724119189,нарушаете
115199,115453,471416101,1724119196,удачи мне
115199,115454,647772664,1724119352,Участвую
115199,115455,647772664,1724119364,Классный розыгрыш
115199,115456,12315105,1724119368,Класс
115199,115457,647772664,1724119380,Мечтаю о подарке
115199,115458,218022242,1724119383,"Участвую 🍀 [club10095732|Папа Джонс] , когда итоги?"
115199,115459,647772664,1724119391,Надеюсь на победу
115199,115460,647772664,1724119401,Участвую
115199,115461,332099865,1724119798,"Участвую, срочно -срочно, жаль что у нас нет Папа Джонс"
115199,115462,6250217,1724119861,И пусть мне повезёт
115199,115463,319314140,1724119917,Хочу приз
115199,115464,82416472,1724119925,Хочу выиграть классный подарок
115199,115465,82416472,1724119930,Участвую
115199,115466,145009046,1724120293,Участвую
115199,115467,677745371,1724120615,Участвую
115199,115468,710601467,1724120745,Цитаты великих людей на рубашках это круто!
115199,115469,696936267,1724120982,Участвую
115199,115470,781228737,1724121467,Участвую
115199,115471,216810081,1724121874,Хочу приз😁
115199,115472,818838942,1724121886,Участвую
115199,115473,280118150,1724121962,Участвую
115199,115474,184039571,1724122344,Удачи
115199,115475,54838078,1724122655,Участвую!🤞🏻
115199,115477,304841365,1724122970,участвую
115199,115478,98550004,1724123819,Участвую
115199,115479,31474695,1724124666,Участвую
115199,115480,168825259,1724124930,Участвую!
115199,115481,28163889,1724125087,Участвую 🤞
115199,115482,296460189,1724126171,Участвую
115199,115483,22034759,1724126208,Участвую
115199,115484,197623297,1724126579,Участвую
115199,115485,467905190,1724126619,Класс
115199,115486,311433240,1724126678,Участвую
115199,115487,177693517,1724127029,еееееее
115199,115488,177693517,1724127030,еееееееее
115199,115489,177693517,1724127031,еееееееееее
115199,115490,177693517,1724127032,еееееееееееее
115199,115491,177693517,1724127033,ееееееееееее
115199,115492,177693517,1724127034,еееееееееее
115199,115493,177693517,1724127035,еееееееееее
115199,115494,5707333,1724127311,Участвую
115199,115495,450844675,1724127311,Участвую
115199,115496,5707333,1724127314,Класс
115199,115497,5707333,1724127322,Хочу выиграть
115199,115498,5299824,1724128235,Класс
115199,115499,52449763,1724128561,Ого
115199,115500,50082707,1724128598,Участвую
115199,115501,83128018,1724128918,Участвую с удовольствием
115199,115502,18053726,1724129018,🫶🔥
115199,115503,6909961,1724129145,всем удачи!
115199,115504,13898516,1724129315,Пицца!!!
115199,115505,14759141,1724129496,Участвую
115199,115506,633054635,1724129906,Участвую
115199,115507,827151545,1724130825,Класс
115199,115508,75015747,1724130836,Участвую
115199,115509,89317966,1724130919,Участвую
115199,115510,24521671,1724130920,Участвую
115199,115511,24020398,1724131062,Всем удачи)
115199,115512,515224806,1724131194,Участвую
115199,115513,622297425,1724131441,Вау
115199,115514,660992392,1724131545,Участвую
115199,115515,583860136,1724131612,Участвую
115199,115516,3304632,1724131781,Участвую
115199,115517,543954747,1724132120,Участвую
115199,115518,445456943,1724132309,Участвую
115199,115519,441067225,1724132311,Участвую
115199,115520,19256265,1724132370,Участвую 🔥
115199,115521,49410124,1724132650,Участвую
115199,115522,728279815,1724132688,Участвую
115199,115523,118551961,1724133141,Участвую
115199,115524,85250408,1724133742,Ребенку нужен образ в школу🔔
115199,115525,586329215,1724134371,Здрасьте
115199,115526,475999500,1724134544,Участвую
115199,115527,91325379,1724134656,Удачи всем
115199,115528,139702212,1724134742,Самая вкусная пицца 🍕
115199,115529,540927811,1724134793,удачи
115199,115530,364187444,1724135154,ЗдОрово
115199,115531,112067407,1724135410,
115199,115532,29661889,1724136132,Участвую
115199,115533,333552273,1724136141,Классный розыгрыш ❤
115199,115534,112643648,1724136186,Хорошо бы👍
115199,115535,710742549,1724136324,Участвую
115199,115536,27174287,1724136380,Верю в удачу
115199,115537,162755351,1724136437,Участвую 🤞
115199,115538,623302807,1724136445,Папа Джонс
115199,115539,290779940,1724136493,Спасибо
115199,115540,12180126,1724137148,Участвую
115199,115542,746053693,1724137516,Участвую
115199,115543,118918534,1724138056,я в деле
115199,115544,5681372,1724138213,А когда итоги?
115199,115545,601446669,1724138299,Участвую
115199,115546,783039106,1724138611,Участвую
115199,115547,24389571,1724138627,Супер
115199,115548,29531315,1724138708,За пиццу не всё готов!
115199,115549,790745536,1724138736,Участвую
115199,115550,281875976,1724138809,Участвую
115199,115551,7325566,1724138939,Участвую
115199,115552,392251508,1724139631,Участвую
115199,115553,465741704,1724139656,Участвую
115199,115554,28582133,1724139808,Участвую
115199,115555,1207797,1724139820,Участвую
115199,115556,766163375,1724139872,Участвую
115199,115557,488610504,1724139977,Участвую
115199,115558,817401825,1724140189,Участвую
115199,115559,734429500,1724140505,Участвую
115199,115560,535735674,1724140869,Участвую 🍀🍀🍀
115199,115561,723443751,1724141181,Итоги?
115199,115562,373812433,1724141993,Участвую
115199,115563,373812433,1724142000,Участвую
115199,115564,244241346,1724142145,Участвую
115199,115565,69343044,1724142936,Ну давайте
115199,115566,12773555,1724143081,Участвую
115199,115567,710461555,1724143560,Участвую
115199,115568,711122576,1724143593,Да
115199,115569,29877414,1724143962,
115199,115570,139499627,1724144354,Хочу 🖤
115199,115571,520013955,1724145143,Класс 👍🏻 Я участвую 👌🏻
115199,115572,180023784,1724145692,Участвую 🍀
115199,115573,357916096,1724147393,Участвую
115199,115574,467664,1724148562,Рискну :)
115199,115575,387012538,1724148978,Участвую
115199,115576,629281614,1724149196,Супер приз
115199,115577,576389177,1724149380,Участвую
115199,115578,378536220,1724149455,Участвую
115199,115579,4760406,1724149680,Участвую
115199,115580,25846689,1724149888,Участвую
115199,115581,863897476,1724150495,Участвую
115199,115582,5558753,1724150799,Всем стильно выглядеть
115199,115583,686105644,1724150992,Участвую
115199,115584,384670370,1724151279,Участвую
115199,115585,712359317,1724151908,Участвую
115199,115586,301889963,1724152360,Класс
115199,115587,177693517,1724153435,Ееее
115199,115588,261166532,1724153821,Участие
115199,115589,11303963,1724155207,💥🍕🍕🍕
115199,115590,146049635,1724156411,Участвую
115199,115591,864163375,1724156622,участвую
115199,115592,729911959,1724157343,Участвую
115199,115593,857259871,1724157390,Участвую
115199,115594,711208156,1724157453,Участвую
115199,115595,421222955,1724159553,Участвую
115199,115596,363220782,1724160120,Участвую
115199,115597,4393217,1724160217,Я хочу выиграть!
115199,115598,132405037,1724160715,Класс!!!
115199,115599,181031015,1724160997,Участвую
115199,115600,161154086,1724162208,🫶
115199,115601,125958138,1724162281,Участвую
115199,115602,474218456,1724163428,Участвую
115199,115603,711380598,1724163483,Участвую
115199,115604,458990317,1724164168,Участвую
115199,115605,330858175,1724165761,Участвую
115199,115606,30478997,1724166159,Хочу подарок 🎁
115199,115607,460076817,1724168188,Очень хочу выиграть 🥰🥰🥰
115199,115609,206854900,1724170726,Участвую
115199,115611,529091871,1724174659,Участвую
115199,115612,125958138,1724174875,Участвую
115199,115613,523980929,1724177100,Участвую
115199,115614,7671535,1724178273,Участвую
115199,115615,621767970,1724178411,Участвую
115199,115616,543418862,1724178842,Участвую
115199,115617,171395092,1724179018,
115199,115618,577359397,1724179276,Участвую
115199,115619,317818126,1724182238,И пусть мне повезёт 🥳
115199,115620,407608770,1724184800,Участвую
115199,115621,398617845,1724185087,Участвую
115199,115622,138508649,1724185186,Участвую
115199,115623,377632243,1724185424,Участвую
115199,115624,252261938,1724185824,Участвую
115199,115625,376504494,1724186141,Участвую
115199,115626,366535222,1724186400,Участвую
115199,115627,244681980,1724186644,Участвую
115199,115628,377630106,1724186914,Участвую
115199,115629,4660141,1724187174,Участвую
115199,115630,770510833,1724187272,Участвую
115199,115631,245696172,1724187566,Участвую
115199,115632,233335859,1724187814,Участвую
115199,115633,245324798,1724188106,Участвую
115199,115634,77687287,1724191484,Участвую
115199,115635,428067748,1724193413,Участвую
115199,115636,408244616,1724193615,Участвую
115199,115637,118617200,1724201290,Участвую
115199,115638,299319252,1724205067,
115199,115639,131659375,1724208100,Супер
115199,115640,303286688,1724208824,удачи мне
115199,115641,406055124,1724210014,Участвую
115199,115642,615008239,1724210022,Участвую
115199,115643,695260495,1724210585,Участвую
115199,115644,41352180,1724212174,Классный подарок 🎁
115199,115645,512299788,1724214451,А вдруг повезёт
115199,115646,433704024,1724218892,Участвую
115199,115647,528894,1724219179,Участвую
115199,115648,468693455,1724219996,Участвую
115199,115649,173816863,1724220206,Участвую
115199,115650,361032706,1724223267,Удачи!
115199,115651,49608847,1724224012,Участвую
115199,115652,231871714,1724224734,Участвую
115199,115653,2463968,1724224816,участвую
115199,115654,378537308,1724225173,Участвую
115199,115655,569279345,1724225197,Участвую
115199,115656,561367845,1724225717,Участвую
115199,115657,821580472,1724226652,Участвую
115199,115658,26452643,1724226892,Участвую
115199,115659,536141545,1724227213,Участвую
115199,115660,536141545,1724227218,Участвую
115199,115661,536141545,1724227221,Участвую
115199,115662,536141545,1724227223,Участвую
115199,115663,536141545,1724227228,Участвую
115199,115664,536141545,1724227231,Участвую
115199,115665,536141545,1724227234,Участвую
115199,115666,536141545,1724227237,Участвую
115199,115667,536141545,1724227240,Участвую
115199,115668,245570618,1724227434,Участвую
115199,115669,233240123,1724228513,Участвую
115199,115670,775132016,1724228868,Участвую
115199,115671,588553701,1724229023,Участвую
115199,115672,577299225,1724229369,Участвую
115199,115673,244939165,1724229486,Участвую
115199,115674,664147598,1724229776,Удачи
115199,115675,377630663,1724230057,Участвую
115199,115676,1276243,1724233327,Участвую🏆
115199,115678,6002591,1724235943,супер
115199,115679,6002591,1724235948,готово
115199,115680,96159587,1724236161,Участвую
115199,115681,536093548,1724236530,Участвую
115199,115682,543206154,1724238041,Участвую
115199,115683,408540422,1724238152,Участвую
115199,115684,735652697,1724238627,Участвую
115199,115685,687229632,1724240181,"Вы вообще работаете ? Номер указанный на официальном сайте у вас не действителен , номер который указан в заказе самой пиццерии там трубку не берут. Вы дно пробиваете ? Очнитесь оно пробито ."
115199,115686,804914871,1724241014,Участвую
115199,115689,21451804,1724242921,Участвую
115199,115690,91250498,1724244117,Очень сильно верю в победу
115199,115692,16464650,1724245783,+
115199,115694,638394397,1724247354,Класс
115199,115696,571329621,1724249989,"Здравствуйте, как вернуть деньги за неисполненный заказ в приложении? Телефон не отвечает, на сообщения в приложении ответа нет."
115199,115697,210805643,1724250572,"Доставили не тот заказ, номер поддержки и номер пиццерии не отвечают🤡 пицца не та🤡🤡🤡"
115199,115698,831682471,1724251086,Крутой подарок
115199,115702,98576394,1724256097,Участвую
115199,115703,187500,1724261766,Класс! Участвую
115199,115704,442239208,1724266362,Вкусная пицца!
115199,115705,864028597,1724268705,Участвую
115199,115706,625313442,1724268767,Участвую 🥳
115199,115707,840285347,1724268829,Участвую
115199,115708,610750095,1724268891,Участвую
115199,115709,864029933,1724268952,Участвую
115199,115710,864029920,1724269014,Участвую
115199,115711,808066360,1724272599,Верю в удачу
115199,115712,749849115,1724273773,Участвую
115199,115713,740993043,1724274642,Участвую
115199,115714,786502301,1724275323,Участвую
115199,115715,786505179,1724275904,Участвую
115199,115716,621042409,1724276070,Участвую
115199,115717,621042409,1724276108,Участвую
115199,115718,34512795,1724277645,Участвуем 💛
115199,115719,32455503,1724278655,
115199,115720,32455503,1724278655,
115199,115721,32455503,1724278656,
115199,115722,32455503,1724278656,
115199,115723,32455503,1724278656,
115199,115724,32455503,1724278657,
115199,115725,32455503,1724278661,
115199,115726,31883162,1724281198,Участвую
115199,115727,86939015,1724286197,Участвую
115199,115728,375143738,1724287610,Участвуем
115199,115729,710695563,1724289008,Вкусная пицца и школьный бокс!
115199,115730,139918346,1724297784,супер!
115199,115731,5464875,1724298876,Участвую
115199,115732,252377702,1724300744,Участвую
115199,115733,694841013,1724302500,Супер
115199,115734,408830398,1724302820,Участвую с удовольствием 👋👋👋👋👋
115199,115735,583343874,1724303160,Хочу приз
115199,115736,66539569,1724303486,Участвую 🍀
115199,115738,1883745,1724309903,Участвую
115199,115739,719328905,1724312069,Участвую
115199,115740,719328905,1724312073,Участвую
115199,115741,614165671,1724312780,Участвую
115199,115742,695995879,1724314322,Участвую
115199,115743,91726728,1724315610,Удачи
115199,115744,392045135,1724316164,Участвую
115199,115746,610925644,1724318156,Участвую
115199,115747,69070838,1724320249,Обожаю Папа Джонс ❤️
115199,115748,141475325,1724323800,Участвую
115199,115749,31179278,1724326121,Участвую
115199,115752,86001255,1724330020,Участвую
115199,115753,218830453,1724330576,Участвую
115199,115754,3127925,1724332815,Классный розыгрыш! Я хочу победить!
115199,115755,284143413,1724333272,Участвую
115199,115756,382716900,1724333749,Участвую
115199,115757,233158186,1724333995,Участвую
115199,115758,579797059,1724334135,Участвую
115199,115759,384671251,1724334302,Участвую
115199,115760,864028597,1724334558,Всем удачи!
115199,115761,625313442,1724334620,Всем удачи!
115199,115762,840285347,1724334681,Участвую
115199,115763,610750095,1724334743,Всем удачи!
115199,115764,864029933,1724334804,Участвую
115199,115765,864029920,1724334865,Участвую
115199,115767,99766680,1724335692,Ждем число розыгрыша
115199,115768,402232816,1724336008,Класс!
115199,115769,43492976,1724336244,Чудесный подарок! 😍🎁
115199,115770,29943554,1724337157,Ждёмс
115199,115771,225022033,1724342764,🤪👍 супер
115199,115772,549812819,1724351701,Отличный подарок
115199,115775,244682567,1724355999,Участвую
115199,115776,2053324,1724356043,Участвую
115199,115777,384505301,1724356269,Участвую
115199,115778,620757088,1724356799,Участвую
115199,115779,388832187,1724356989,Участвую
115199,115780,245321017,1724357260,Участвую
115199,115781,406405231,1724357491,Участвую
115199,115783,245571088,1724357722,Участвую
115199,115784,245324168,1724357963,Участвую
115199,115785,392187404,1724358346,Участвую
115199,115786,235790038,1724358707,Участвую
115199,115787,233959949,1724358949,Участвую
115199,115788,244681678,1724359203,Участвую
115199,115789,287285836,1724370614,Участвую
115199,115790,63577307,1724376571,Участвую
115199,115791,536676121,1724378581,Участвую
115199,115792,183587638,1724380271,Классно! Участвовать буду
115199,115793,492739631,1724382716,Участвую
115199,115794,146769266,1724386892,Буду рада
115199,115795,592406503,1724387328,Участвую
115199,115796,736277686,1724392582,Участвую
115199,115797,787753664,1724393168,Участвую
115199,115798,794744663,1724395020,Участвую
115199,115799,49194252,1724396952,Вау круто. Обязательно посетим
115199,115801,17782536,1724398910,Участвую
115199,115802,42889162,1724398947,Участвую
115199,115804,231873500,1724401479,Участвую
115199,115805,376502474,1724401903,Участвую
115199,115806,864028597,1724402042,Участвую
115199,115807,625313442,1724402103,Участвую
115199,115808,840285347,1724402164,Всем удачи!
115199,115809,610750095,1724402226,Участвую
115199,115810,864029933,1724402287,Класс
115199,115811,864029920,1724402348,Участвую
115199,115812,729742479,1724402786,Участвую
115199,115813,166467595,1724403253,Участвую
115199,115814,713379459,1724403517,Готово
115199,115815,3127925,1724403724,Супер! Хочу выиграть!
115199,115816,65893085,1724404006,Участвую
115199,115817,275167370,1724404116,Участвую
115199,115818,831804006,1724404234,Участвую
115199,115819,719897470,1724404265,Участвую
115199,115820,89148444,1724406018,Участвую
115199,115821,13509415,1724407999,Участвую
115199,115822,7325566,1724413381,Участвую
115199,115823,46291945,1724421998,Участвую
115199,115824,46291945,1724422002,Участвую
115199,115825,215659682,1724426793,участвую
115199,115826,344894879,1724434870,"Супер пупер,я хочу)"
115199,115827,84402448,1724434964,Участвую
115199,115828,460780837,1724436829,участвую
115199,115829,3135472,1724438701,Классный подарок
115199,115830,841015,1724440196,Супер
115199,115831,480256059,1724440318,Участвую
115199,115832,257681984,1724440488,Участвую
115199,115834,34101506,1724443669,Хочу выиграть🤞🤞🤞
115199,115835,784324540,1724444860,Участвую
115199,115836,2724390,1724456290,Участвую
115199,115837,78110504,1724460489,Удачи
115199,115838,218259732,1724465687,Супер
115199,115839,218259732,1724465691,Шикарно
115199,115840,218259732,1724465694,Отлично
115199,115841,218259732,1724465698,Благодарим
115199,115842,218259732,1724465701,Роскошно
115199,115843,24124732,1724476763,Супер розыгрыш 🙌🏼
115199,115844,618800287,1724480844,Участвую
115199,115846,610966875,1724481544,Участвую
115199,115847,529357595,1724483181,Участвую
115199,115848,641222805,1724483507,Участвую
115199,115849,591352350,1724483996,Участвую
115199,115850,28944656,1724484056,Участвую
115199,115851,494362425,1724486547,Участвую
115199,115852,642580790,1724486764,Участвую
115199,115853,5681372,1724489021,Участвую в розыгрыше
115199,115854,15863091,1724489561,Участвую
115199,115855,407413712,1724489986,Участвую
115199,115856,864028597,1724491393,Button Blue
115199,115857,625313442,1724491454,Участвую
115199,115858,840285347,1724491516,Удача 🤞🏻 приди
115199,115859,610750095,1724491577,Участвую
115199,115860,864029933,1724491638,Участвую
115199,115861,864029920,1724491700,Участвую
115199,115862,245215533,1724492534,Хочу
115199,115863,225881762,1724492864,Участвую
115199,115864,330864629,1724493318,я участвую и должен выиграть!
115199,115865,112401580,1724493708,Участвую
115199,115866,112401580,1724493710,Участвую
115199,115867,112401580,1724493712,Участвую
115199,115868,611253908,1724495062,Участвую
115199,115869,642116904,1724497692,участвую
115199,115870,519230300,1724497704,участвую
115199,115871,625313442,1724504516,Участвую
115199,115872,840285347,1724504578,Участвую
115199,115873,610750095,1724504647,Участвую
115199,115874,864029933,1724504710,Участвую
115199,115875,139499627,1724504756,Розыгрыш просто супер!!!!
115199,115876,864029920,1724504781,Участвую
115199,115877,621042409,1724514542,"Так, я участвую и должн выиграть!"
115199,115878,621042409,1724514549,Участвую
115199,115879,515224806,1724516080,Участвую
115199,115880,515224806,1724516082,Участвую
115199,115881,515224806,1724516086,Участвую
115199,115882,515224806,1724516088,Участвую
115199,115883,58298026,1724516904,Участвую в этом классном розыгрыше
115199,115884,1670603,1724520004,Крутые призы
115199,115885,584369465,1724522358,Участвую
115199,115886,619246751,1724522683,Участвую
115199,115887,619247536,1724523495,СУПЕР
115199,115888,543954747,1724523637,Участвую
115199,115889,591351811,1724524279,КЛАСС
115199,115890,441067225,1724526994,Участвую
115199,115891,728279815,1724530067,Участвую
115199,115892,433038472,1724531648,Я в игре
115199,115893,5534281,1724532735,Участвую
115199,115897,9817,1724542345,Отлично:)👍🏻
115199,115898,833202302,1724543052,Класс!🔥
115199,115899,359602120,1724545371,Участвую
115199,115900,72289678,1724545522,"Хороший конкурс, участвую 🍀🍀🍀"
115199,115901,15120808,1724550524,участвую
115199,115902,416230298,1724556246,Участвую
115199,115903,472309252,1724557990,Участвую
115199,115904,234484479,1724559782,Участвую
115199,115905,7294332,1724560029,Участвую
115199,115906,318739791,1724560123,Участвую
115199,115907,192966205,1724563368,Участвую
115199,115908,628180847,1724563536,Участвую
115199,115909,225022033,1724564046,Очень вкусный розыгрыш
115199,115910,225022033,1724564062,Безумно хочу быть победителем 😍🙏🏻
115199,115911,225022033,1724564085,Удачи 🍀
115199,115912,225022033,1724564672,Мой идеал
115199,115913,133056924,1724565108,Готово
115199,115915,516649742,1724568627,Участвую
115199,115916,242958811,1724570803,Учасгвую
115199,115917,330364883,1724570987,Учасгвую
115199,115918,499532800,1724571058,Участвую
115199,115919,351560873,1724573571,Участвую
115199,115920,426836699,1724573773,Участвую
115199,115921,796130618,1724576169,Участвую
115199,115922,819718601,1724576253,Учасгвую
115199,115924,847349868,1724577364,Удачи
115199,115925,865800964,1724579524,Участвую
115199,115926,1306689,1724579814,Участвую ☺️
115199,115927,1306689,1724579828,Супер 👍
115199,115928,153748432,1724580276,Огонь 🔥
115199,115929,153748432,1724580282,Я участвую ☺️
115199,115930,488885785,1724580965,Удачи
115199,115931,477956916,1724581242,Участвую
115199,115932,35330146,1724581970,Оставляю
115199,115933,864028597,1724582468,Участвую
115199,115934,625313442,1724582529,Участвую
115199,115935,840285347,1724582591,Участвую
115199,115936,610750095,1724582652,Участвую
115199,115937,864029933,1724582713,Участвую
115199,115938,864029920,1724582774,Участвую
115199,115939,813025317,1724583540,Участвую
115199,115940,338673416,1724589657,Участвую
115199,115941,32950098,1724590035,Участвую
115199,115942,11848810,1724591632,Участвую
115199,115943,860666545,1724591814,Участвую
115199,115944,867479952,1724591849,Участвую
115199,115945,136822196,1724591965,Участвую
115199,115946,807740848,1724592126,Участвую
115199,115947,32455503,1724592619,
115199,115948,32455503,1724592619,
115199,115949,32455503,1724592619,
115199,115950,694276657,1724592625,"Вдохновения, процветания, удачи"
115199,115951,823018418,1724592690,"Вдохновения, процветания, удачи"
115199,115952,113623733,1724594192,Вот это класс
115199,115953,835050182,1724595478,Удачи всем
115199,115956,15010715,1724598386,Участвую
115199,115957,747160949,1724598466,Участвую
115199,115958,386595324,1724599305,Участвую
115199,115959,277177019,1724599644,Хочу выиграть!!
115199,115960,177139966,1724600520,участвую
115199,115961,191257760,1724602550,Участвую
115199,115962,191257760,1724602559,Отличный конкурс
115199,115963,191257760,1724602565,Участвую
115199,115964,55038641,1724602580,Участвую
115199,115965,310509788,1724603082,Участвую
115199,115966,25593768,1724603711,Участвую
115199,115968,853075,1724609193,
115199,115969,362396071,1724609349,Супер участвую
115199,115970,312617721,1724609440,Участвую
115199,115971,343838169,1724609519,Участвую
115199,115972,96826583,1724609568,Участвую
115199,115973,17630422,1724609919,Участвую
115199,115974,239324880,1724609964,Участвую
115199,115975,16408535,1724611919,Участвую
115199,115977,788375044,1724612837,+
115199,115978,263228289,1724613045,Участвую
115199,115980,151341261,1724614090,Супер ! Участвую
115199,115981,151341261,1724614096,Пусть мне повезет
115199,115982,151341261,1724614100,Удача приди
115199,115983,151341261,1724614104,Хочу выиграть!
115199,115984,151341261,1724614110,Верю в победу !
115199,115985,345880941,1724614607,Участвую
115199,115986,29786024,1724615214,участвую
115199,115988,665484169,1724616460,Участвую
115199,115989,782973819,1724617324,Участвую
115199,115990,786291308,1724617544,Готово
115199,115991,149525308,1724618010,Участвую
115199,115994,348389106,1724619600,Участвую
115199,115996,719976051,1724619714,"Интересно, сколько это пицц?"
115199,115997,757327523,1724619829,Удачи
115199,115998,747254916,1724620116,Удачи
115199,115999,570311187,1724621285,Участвую
115199,116000,5966347,1724621600,Участвую
115199,116001,1806435,1724622443,Участвую
115199,116002,146575923,1724623424,Участвую
115199,116003,183771210,1724623609,Участвую
115199,116004,304590636,1724624232,Класс
115199,116005,454555226,1724624624,Участвую
115199,116007,1250065,1724626042,"Класс, участвую 🤗🙂"
115199,116008,812827556,1724626099,Участвую
115199,116010,21717958,1724629211,Хочу выиграть
115199,116011,610601889,1724633021,Участвую
115199,116012,11627978,1724636377,участвую
115199,116013,320514302,1724637571,Участвую
115199,116014,139529866,1724637648,Участвую
115199,116015,203218490,1724640023,Участвую
115199,116016,203218490,1724640027,Участвую
115199,116017,203218490,1724640031,Участвую
115199,116018,203218490,1724640037,Участвую
115199,116019,203218490,1724640042,Участвую
115199,116020,306059478,1724641640,С удовольствием участвую
115199,116021,493284961,1724642032,Участвую
115199,116022,6363304,1724644348,Участвую
115199,116024,60376650,1724644588,Участвую
115199,116026,125600115,1724645970,"Участвую, хочу выиграть приз для внучек❤"
115199,116027,796130618,1724646511,Участвую
115199,116028,27433748,1724647633,Участвую
115199,116029,154316878,1724647809,Очень хочется выиграть
115199,116030,853289637,1724649021,Участвую
115199,116031,83962415,1724649090,Участвую
115199,116032,607996181,1724649820,супер
115199,116033,62866034,1724649998,Участвую
115199,116034,766914144,1724650276,Участвую
115199,116035,352133221,1724650928,Участвую
115199,116036,472596013,1724651011,Участвую
115199,116037,184829717,1724651057,Участвую
115199,116038,170065010,1724651347,Класс
115199,116039,705065514,1724651390,Участвую
115199,116040,96036180,1724651424,Участвую
115199,116041,10966657,1724651945,Участвую
115199,116043,348389106,1724652296,Участвую
115199,116046,654355,1724652821,Участвую
115199,116047,849245922,1724652918,"Супер, участвую с удовольствием 👍"
115199,116048,422704366,1724653870,Пусть повезет
115199,116049,433513871,1724653987,Участвую
115199,116050,15010715,1724654799,Удачи
115199,116051,182641,1724654982,Пусть повезет
115199,116052,158936523,1724655067,Участвую
115199,116053,1893527,1724655435,Участвую
115199,116054,12647531,1724655477,Участвую
115199,116055,584558398,1724655562,Участвую
115199,116056,601980779,1724655595,Участвую
115199,116059,3677167,1724657099,Удачи всем
115199,116060,245700636,1724657467,Участвую
115199,116061,93654885,1724657496,Участвую)
115199,116062,188847022,1724657837,Участвую
115199,116063,782641440,1724658014,Участвую
115199,116064,468183045,1724658057,Участвую
115199,116065,837410197,1724658282,Участвую
115199,116066,225022033,1724658808,Большой удачи 🍀
115199,116067,225022033,1724658814,Пусть повезет 🙏🏻
115199,116068,225022033,1724658822,Безумно крутой подарок 🎁
115199,116069,236625834,1724658859,Круто !!! Участвую
115199,116071,498105875,1724659180,Участвую
115199,116072,352805618,1724659838,Участвую
115199,116073,584272168,1724659928,Участвую
115199,116074,155747157,1724659959,Участвую
115199,116075,217198025,1724660476,Супер
115199,116076,276858437,1724661428,Участвую
115199,116077,26200924,1724661600,Участвую
115199,116078,444336776,1724662198,Участвую
115199,116079,465482473,1724662625,Участвую
115199,116080,88950599,1724663616,Удача 🍀будь на моей стороне 🙏
115199,116081,85313673,1724664206,Участвую
115199,116082,85313673,1724664213,Супер конкурс
115199,116083,85313673,1724664218,Удачи
115199,116086,225022033,1724664722,Вот бы повезло 🙏🏻🙏🏻🙏🏻
115199,116087,348389106,1724665269,👍
115199,116090,550533333,1724666031,Хороший конкурс
115199,116091,740813198,1724666420,Участвую
115199,116092,20378460,1724666438,Отличный подарок!
115199,116093,15863091,1724667125,Участвую
115199,116094,19873011,1724667722,Участвую
115199,116095,86826340,1724667847,Участвую
115199,116096,740845193,1724668395,Участвую
115199,116097,740808264,1724668398,Участвую
115199,116098,6945009,1724670179,Участвую
115199,116099,74933867,1724670264,Огонь
115199,116100,117774956,1724670369,Участвую
115199,116101,421275633,1724670435,Участвую
115199,116102,132520707,1724670558,Участвую
115199,116103,225022033,1724670707,Пусть повезет 🙏🏻
115199,116104,3387336,1724671570,Участвую в конкурсе
115199,116105,6279837,1724672035,Участвую 🔥
115199,116106,467451356,1724672165,Участвую
115199,116107,444540834,1724672181,Участвую
115199,116108,751180671,1724673348,Участвую 🧡
115199,116109,17237852,1724673551,Участвую
115199,116110,869832720,1724673645,Очень хочу приз... Для племянника 🤗😊🙏🤞👍
115199,116111,786356279,1724674021,Класс
115199,116112,547552407,1724676065,Участвую
115199,116113,363253175,1724676166,Участвую
115199,116114,761738930,1724676241,Участвую
115199,116115,240415964,1724676322,Участвую
115199,116116,240415964,1724676353,Участвую
115199,116117,71916548,1724676403,Участвую
115199,116118,199510169,1724676438,Участвую
115199,116119,225022033,1724676476,То что нужно 😌🙏🏻
115199,116120,121688567,1724676501,Участвую
115199,116121,751608123,1724676555,Участвую
115199,116122,666738675,1724676631,Участвую
115199,116123,40557453,1724676703,Участвую
115199,116124,847011006,1724676791,Участвую
115199,116125,474094124,1724676844,Участвую
115199,116126,315274173,1724676896,Участвую
115199,116127,716048106,1724677096,Участвую
115199,116128,15765681,1724677120,Волшебно
115199,116129,376869052,1724677326,Участвую
115199,116130,225022033,1724678776,Очень хочу 🎁
115199,116131,84205,1724680498,Участвую
115199,116132,587861585,1724680582,"С радостью🍀🌸 участвую,, очень надеюсь на удачу!"
115199,116133,587861585,1724680592,Супер
115199,116134,587861585,1724680781,Всем удачи!
115199,116135,643498299,1724681146,Участвую
115199,116136,643498299,1724681150,Участвую
115199,116137,643498299,1724681152,Участвую
115199,116138,643498299,1724681153,Участвую
115199,116139,643498299,1724681155,Участвую
115199,116140,643498299,1724681157,Участвую
115199,116141,643498299,1724681159,Участвую
115199,116142,643498299,1724681160,Участвую
115199,116143,643498299,1724681162,Участвую
115199,116144,643498299,1724681164,Участвую
115199,116145,225022033,1724681330,Безумно хочу 😍🎁
115199,116146,54862863,1724681352,Это мой комментарий🤗🤗🤗
115199,116147,77306,1724681911,Участвую
115199,116148,643498299,1724682078,☘
115199,116149,643498299,1724682082,👍
115199,116150,643498299,1724682610,Участвую
115199,116151,15010715,1724683784,Участвую
115199,116152,74972785,1724684594,хочу подарок 👍👍👍👍
115199,116153,643498299,1724684982,Круто!
115199,116154,643498299,1724684985,Классно!
115199,116155,643498299,1724684990,Здорово!
115199,116156,643498299,1724684998,Отличный розыгрыш!
115199,116157,643498299,1724685003,Участвую
115199,116158,643498299,1724685009,Хочу приз!
115199,116159,643498299,1724685022,Верю в удачу☘
115199,116160,643498299,1724685033,❤
115199,116161,239324880,1724685393,Участвую
115199,116162,400398361,1724686292,Участвую
115199,116163,139529866,1724686568,Участвую
115199,116164,864028597,1724686575,Удача 🤞🏻 приди
115199,116165,625313442,1724686637,Участвую
115199,116166,840285347,1724686698,Участвую
115199,116167,610750095,1724686759,Класс
115199,116169,864029933,1724686821,Участвую 🥳
115199,116170,864029920,1724686883,Участвую
115199,116171,236625834,1724687688,Удачи мне
115199,116172,236625834,1724687774,"Очень хочу такой приз , очень нужен"
115199,116173,236625834,1724687780,Безумно хочу
115199,116174,236625834,1724687786,Удача со мной 😍
115199,116175,236625834,1724687790,🍀🍀🍀🍀
115199,116176,236625834,1724687792,🤞🤞🤞
115199,116177,288893481,1724689055,Участвую
115199,116181,236625834,1724690258,Где итоги?
115199,116188,5681372,1724709589,Ждем итоги
115199,116189,497224230,1724723831,участвую
115199,116191,225022033,1724736068,Участвую
115199,116192,225022033,1724736072,Есть шанс
115199,116193,225022033,1724736087,Очень нужен такой  подарок
115199,116194,225022033,1724736127,Держу кулочки 🤞🤞🤞
115199,116195,41694880,1724739692,Участвую
115199,116196,83962415,1724744647,Участвую
115199,116197,83962415,1724744664,Участвую
115199,116200,864028597,1724749331,Участвую
115199,116201,625313442,1724749392,Участвую
115199,116202,840285347,1724749453,Участвую
115199,116203,610750095,1724749514,Участвую
115199,116204,864029933,1724749576,Всем удачи!
115199,116205,864029920,1724749637,Класс
115199,116207,254414607,1724755938,Участвую
115199,116208,472762036,1724762647,Готово!
115199,116210,414094694,1724825480,Участвую
115183,115184,671445321,1723828970,"Пиццу ела в лесу, когда поехали за грибами"
115183,115185,621031084,1723911671,"Доставка пицца по Москве более 2 часов.
На телефоны не отвечают уже целый день.
Самое интересное то, что спустя 2,5 часа привезли не те позиции))))

Телефоны не работают. Шок"
115183,115191,82865038,1724053414,"Что с вами происходит?
Приложение глючит, я оплатила заказ а он пропал из приложения 
Трубки никто не берет 
Как понять где мой заказ???"
115183,115197,469942390,1724075848,"Сделала заказ. Прошло уже 1.30. Статус заказа до сих пор ""Принят"". До ресторана невозможно дозвониться"
115183,115608,12372864,1724169966,"Что происходит? Сделала заказ в пиццерии 19. Деньги списали. Заказ все еще в статусе принят. Ни заказа, ни денег. В пиццерию дозвониться также невозможно! В чате поддержки молчат!"
115183,115695,296428441,1724249255,"Сделал заказ с колбасным бортом привезли с обычным . По телефону не дозвониться, в чате никто не отвечает всем насрать на постоянных клиетов!!!!!"
115182,115198,469942390,1724075861,"Сделала заказ. Прошло уже 1.30. Статус заказа до сих пор ""Принят"". До ресторана невозможно дозвониться"
115173,116220,363155371,1725102164,Не прислали промокод
115173,116222,0,1725175464,
115161,115162,102592952,1723544080,
115161,115163,556698457,1723547624,"Ужас, заказ уже 1:30 готовится, привезут или нет вообще непонятно. Папа Джонс испортились"
115161,115165,8730027,1723564926,"Не можем дозвониться ни по одному из телефонов, что стало с сервисом?"
115161,115168,1866174,1723629111,А когда результаты по розыгрышу с Бордерлендс?)
115161,115169,7555492,1723638111,"Час жду доставку. Никогда не пользовался этой пиццерией и не зря - доставка час, хотя стоят 30 минут. Зачем вы ставите такую информацию, если не выполняете обещания?
Папа скуфаджонс отстой"
115161,115190,293642871,1724014820,"Недавно пыталась сделать заказ, но под конец оформления заказ не отправлялся. Вы что закрылись? Телефоны ваши не работают."
115161,115196,469942390,1724075818,"Сделала заказ. Прошло уже 1.20. Статус заказа до сих пор ""Принят"". До ресторана невозможно дозвониться"
115159,115160,102592952,1723543300,
115118,115122,286106874,1723105023,"Акция Крутая конечно, хотел воспользоваться как раз, сделал заказ, ждал час, ждал два, (написал в поддержку проигнорировали, позвонил в ресторан - не ответили), ждал четыре (запросил возврат денег, тоже не ответили), теперь жду 11 час (ответа как не было, так и нет). 

Вообщем, жду ответа в лс сообщества, как я понял это вообще единственное место где можно надеяться хоть на какой-то ответ."
115118,115128,131642378,1723115756,"7.08 сделали заказ с этим промокодом и полностью испортили себе вечер. 
Заказали две пиццы, Капричиоза  для мужа и одну с грушей и голубым сыром для меня 35см. Сумма заказа 2288 рублей. Вместо 30-40 минут ждали больше часа, вместо пиццы с грушей и голубым сыром привезли пиццу с грушей и мясом, мясо я не ем. Капричиоза, больше половины в мусорку, не вкусная, точно не похоже на пиццу от Папа Джонс. Пицца в подарок так же в мусор. 
Поддержки нет, чат не отвечает, телефоны не отвечают ни один. В итоге я осталась без пиццы и легла спать голодная. Так и не вышло получить адекватную поддержку от Папы джонс. Больше всего удивило, что телефон указанный на сайте, просто не активен. По итогу из решения ситуации,  возврат денег за неправильную позицию, который ждать 5 дней. Ответили только утром."
115118,115130,75756758,1723143571,"Папа Джонс уже не тот! 
Вместо обещанных 60минут, доставляли 2 часа.  
До ресторана дозвониться нельзя, телефон не берут. 
Курьеры тоже не их, говорят, что наняты на 1 день. 
Пицца остывшая 

Подумайте, прежде чем заказывать. 

Еще раз повторюсь, обратной связи никакой."
115118,115133,387609057,1723204213,"Посмеялся над розыгрешем 
Вот отрывок из описания: 
1.4.1. В период с 00:00 (московского времени) 29.07.2024 г. до 11.08.2024 г. 23:59 (московского времени) (далее – «Срок») на сайте www.papajohns.ru и/или в мобильном приложении «Папа Джонс». 
1.4.2 В период с 00:00 (московского времени) 12.07.2024 г. по 18:00 (московского времени) 13.07.2024. – определение Победителей согласно настоящим Правилам. 

пункт 1.4.2 определение победителей ДО старта акции? это конечно круто. Я подозревал что все эти акции это уже раздареные подарки друзьям, коллегам, и другим должностным лицам. Но чтоб так открыто делали, вижу впервые.

Все взято с офф сайта по ссылке ""Подробности акции здесь""."
115118,115136,280581429,1723287093,"У вас техподдержка работает вообще? На обращения в приложении полный игнор, единственный номер, указанный на сайте вне зоны. Деньги за недоставленный заказ, я так понимаю, возвращать вы не собираетесь))"
115118,115138,8988469,1723314102,"Сюда, пожалуй, тоже напишу, че нет.
Сделайте колбаски в колбасном борте ещё тоньше и можно класть их только в два треугольника, а на остальную часть пиццы можно забить
И цену поднять не забудьте за эти действия, а то 1600 как-то маловато. Тогда точно будете в профите.

С каждым заказом все хуже и хуже, че происходит с вами?"
115118,115139,394657553,1723323153,"10 августа, сделал заказ, через 40 минут пришло уведомление, что пицца доставлена, приятного аппетита, но пиццы не было, по поддержки не дозвониться, в чате никто не отвечает, заказывал в 22:40, это просто жесть, проблема в том, что я и без пиццы остался, так и потратил 1300р, это просто ужас какой-то ."
115118,115142,17621715,1723358730,Вы еще работаете? Телефоны не отвечают. Поддержка в чате тоже
115118,115144,27927029,1723381380,У меня списались деньги в приложении. А заказа нет. Техподдержка по телефону не отвечает. Алло? Папа джонсы вы там?
115118,115145,59181686,1723383303,"Что у вас с поддержкой творится? Полтора часа с момента заказа, дозвониться невозможно, решайте вопрос, номер заказа отправил вам в личку"
115118,115146,59181686,1723385314,"Итак, спустя два часа доставили, пицца приехала горячей, с ней все в порядке
Однако, один курьер на отделение, отсутствие ответа на обращение по телефону - это надо дорабатывать, причем серьезно"
115118,115149,0,1723389855,
115118,115152,135609688,1723454002,"12.08 сделала заказ, везли около  часа, на телефоны не отвечают, в чате тоже полный игнор, то есть в полном неведении … будет ли заказ или нет, сколько еще ждать и тд
Это очень печалит и вряд ли в следующий раз буду делать заказ"
115118,115155,304572230,1723498580,"Сделала заказ. Уже как 2 часа заказа нет, игнорируют в чате и в сообществе, на звонки нигде не отвечают. Не советую заказывать. Особенно, если голодные"
115118,115172,518829307,1723643947,Где можно ознакомиться с итогами?
115115,115116,17506881,1722866830,Жарко как и на любой другой аналогичной кухне
115115,115120,3366288,1723095993,"Когда в пеперони будет нормальная, вкусныя колбаса, как раньше?? Эта фигня от второго поставщика несъедобная"
115115,116044,28493105,1724652299,Без перчаток ??
115045,115049,755029882,1722252177,"Жду доставку уже почти 2 часа при заявленных 30 минутах, пытался позвонить в ресторан отменить заказ, номер ресторана не доступен, поддержка в приложении не отвечает, курьер только выехал из ресторана, а сам заказ уже не нужен"
115045,115056,113531192,1722276634,Последние два заказа не положили сок. Не вернули деньги и не отвечают в чате! Прошло больше недели. Не дозвониться и в чаще молчат. Ведут себя как жулики
115045,115060,717738992,1722331879,"добрый день. я хотел бы отменить сделанный заказ (заказ на завтра). не работает приложение - одни глюки. прошу ответить, как можно отменить заказ и вернуть деньги. НОМЕРА ЗАКАЗА У МЕНЯ НЕТ, так как я не могу воспользоваться приложением.

заранее спасибо"
115045,115063,39198391,1722360177,"ВЕРНИТЕ МОИ ДЕНЬГИ ЗА НЕВЫПОЛНЕННЫЙ ЗАКАЗ!!! В СУББОТУ ЗАКАЗАЛА ДВОЙНУЮ ПЕППЕРОНИ, А ПРИВЕЗЛИ БЕЗ ПЕППЕРОНИ ВООБЩЕ! КАК ДЕНЬГИ СПИСАТЬ, ТАК СРАЗУ, А КАК ОТВЕЧАТЬ, ТАК В СЛИЛИСЬ! НИКОГДА НЕ ЗАКАЗЫВАЙТЕ В ПАПА ДЖОНС, ВЫ НЕ ПОЛУЧИЛИ ТО, ТО, ЗА ЧТО ЗАПЛАТИЛИ!!!"
115045,115064,39198391,1722360195,"ВЕРНИТЕ МОИ ДЕНЬГИ ЗА НЕВЫПОЛНЕННЫЙ ЗАКАЗ!!! В СУББОТУ ЗАКАЗАЛА ДВОЙНУЮ ПЕППЕРОНИ, А ПРИВЕЗЛИ БЕЗ ПЕППЕРОНИ ВООБЩЕ! КАК ДЕНЬГИ СПИСАТЬ, ТАК СРАЗУ, А КАК ОТВЕЧАТЬ, ТАК В СЛИЛИСЬ! НИКОГДА НЕ ЗАКАЗЫВАЙТЕ В ПАПА ДЖОНС, ВЫ НЕ ПОЛУЧИЛИ ТО, ТО, ЗА ЧТО ЗАПЛАТИЛИ!!!"
115045,115083,273307194,1722365861,Ответьте в лс!!!
115045,115086,8417068,1722410936,Жду ответа в лс
115045,115088,39198391,1722457418,"Ну что же, Папа джонс, нае.ть у вас меня не получится, я направила обращение в Роспотребнадзор, написала туда и номер заказа и фото пиццы, что ваш ресторан мне привез и ссылку на эту группу. Не хотите по-хорошему вернуть мои деньги за свой недобросовестный заказ, будет вам по-плохому."
115045,115094,88037173,1722539975,"Придумал тут небольшое стихотворение. Надеюсь, что вам понравится. 

Я иду к своим друзьям из пиццерии, 
Летний день, комарья жужжание и ос, 
Что еще нужно для драматургии? 
Пожалуй, только летящий над водой альбатрос…
 
Дар вкуснейший разрежем мы вместе, 
Ведь пицца от «Папы» на тоненьком тесте, 
Начинки здесь много, не то что у всех, 
Пицца от «Папы» - настоящий успех! 
Вечерняя сладость, прохлада и лето, 
С пиццей от «Папы» - душою согрето."
115045,115096,17976888,1722594911,Добрый день. Ответьте в лс.
115045,115099,117882551,1722614320,"Что у вас с доставкой и вообще с сервисом? Сделал заказ жду второй час, ни до кого не дозвониться и не дописаться , везде игнор. 😡😡😡😡 мне кто-нибудь ответит?"
115045,115102,163530570,1722694980,"Скажите пожалуйста, где наша пицца по адресу г Котельники, ул Строителей, 3???"
115045,115104,68612617,1722706340,"Жуть вообще!!!! Жду доставку уже 5 - пять часов!!!!!!! Это вообще как? Вы в Москву из Волгограда пиццу чтоли везете??
Больше в вашу пиццерию ни ногой!!! Весь день испортили"
115045,115107,115153388,1722758123,"Мне попалось в пицце в заказе moscow-96-48633672-iPD. По телефону не отвечают. В ВК тоже. В чате приложения тишина, на обращение ответа нет. 

Это вообще как понимать? А если бы это попало внутрь организма? Это металлическая штука как скоба."
115045,115111,147867,1722792251,"Вы там совсем уже? Вы час готовили заказ, а потом его отменили?!((((("
115045,115119,3366288,1723095801,"Когда в пепперони будет нормальная колбаса, как была раньше, а не второй невкусный вариант??"
115045,115121,286106874,1723103054,"Здравствуйте, жду доставку около 10 часов (точнее уже возврат), ни на один из телефонов дозвониться не удалось, в ВК тоже не отвечаете. В поддержке приложения бот сидит, никакого оператора в чат не пришло"
115025,115026,102592952,1721808881,
115025,115027,19080518,1721812019,
115025,115028,19080518,1721812035,"верните деньги, везде игнор"
115025,115040,337371403,1721988428,
115025,115065,39198391,1722360212,"ВЕРНИТЕ МОИ ДЕНЬГИ ЗА НЕВЫПОЛНЕННЫЙ ЗАКАЗ!!! В СУББОТУ ЗАКАЗАЛА ДВОЙНУЮ ПЕППЕРОНИ, А ПРИВЕЗЛИ БЕЗ ПЕППЕРОНИ ВООБЩЕ! КАК ДЕНЬГИ СПИСАТЬ, ТАК СРАЗУ, А КАК ОТВЕЧАТЬ, ТАК В СЛИЛИСЬ! НИКОГДА НЕ ЗАКАЗЫВАЙТЕ В ПАПА ДЖОНС, ВЫ НЕ ПОЛУЧИЛИ ТО, ТО, ЗА ЧТО ЗАПЛАТИЛИ!!!"
115025,115089,39198391,1722457429,"Ну что же, Папа джонс, нае.ть у вас меня не получится, я направила обращение в Роспотребнадзор, написала туда и номер заказа и фото пиццы, что ваш ресторан мне привез и ссылку на эту группу. Не хотите по-хорошему вернуть мои деньги за свой недобросовестный заказ, будет вам по-плохому."
115025,115108,115153388,1722758272,"Мне попалось в пицце в заказе moscow-96-48633672-iPD. По телефону не отвечают. В ВК тоже. В чате приложения тишина, на обращение ответа нет. 

Это вообще как понимать? А если бы это попало внутрь организма? Это металлическая штука как скоба.

Адрес ресторана откуда доставка была Novoperedelkinskaya Street, 9А, 119633 • этаж 1"
114976,114978,198740564,1721312492,"Как вам дозвониться? Интересует филиал на Коньково. По общему номеру и добавочному номеру5002 никто не берет трубку, идёт сброс! Заказ оплачен картой, пишет с вашим заказом что-то не так, свяжитесь с рестораном, связи нет....!"
114976,114983,213561847,1721329063,"Добрый вечер, являемся постоянными клиентами, что случилось с начинкой, кот наплакал 😱 ее по сути просто нет, самая любимая пицца «итальянская с моцареллой и пепперони»
Открыли коробку и обомлели, впервые такое 😢"
114976,114988,17705355,1721540419,"Ну чтож, 5 дней на ответ в вашем глупом чате прошли, а вы всё молчите и делаете вид что очень заняты, давайте искать другие методы общения. Найдите подвох!? 
Не нашли? Тогда я вам подскажу, я заказывал сырные палочки с ветчиной и грибами, а привезли сырные, да ещё и пересушенные. Как будем решать данный вопрос?"
114976,115019,9184259,1721808159,
114976,115066,39198391,1722360238,"ВЕРНИТЕ МОИ ДЕНЬГИ ЗА НЕВЫПОЛНЕННЫЙ ЗАКАЗ!!! В СУББОТУ ЗАКАЗАЛА ДВОЙНУЮ ПЕППЕРОНИ, А ПРИВЕЗЛИ БЕЗ ПЕППЕРОНИ ВООБЩЕ! КАК ДЕНЬГИ СПИСАТЬ, ТАК СРАЗУ, А КАК ОТВЕЧАТЬ, ТАК В СЛИЛИСЬ! НИКОГДА НЕ ЗАКАЗЫВАЙТЕ В ПАПА ДЖОНС, ВЫ НЕ ПОЛУЧИЛИ ТО, ТО, ЗА ЧТО ЗАПЛАТИЛИ!!!"
114976,115090,39198391,1722457503,"Ну что же, Папа джонс, нае.ть у вас меня не получится, я направила обращение в Роспотребнадзор, написала туда и номер заказа и фото пиццы, что ваш ресторан мне привез и ссылку на эту группу. Не хотите по-хорошему вернуть мои деньги за свой недобросовестный заказ, будет вам по-плохому."
114967,114968,711423487,1721215441,Я думаю что infinix это уже будущее🔮🔮
114967,114969,2547938,1721216923,Круто было бы увидеть полностью гибкие смартфоны.
114967,114971,172014170,1721232524,Уметь определять состояние здоровья по касанию пальцем.
114967,114972,502409316,1721235168,Вечный аккумулятор
114967,114973,58918687,1721239843,"Автономность
Производительность 
Качество сборки 
Дизайн"
114967,114975,467905190,1721291698,Встроен в ладонь человека
114967,114977,198740564,1721312447,"Как вам дозвониться? Интересует филиал на Коньково. По общему номеру и добавочному номеру5002 никто не берет трубку, идёт сброс! Заказ оплачен картой, пишет с вашим заказом что-то не так, свяжитесь с рестораном, связи нет....!"
114967,114979,364153596,1721315204,Защищённый от падений
114967,114986,171557165,1721396136,"Производительность
Разрешение Фото и видео съемка
Автономность ✈️✈️✈️"
114967,114987,600436282,1721412646,уметь изменять диагональ до размера телевизора
114967,114992,22339561,1721658876,"Сегодня заказывали пиццу без сыра, так как не переносимость лактозы. В итоге привезли с сыром. После долгих дискусий по телефону нам согласились заменить пиццу, но в итоге привезли пиццу на тонком тесте, хотя мы заказывали на традиционном тесте. И нам естественно не вернули разницу, ведь как нам сказали, то посчитали стоимость с сыром. Мы разочарованны нашим первым заказом у вас и теперь вряд ли будем что то заказывать у вас в будущем"
114967,114994,407330149,1721669756,Функция «голозвонок». Звонок с голограммой собеседника.
114967,114995,104750728,1721726582,Делать фотографии с высоты птичьего полета
114967,115000,48180450,1721762768,Всё будет супер просто! Силой мысли👌
114967,115001,494662424,1721763981,"Дизайн, гибкость, аккумулятор вечный."
114967,115002,833183845,1721765907,"Гибкий, с вечным аккумулятором.И не ломался"
114967,115003,49337807,1721766395,Может быть мысленное управление; корпуса пусть будут хамелеоны)) цвет под настроение или состояние здоровья и небьющийся экран!
114967,115004,736975341,1721766815,При опасности вызывать нужные службы самостоятельно.
114967,115005,168540770,1721768769,"Вероятно, в следующие 15 лет смартфоны ожидает серьезный прогресс в области биометрии и медицинского мониторинга. Технологии биометрии в смартфонах появились достаточно давно, и сейчас распознавание лица и отпечатков пальцев стали одним из основных способов аутентификации. "
114967,115006,422650010,1721771456,Функция считывания мыслей
114967,115007,1881409,1721777783,При звонке будет выходить 3D голограмма звонящего человека/абонента
114967,115010,710622063,1721793442,Менять свой размер
114967,115011,49484888,1721797792,Безлимитная зарядка
114967,115012,32426256,1721798036,"Хорошая автономность и функции беспроводной зарядки , голограмма звонящего"
114967,115013,146660542,1721801209,Спасибо за конкурс) участвую
114967,115014,253401637,1721801645,Чтоб обновлялся внутри и снаружи по истечению времени без никаких вложений
114967,115015,50684236,1721802744,С моей работой нужен гибкий не бьющийся смартфон
114967,115016,28936135,1721802857,Надежный
114967,115017,151123496,1721805670,Сама будет запрыгивать в карман или в сумку
114967,115018,9184259,1721808148,предсказывать будущее
114967,115029,729852294,1721814681,Самонаходиться в квартитре
114967,115030,240978582,1721817591,Камера которая бы захватывала очень большой обзор чтоб много людей могли войти в кадр
114967,115031,671142480,1721822097,схорошей камерой
114967,115032,405602684,1721825961,С функцией телепортации)
114967,115033,490676297,1721826997,Много памяти и хорошая камера
114967,115034,869832720,1721828469,Infinix уже будущее 🔮
114967,115035,746813847,1721830249,Если честно меня и так всё  устраивает 🤗
114967,115036,651342059,1721842482,Как помню режим охлаждения и в строений мини кулер
114967,115038,13975790,1721984875,Когда итоги опубликуют?
114967,115048,711423487,1722230079,
114967,115067,39198391,1722360269,"ВЕРНИТЕ МОИ ДЕНЬГИ ЗА НЕВЫПОЛНЕННЫЙ ЗАКАЗ!!! В СУББОТУ ЗАКАЗАЛА ДВОЙНУЮ ПЕППЕРОНИ, А ПРИВЕЗЛИ БЕЗ ПЕППЕРОНИ ВООБЩЕ! КАК ДЕНЬГИ СПИСАТЬ, ТАК СРАЗУ, А КАК ОТВЕЧАТЬ, ТАК В СЛИЛИСЬ! НИКОГДА НЕ ЗАКАЗЫВАЙТЕ В ПАПА ДЖОНС, ВЫ НЕ ПОЛУЧИЛИ ТО, ТО, ЗА ЧТО ЗАПЛАТИЛИ!!!"
114963,114964,68058404,1721127535,"Скажите, а что у вас за повышенный спрос, перманентно? Делаешь заказ в понедельник утром - повышенный спрос, в среду в середине дня - повышенный спрос, в четверг вечером - повышенный спрос. 

Вы можете написать честно, что у вас платная доставка? А то как то держать своих клиентов за дураков, по моему, не очень хорошо для вашей репутации. 
Конкурентов у вас тонна, просто послать вашу контору из принципа могут многие. 

Сделал в этот раз заказ в у вашего конкурента, хотя 2 года заказывал исключительно у вас. Если мне понравится продукт вашего конкурента, буду заказывать у них."
114963,114990,3078021,1721555750,Промокод не найден
114963,114997,19080518,1721736222,здравствуйте
114963,114998,19080518,1721736234,"оплачено картой везде игнор, в лс тут тоже"
114963,115020,9184259,1721808173,
114963,115052,435951660,1722256503,До какого числа действует промокод?
114963,115068,39198391,1722360295,"ВЕРНИТЕ МОИ ДЕНЬГИ ЗА НЕВЫПОЛНЕННЫЙ ЗАКАЗ!!! В СУББОТУ ЗАКАЗАЛА ДВОЙНУЮ ПЕППЕРОНИ, А ПРИВЕЗЛИ БЕЗ ПЕППЕРОНИ ВООБЩЕ! КАК ДЕНЬГИ СПИСАТЬ, ТАК СРАЗУ, А КАК ОТВЕЧАТЬ, ТАК В СЛИЛИСЬ! НИКОГДА НЕ ЗАКАЗЫВАЙТЕ В ПАПА ДЖОНС, ВЫ НЕ ПОЛУЧИЛИ ТО, ТО, ЗА ЧТО ЗАПЛАТИЛИ!!!"
114955,115021,9184259,1721808241,класс
114955,115069,39198391,1722360321,"ВЕРНИТЕ МОИ ДЕНЬГИ ЗА НЕВЫПОЛНЕННЫЙ ЗАКАЗ!!! В СУББОТУ ЗАКАЗАЛА ДВОЙНУЮ ПЕППЕРОНИ, А ПРИВЕЗЛИ БЕЗ ПЕППЕРОНИ ВООБЩЕ! КАК ДЕНЬГИ СПИСАТЬ, ТАК СРАЗУ, А КАК ОТВЕЧАТЬ, ТАК В СЛИЛИСЬ! НИКОГДА НЕ ЗАКАЗЫВАЙТЕ В ПАПА ДЖОНС, ВЫ НЕ ПОЛУЧИЛИ ТО, ТО, ЗА ЧТО ЗАПЛАТИЛИ!!!"
114954,115022,9184259,1721808252,
114954,115070,39198391,1722360350,"ВЕРНИТЕ МОИ ДЕНЬГИ ЗА НЕВЫПОЛНЕННЫЙ ЗАКАЗ!!! В СУББОТУ ЗАКАЗАЛА ДВОЙНУЮ ПЕППЕРОНИ, А ПРИВЕЗЛИ БЕЗ ПЕППЕРОНИ ВООБЩЕ! КАК ДЕНЬГИ СПИСАТЬ, ТАК СРАЗУ, А КАК ОТВЕЧАТЬ, ТАК В СЛИЛИСЬ! НИКОГДА НЕ ЗАКАЗЫВАЙТЕ В ПАПА ДЖОНС, ВЫ НЕ ПОЛУЧИЛИ ТО, ТО, ЗА ЧТО ЗАПЛАТИЛИ!!!"
114949,115023,9184259,1721808261,няшно
114949,115071,39198391,1722360467,"ВЕРНИТЕ МОИ ДЕНЬГИ ЗА НЕВЫПОЛНЕННЫЙ ЗАКАЗ!!! В СУББОТУ ЗАКАЗАЛА ДВОЙНУЮ ПЕППЕРОНИ, А ПРИВЕЗЛИ БЕЗ ПЕППЕРОНИ ВООБЩЕ! КАК ДЕНЬГИ СПИСАТЬ, ТАК СРАЗУ, А КАК ОТВЕЧАТЬ, ТАК В СЛИЛИСЬ! НИКОГДА НЕ ЗАКАЗЫВАЙТЕ В ПАПА ДЖОНС, ВЫ НЕ ПОЛУЧИЛИ ТО, ЗА ЧТО ЗАПЛАТИЛИ!!!"
114949,115072,39198391,1722360490,"ВЕРНИТЕ МОИ ДЕНЬГИ ЗА НЕВЫПОЛНЕННЫЙ ЗАКАЗ!!! В СУББОТУ ЗАКАЗАЛА ДВОЙНУЮ ПЕППЕРОНИ, А ПРИВЕЗЛИ БЕЗ ПЕППЕРОНИ ВООБЩЕ! КАК ДЕНЬГИ СПИСАТЬ, ТАК СРАЗУ, А КАК ОТВЕЧАТЬ, ТАК В СЛИЛИСЬ! НИКОГДА НЕ ЗАКАЗЫВАЙТЕ В ПАПА ДЖОНС, ВЫ НЕ ПОЛУЧИЛИ ТО, ЗА ЧТО ЗАПЛАТИЛИ!!!"
114948,115024,9184259,1721808270,идеально
114933,114935,5653313,1720292035,"1 час 20 минут. Заказ еще готовится, на телефон никто не отвечает... Свинство!!"
114933,114951,136810337,1720717418,Где прочитать подробные правила? Что дает этот промокод из игры?
114933,114956,732679727,1720884130,"Заказ готовится больше двух часов, на звонки и сообщения ни кто не отвечает. Не берите тут пиццу."
114933,114960,170576733,1721028090,"У вас вообще есть поддержка? Несколько раз делали заказы, одни вопросы к работе ресторана и курьера…пишем в чат, ответа нет"
114927,114936,5653313,1720292060,"1 час 20 минут. Заказ еще готовится, на телефон никто не отвечает... Свинство!!"
114923,114937,5653313,1720292068,"1 час 20 минут. Заказ еще готовится, на телефон никто не отвечает... Свинство!!"
114887,114938,5653313,1720292078,"1 час 20 минут. Заказ еще готовится, на телефон никто не отвечает... Свинство!!"
114866,114868,66094065,1719246736,"Дали промокод до 26 числа этого месяца и такое пишет ,как использовать непонятно"
114866,114874,443680076,1719345284,Моё сердце разбито....
114866,114939,5653313,1720292097,"1 час 20 минут. Заказ еще готовится, на телефон никто не отвечает... Свинство!!"
114853,114857,599588387,1718900388,Приложение упало ? Обновил и не работает
114853,114858,3063452,1718901234,"почему невозможно дозвониться до вашей пиццерии?? заказ принят, деньги списали, но доставки нет, в списке заказов пишет ""ошибка, свяжитесь с пиццерией"", но с ней невозможно связаться! Это прикол какой-то?"
114853,114861,84158030,1718910718,"Спустя час ожидания заказ отменили, оповещения никакого не было, баллы списали, класс"
114853,114863,91281639,1718984064,"Деньги списались два раза, заказ до пиццерии не дошел и деньги не возвращаются, чат поддержки уже второй день не работает"
114853,114871,54975028,1719337420,"Из-за ошибки на сайте заказ уехал не на тот адрес, деньги с карты списались, ресторан сбрасывает трубку, поддержка в чате не отвечает! как быть?? moscow-42-48126702-P"
114853,114873,443680076,1719345264,Без комментариев...
114853,114915,364237093,1719647460,Вы можете ответить в личных сообщениях? со вчерашнего дня нету ответа!
114853,114920,512689571,1719824842,Подскажите действующий промокод на пиццу в подарок
114853,114924,7432885,1720020633,Интересная у вас политика: пишешь в ЛС группы - игнор. Но тут в комментариях вы активно помогаете.
114853,114928,273878439,1720181150,"Заказ приняли, списали деньги за заказ, через 5 минут прислали уведомление что заказ «произошла ошибка, свяжитесь с пиццерией» дозвониться невозможно!! при этом деньги не вернули, верните деньги!"
114853,114940,5653313,1720292138,"1 час 20 минут. Заказ еще готовится, на телефон никто не отвечает... Свинство!!"
114849,114875,443680076,1719345300,Я разочарован....
114827,114830,139727191,1718483311,13.06 была отмена заказа! Деньги не вернули!!!!!!!!
114827,114845,53345630,1718729812,Просто самый ужасный сервис у вас. Не дозвонишься до ресторана (было 30 попыток). В онлайн-чате на сайте никто не отвечает. Ожидаю доставку уже третий час.
114827,114848,0,1718788997,
114827,114876,443680076,1719345318,Нет больше смысла жить....
114823,114831,139727191,1718483320,13.06 была отмена заказа! Деньги не вернули!!!!!!!!
114823,114877,443680076,1719345361,"Они с улыбкой, потому что там была пепперони с халапенье и мёдом..."
114822,114832,139727191,1718483328,13.06 была отмена заказа! Деньги не вернули!!!!!!!!
114821,114833,139727191,1718483338,13.06 была отмена заказа! Деньги не вернули!!!!!!!!
114821,114878,443680076,1719345399,"Лицо человека, который потерял пепперони с халапенье и мёдом"
114806,114811,38250104,1717700170,"Самая ужасная пиццерия! Только что привезли заказ пицца холодная , не та которую заказывали , картошка фри тоже холодная . Очень жаль."
114806,114814,316581750,1717779831,"Омерзительная пиццерия, заказ сделала за ПЯТЬ часов, сейчас жду еще к этому час, пиццерия сбрасывает трубки, курьер молчит"
114806,114819,40192790,1717876588,Это проблема только курьеров пиццерии? Или можно нормально заказать через к примеру Яндекс еду и будет норм?
114806,114824,3230292,1718132669,Я закал пиццу по этой акции. Как регистрировать чек в розыгрыше? И когда будут итоги?
114806,114829,139727191,1718483265,13.06 была отмена заказа! Деньги не вернули!!!!!!!!
114806,114841,49610114,1718647856,Ждем пиццу уже два часа. Телефон поддержки не отвечает. В чём проблема? Почему всё хуже и хуже работает доставка?
114806,114847,3520384,1718775264,Здравствуйте! Когда будет опубликован список победителей? В правилах указано 18 июня
114804,114813,473346190,1717779018,"Зашли в пиццерию, сделали заказ.
В пиццерии кроме нас никого не было, но дело в том что, это что за не уважение? Тем более я была с ребёнком. Мы должны были кушать и смотреть на его рваные тапки?
Начальству написали (по номеру оставленному на кассе) реакции тоже ноль. Впервые такое вижу. Может сразу грязные носки в пиццу будете складывать?
Позорище местному персоналу и руководству. А ""свинья"" ваша под названием менеджер лучше бы умылся и правила этикета - стандартов выучил прежде чем с людьми работать."
114804,114817,0,1717843187,
114804,114834,139727191,1718483361,13.06 была отмена заказа! Деньги не вернули!!!!!!!!
114783,114785,20914535,1717171186,Всё ли в порядке? Не получается зайти на сайт и в приложение. Впн отключён
114783,114786,6560914,1717172266,"Сделал заказ 29 мая и списали тройную оплату за него.
Отправил сообщение через форму на сайте в тот же день, но на почту не пришло ответа до сих пор.

Куда можно обратиться по этому поводу?"
114783,114790,2015123,1717178684,"Списали деньги за заказ. Заказ не везут. Позвонила в пиццерию, там плохо говорящая на русском языке женщина сказала, что такого заказа нет. Потом пообещали привезти через полчаса. Прошел час, заказ не привезли. Снова позвонила в пиццерию, опять же плохо говорящая на русском женщина говорит, что заказа нет и бросает трубку. Спасибо за испорченный вечер и нервы. Расцениваю это как мошенничество. Видимо, пора всем проверяющим инстанциям узнать про работу Папы Джонса. Начнем с Роспотребнадзора."
114783,114794,383698623,1717182493,Жду третий час. Ещё готовится. До завтра ждать видимо... Спасибо огромное!
114783,114796,1763015,1717187978,В 22.00 оплатил заказ. Готовить не начали по телефону не дозвониться.
114780,114886,740522901,1719439782,"Бонусная программа работает отвратительно, баллы списать можно, а пиццу забрать нельзя."
114773,114805,6747615,1717368343,"moscow-35-47822836 заказ, заказывал с колбасным бортом, привезли с сырным."
114772,114842,49610114,1718647925,"Мы обсудили с мужем и понимаем, что ожидание доставки в два часа— это ужасно. Даже ожидание любимой пиццы."
114747,114749,4901898,1716232703,"Все было бы прекрасно, если б можно было дозвониться до пиццерии. Ну или хотя бы связаться с курьером, который уже 2 часа везет твой заказ. Н - неизвестность 👍🏻"
114747,114751,216366703,1716300848,А у вас только во вторник так жутко тормозит приложение или всегда? И с телефона и с компа невозможно заказать через промокод ваш. Все условия соблюдены. Постоянно вылезает «не выбран подарок» - да выбрал я его уже.
114747,114753,36881083,1716303220,Курьера ждём уже 5 часов
114747,114759,0,1716403524,
114747,114766,556698457,1716666733,Подержка когда-нибудь вообще отвечает в Папа Джонс?
114747,114767,13178646,1716674973,"Мне тоже никто не отвечает, жду пиццу уже час"
114747,114769,13178646,1716675044,"Я не заказывала пиццу в папа Джонс 3 года; вот сегодня решила это сделать, лучше бы не делала
Пожалела 
Трубку никто не берет , заказ везти не собираются"
114747,114775,7684593,1716917790,"Вот в таком виде доставили рогалики, хотя заказ был на рогалики с сыром, а не сыр на бумаге. Написали, что ресторан свяжется и тишина, в прошлый раз заказ не соответствовал, положили другой соус и опять в обратной связи никто не отвечает , раньше вы себе такого не позволяли"
114747,114777,509600397,1716999489,"Отпишите пожалуйста в личку. Жду заказа 90 минут, ""привезли"" на 40 минут раньше, и указали ""доставлено"", хотя я не получил пиццу(указывал адрес 100% правильно) не знаю куда позвонить."
114747,114778,509600397,1717000624,"Ответьте, пожалуйтсаааааааааааааааааа"
114747,114781,540886288,1717008862,"Ждем заказ уже 3 часа, где он?"
114746,114752,216366703,1716301313,А у вас только во вторник так жутко тормозит приложение или всегда? И с телефона и с компа невозможно заказать через промокод ваш. Все условия соблюдены. Постоянно вылезает «не выбран подарок» - да выбрал я его уже.
114727,114739,252295665,1715717335,"Технические проблемы, ответьте в лс."
114727,114741,501905013,1715762283,Здравствуйте! С кем могу связаться по вопросам сотрудничества?
114707,114711,0,1715334529,
114689,114690,-3874609,1714590563,"Увлекательная игра, за участие в которой можно будет получить подарок.. Супер!😃"
114689,114722,169090191,1715610117,"Добрый день. Заказ оформлен 5 часов назад, оплачен. До сих пор находится в статусе ""Готовится"", ресторан на звонки не отвечает. 
Поддержка в приложении не отвечает.
Номер заказа moscow-6-47556086-P.

Заказ перестал быть актуальным. Прошу вернуть деньги."
114689,114729,631341386,1715620593,"Здравствуйте, делал заказ 08.05 , мне не привезли одну пиццу и сырные палочки , курьер ничего не довез после  , потом 9.05 дозвонился в пиццерию и мне сказали что по везут к 20:00 , но ничего не доставили в вашу пиццерию невозможно дозвониться , чат поддержки не работает , решите вопрос , Надеюсь на скорейшее решение вопроса и дополнительные бонусы от вас , КСТАТИ МНЕ НЕ ДАЛИ ЧЕК , что является грубым нарушением !!!"
114689,114731,652255280,1715667559,"Добрый день . А как вообще с вами можно связаться существует ли такая возможность . Всн номера что вы указываете в чеке на сайтах они не существуют . Обращение тоже не оформить!!!!!
Был сделан заказ номер 8409. Чек прилагаю.  
В итоге привезли с тонким тестом и борт сыр . Пицца вся сухая и холодная."
114689,114732,3693918,1715685740,"Написала в ЛС!!! Ответьте, пожалуйста!!"
114689,114744,2059545,1715806472,"Сделала заказ, время ожидания 120 минут при этом взяли день за доставку! И не привезли в назначенный срок. Где моя пицца?"
114688,114692,712329499,1714598436,"Божечки мои, как вкусно звучит и вкусно выглядит, особенно для вегетарианца, каковым я являюсь 🤤"
114681,114682,345921254,1714481062,
114681,114685,21161065,1714583458,"Заказ moscow-3-47384356-PD от 30.04.24, доставлен и оплачен сегодня, не начислены 50% бонусы. Начислите, пожалуйста."
114651,114680,746381836,1714401260,"Заказали пиццу «любимая папина пицца» а вместо нее привезли пепперони которая стоит в два раза дешевле, начали звонить в ресторан, взяла трубку девушка, я начал объяснять ситуацию, она сказала нечего не знаю и сбросила трубку, мы звонили повторно но больше не кто не брал трубку. Уважаемая администрация Папа Джонс если вы читаете отзывы, то вам лучше заменить сотрудника который так халатно относится к своей работе
Больше нет желания заказывать"
114649,114650,9323585,1714045619,"Если соус, то только - особый чесночный) других спасибо не нужно))"
114645,114655,45104783,1714135645,"Именно с этим девизом мне не привезли пиццу спустя 3.5 часа!!! Заказала в 10:32, к 12:00-12:15, оплатила, время 15:47 - никто не знает где заказ. Ресторан не выходит на связь. Казань1! Позор!"
114632,114633,608139607,1713511199,Я лично совсем не против посмотреть этот фильм!
114632,114635,13211861,1713554519,"У вас 1 пиццу делают 4 часа, какие фильмы?! На звонки никто не отвечает, в чате с поддержкой никто не отвечает!! Деньги вернуть не получается из-за того, что никто нигде не отвечает!!!!!
Зато вы берете деньги за рекламу фильмов, молодцы! Вы бы лучше поработали над обратной связью и работу ваших франшизных заведений!
Заказ сделан в 18:14, на момент написания комментария, он до сих пор не доставлен!"
114632,114647,109470033,1713902806,Как стать участником?и где отслеживать результаты?
114632,114652,33731330,1714123602,"Сделала заказ, деньги ушли , заказ не видят !!!! По телефону оператор говорит что заказ не видит , денег нет 
Крайне ужасный сервис 
НИКОМУ НЕ РЕКОМЕНДУЮ"
114632,114657,45104783,1714135765,"Не привезли пиццу спустя 3.5 часа!!! Заказала в 10:32, к 12:00-12:15, оплатила, время 15:47 - никто не знает где заказ. Ресторан не выходит на связь. Казань1!"
114632,114663,193709305,1714213682,Хучшая пицца! Пиццу везут по 3-4 часа
114632,114670,1757109,1714243771,"Сделали заказ 27.04.2024 в 19:10. На момент написания комментария его не привезли. Статус заказа ""Готовится"". Поддержка не на связи ни в чате, ни по телефонам, указанным на сайте. Сервис нулевой. Это был последний заказ в вашей компании. Спасибо за испорченный вечер."
114632,114673,1757109,1714288639,По заказу по-прежнему никакой информации. Верните деньги!
114632,114675,17247526,1714302988,"moscow-67-47343210-iP опять телефон никто не берет, заказ непонятно где, время вышло. Почему бы не прекратить врать с временем доставки? Ну не справляетесь вы, зачем заявляете такие временные рамки? Ну пишите правду, или возите вовремя. Просто днище."
114632,114679,746381836,1714400987,"Заказали пиццу «любимая папина пицца» а вместо нее привезли пепперони которая стоит в два раза дешевле, начали звонить в ресторан, взяла трубку девушка, я начал объяснять ситуацию, она сказала нечего не знаю и сбросила трубку, мы звонили повторно но больше не кто не брал трубку. Уважаемая администрация Папа Джонс если вы читаете отзывы, то вам лучше заменить сотрудника который так халатно относится к своей работе
Больше нет желания заказывать"
114632,114695,229132329,1714761479,"Пиццу мне всегда привозят во время, как правило их таймер не врет. НО! Сегодня сделал заказ moscow-8-47418864, пицца должна была быть с креветками х2, по факту креветок в пицце не было вообще! И что делать в такой ситуации, проверять пиццу при курьере и возвращать ему?"
114632,114704,540320314,1714982244,"Добрый день, сегодня заказали пиццу номер заказа moscow-42-N47451554-AP но в приложении выдало ошибку . По указанным номерам трубки не берут, в чате поддержки сообщение невозможно отправить! Откуда такая халатность? Верните деньги либо привезите пиццу !!!"
114632,114784,6560914,1717163935,При заказе на сайте Папа Джонс списалась три раза оплата за заказ.
114615,114617,17247526,1713344580,Чем на рекламу тратиться лучше бы франчайзи воспитывали. Доставки просто нет. Где заказ moscow-67-47193020-iP? Час в пути
114615,114618,17247526,1713344619,Просто днище какое то. Зачем и кому нужна ваша пицца если она приезжает холодная и спустя часы после заказа???
114615,114619,17247526,1713344796,"Телефоны просто не работают, в приложении чат не работает. Ни с кем не связаться. Зачем вся эта ваша реклама??"
114615,114621,17247526,1713346053,Общение с поддержкой - особое удовольствие. Наплевательство и равнодушие - самое мягкое из эпитетов которые можно применить.
114615,114623,17247526,1713346256,Такое чувство что весь менджмент захватили в заложники и франшизой управляет какой то курьер или кассир. Потому что на тот ад который творится вообще нет никому дела. Все комментарии в сообществе - о задержках с доставкой. И никому ни до чего нет дела. Да просто элементарно никто даже не подумал хотя бы извиниться.
114615,114625,17247526,1713347646,Третий час пошел…
114615,114626,17247526,1713347662,Точнее уже к концу походит
114615,114627,188872533,1713360318,"Тоже самое. Жду уже 110 минут с момента заказа. Верните деньги. Холодной пиццей можете пообедать сами, мне она уже не нужна."
114615,114630,76370842,1713380949,"Невозможно связаться с рестораном на северодвинской, телефон не берут, чаты не отвечают. Привезли вообще не то"
114615,114634,385376590,1713550679,"Два часа прошло, где заказ?От холодной будет сразу отказ и возврат. Свяжитесь со мной. Если бы знала , не связывалась с вами."
114615,114638,91630541,1713647630,"[club10095732|Папа Джонс] Заказ moscow-24-47250055-iP , не привезли соусы. В заказе была пицца, и два соуса. Пиццу привезли, а соусы нет. В чате поддержки никто не отвечает. Будьте добры вернуть деньги за соусы, они не бесплатные."
114596,114600,65151343,1712941820,"Ау! Как дозвониться до вас? Заказ жду уже часа полтора , приедет не приедет ? В личные сообщения пишу сюда не отвечаете ? Что с вами происходит. ?!! Свяжитесь со мной  заказ moscow-93-47130314-M
Номер телефона +7 936 315-85-08"
114596,114602,352662,1712952414,"Добрый день. Звоню и пишу уже везде, где только можно. Реакции никакой. Оформила заказ. Более двух часов никакой информации по нему. ДВА ЧАСА!!! я пишу вам в чаты, звоню, оставляю обратную связь и никакого ответа!!!! Через два с лишним часа приезжает курьер и я прошу его набрать руководству, чтобы я могла уточнить вопрос, вернут ли мне деньги, если я откажусь от заказа. Курьер отказывается связать меня с кем либо, сказав, что у него никаких телефонов руководства нет и просто уезжает с моей пиццей, со словами, ну вы же сказали, что отказываетесь, тогда до свиданья, с вами свяжутся, деньги вернут. Я говорю, подождите, либо связывайтесь с руководством, чтобы оно подтвердило, что мне вернут деньги, либо оставляйте пиццу, а то я так и останусь без денег и без пиццы, он сказал ""ну вы же отказались"" и ушел вместе с моей пиццей!!!!!!! Прошу разобраться в ситуации и хоть как-то кому-то выйти со мной на связь! Более двух часов пытаюсь до вас достучаться"
114582,114585,786630560,1712594746,"добрый день,правильно понимаю ,что акции по вторникам 1+1 на самовывоз больше нет и не будет?"
114574,114578,2693573,1712337278,"Отвратительный сервис на Мусы Джалиля в Москве! Трубки не берут, опаздывают!"
114574,114580,364237093,1712473124,"Не пришли баллы за заказ moscow-88-46957831-AP
Происходит постоянно. Каждый раз приходится писать в поддержку"
114574,114583,11940390,1712571469,"Здравствуйте! Подскажите, пожалуйста, почему не приходит промокод на день рождения?"
114574,114590,490294052,1712739111,А давно платная доставка?
114574,114592,0,1712827777,
114574,114605,126269676,1712966229,Через приложение первый раз оформила заказ. Не увидела обещанных бонусов. Где мои бонусы?! 😁
114574,114611,10043009,1713106171,"Вы как-то постарайтесь уже наладить работу в ваших кафе. Кафе на ул. Кравченко, 8, стр. 6, Москва никогда ничего не может приготовить вовреммя. Таймер обратного отчета достаки заказа остановился, телефон не отвечает. Сколько люди должны ждать свою еду?!"
114574,114612,10043009,1713106425,"Более 45 минут назад истекло время доставки. Телефон не отвечает. Технической возможности отменить заказ и вернуть деньги у вас не придусмотрено. Какого черта я должна гадать, привезут мне вообще сегодня еду или нет?! И когда?! Последний раз я сделала заказ у вас. Больше никогда."
114566,114567,352616226,1711963313,"Жаль, что не Сергей из Новосибирска)"
114566,114568,49367902,1711967406,"Здравствуйте, рассылка промокодов в честь дня рождения у вас работает(нет) ? Мне промокод не присылали и в самом ресторане скидку не сделали."
114566,114573,75815855,1712048890,"Добрый день! Папа Джонс! 
Розыгрыш приза был не по правилам!😡

Согласно правилам, человек может сделать несколько заказов, и имеет больше шансов на выигрыш. ( Выписка из ПРАВИЛА ПРОВЕДЕНИЯ И УЧАСТИЯ В РЕКЛАМНОЙ АКЦИИ «HYPERPC»: ""Участник может принимать участие в акции неограниченное количество раз. Чем больше заказов с использованием промокода в период по акции совершает Участник, тем больше вероятность выиграть один из призов, перечисленных в п.1.5 Правил."" )

Согласно таблице, которую получил HYPERPC от вас, там фильтрация по количеству заказов. Соответственно, человек сделавший два заказа (согласно условиям) имел один шанс, что нарушает правила проведения! 
Таблица должна была составлена по дате заказа, участвовавшего в розыгрыше.  Соответственно, кто сделал несколько заказов, был бы распределён по таблице и имел больше шансов на выигрыш.

Итоги розыгрыша не верные! Ниже фото правил, и фото таблицы участников!"
114557,114563,3529034,1711893219,"Ребят, у вас все нормально? Прием! Как получить информацию по оплаченному заказу? Дозвониться невозможно."
114547,114548,4470693,1711582295,"Заказом пицца в 0:44 
Время 2:30 , ни ответа ни привета , пиццерия не работает ? 
Никто не берет трубку , где деньги , где пицца ?"
114547,114554,94933535,1711693393,"Заказала вчера джонер с креветкой за что в итоге мне привезли джонер с курицей, а оплатила я их 2,написала в поддержку, а в итоге полный игнор 
Верните пожалуйста деньги!"
114507,114509,174198541,1710959985,Поддержка ужасная. Нет обратной связи совсем.
114507,114532,1227131,1711291824,"Отвратительное качество сервиса, трубку не берут, в чате в прилоежнии не отвечают, тут в лучшем случае ответят через несколько дней"
114497,114500,21161065,1710835359,"Добрый день! Вчера не начисли 50% бонусы за заказ moscow-3-46808773-AP. Поддержка и чат не отвечают. Начислите, пожалуйста."
114497,114505,0,1710927226,
114486,114488,0,1710667507,
114486,114499,560943676,1710828104,"Айдар, попросили удалить личные данные из мобильного приложения, а не комментарий под постом. Проснитесь уже и свяжитесь, если не понимаете какие данные удалить."
114456,114460,161903294,1710530174,"Сделали заказ,прождали 2 часа,позвонили оказалось что ждать еще «долго»-отменяйте , мы отказались отменять.Сотрудник Алексей хам,ваш знаменитый сервис «слыш ты…» . «Ты отменяешь заказ» мы два раза подтвердили что «нет»,на что ваш сотрудник выдал «тогда я отменяю, давай» и положил трубку !Все записи разговоров у меня есть
Будем писать в Роспотребнадзор."
114456,114487,598689469,1710664655,"Здравствуйте. Вчера в 20:13 был сделан оплаченный заказ на сумму 1654 р., через минуту мы его отменили, когда придут денежные средства на карту?"
114454,114461,161903294,1710530181,"Сделали заказ,прождали 2 часа,позвонили оказалось что ждать еще «долго»-отменяйте , мы отказались отменять.Сотрудник Алексей хам,ваш знаменитый сервис «слыш ты…» . «Ты отменяешь заказ» мы два раза подтвердили что «нет»,на что ваш сотрудник выдал «тогда я отменяю, давай» и положил трубку !Все записи разговоров у меня есть.
Будем писать в Роспотребнадзор."
114438,114444,826642991,1710157571,"Привет, папа) 
Сделали обзор на тебя, додо уже отреагировали у меня на странице, давайте не будем отставать от них) https://youtu.be/4p7SW425TXM?si=QPl9XHH3cugFhXPk"
114388,114392,711311701,1709886936,Не работает у вас ни сайт ни приложение. ((
114388,114393,2170706,1709887597,"Не работает ни сайт ни приложение. При заказе через телефон сотрудник уверяет, что приложение работает прекрасно. При запросе скидки на самовывоз отказ, поскольку она распространяется только на заказы с сайта или приложения."
114388,114394,593761902,1709888646,Остались без выручки вы сегодня ребят)
114388,114395,1168201,1709899988,Промокод не работает((
114388,114396,14339099,1709912010,Сайт лежит. Приложение тоже
114388,114397,954089,1709912643,"Реально: ни сайт не работает, ни приложение, ну и пофиг, значит, зарплату сегодня не получите в такой прекрасный день)))"
114388,114398,625483569,1709912689,"Задержка заказа 2 часа, до пиццерии не дозвониться"
114388,114400,695095046,1709916734,"Ждали заказ 2 часа с половиной, в итоге пиццы холодные… жесть конечно…"
114388,114401,245796588,1709916772,"Вот такой подарок вы сделали за ваши 20% промокода? 
Два часа ждали пиццу , в итоге холодная , праздник испорчен !"
114388,114414,4891529,1709918851,И пицца будет? Уже три часа ждём. Пицеррия в 10 минутах от дома
114388,114417,48105488,1709921575,Жду заказ 4-ый час. В ресторан дозвониться не возможно. В чате с поддержкой не отправляются сообщения.
114388,114426,2690432,1710003171,"Здравствуйте. Приложение лежит. Телефон бесполезен.
Написал в лс
Привезли не ту пиццу."
114388,114445,35749404,1710165978,"Добрый день! Пишу в чат поддержки через приложение, мне никто не отвечает уже сутки. Попробую здесь. 
Вчера оформлял заказ, после оформление заметил что не тот адрес поставил, отменил в течении минуты которая на это дается при оформлении. С меня списали деньги. Не денег не пиццы 🍕"
114388,114462,161903294,1710530211,"Сделали заказ,прождали 2 часа,позвонили оказалось что ждать еще «долго»-отменяйте , мы отказались отменять.Сотрудник Алексей хам,ваш знаменитый сервис «слыш ты…» . «Ты отменяешь заказ» мы два раза подтвердили что «нет»,на что ваш сотрудник выдал «тогда я отменяю, давай» и положил трубку !Все записи разговоров у меня есть.
Будем писать в Роспотребнадзор."
114362,114381,98420580,1709809613,"Отвратительный сервис , в жизни не поверь что с Долгопрудного ехать до точки доставки около двух часов"
114362,114386,87968223,1709841167,"Еда приехала едва теплой, а вместо хваленного чиз-картофеля мне привезли обычный. Поддержка на сайте ""готовит ответ"" длинной в бесконечность. Что полгода назад было также, что сейчас."
114362,114496,553069533,1710785227,
114361,114463,161903294,1710530221,"Сделали заказ,прождали 2 часа,позвонили оказалось что ждать еще «долго»-отменяйте , мы отказались отменять.Сотрудник Алексей хам,ваш знаменитый сервис «слыш ты…» . «Ты отменяешь заказ» мы два раза подтвердили что «нет»,на что ваш сотрудник выдал «тогда я отменяю, давай» и положил трубку !Все записи разговоров у меня есть.
Будем писать в Роспотребнадзор."
114334,114348,55443722,1709436857,Почему вы нигде не отвечаете?
114334,114366,6344040,1709572831,
114334,114369,6344040,1709572904,
114334,114370,6344040,1709572935,Как то так
114333,114350,143903437,1709486233,Хочу промокод для заказа доставки
114324,114326,122856072,1709186208,"Здравствуйте! 
По итогам данного заказа отравилась вся семья, курица была не прожаренная до конца и пицца тоже вызывала расстройство желудка…
Примите меры по улучшению качества продукции. 
Это не первый случай за последние пару месяцев.
А еще в вашем приложении отображается не корректно заказ! 
У нас были заказаны пепперони, крылья + ( бананза выбрана в качестве подарка)."
114271,114308,379708518,1708965090,"Коротко про папу Джонс: привозят пиццу не политую соусом барбекю
И пиццерия не берет трубку , Доб. 5042. Позор. Были лучшие, стали - худшие"
114169,114251,2086015,1708701805,"moscow-85-46475974-AP отмените, пожалуйста, заказ"
114160,114163,718011408,1708518739,"Отвратительная пиццерия с точки зрения обслуживания. Заказ не едет уже два часа , связаться с ними никак не возможно. Совсем охренели"
114160,114171,35286416,1708592635,"Заказ висит на этапе ""Принят"", дозвониться нереально, заказ оплачен. Как ваши клиенты должны получать информацию о заказе?!"
114160,114173,151919038,1708593346,"Аналогично вышеуказанным комментариям. Заказ сделали вчера, с доставкой сегодня в обед. Не отвечают и не везут заказ!!!"
114160,114177,57093699,1708596506,"Заказа нет уже 2 часа, статус не меняется. во что превратился сервис."
114160,114181,327189427,1708598519,"Добрый день, сильно задерживается заказ. Трубку никто не берет . Свяжитесь пожалуйста со мной"
114160,114214,0,1708604727,
114160,114225,12567472,1708608491,"Заказы не возят, деньги берут за доставку и пиццу и не возят, мошенники"
114160,114228,370138678,1708609119,"заказ тоже не пришел, ждали 5 часов, до сих пор «готовится».."
114160,114234,740513438,1708614033,"Отвратительный сервис. Не везут заказ уже почти 5 часов. В чате не отвечают. На звонки не отвечают. Даже здесь не отвечают

Зато увеличили стоимость за доставку. Прекрасно"
114160,114235,3713049,1708621720,Не привезли оплаченные соусы
114160,114236,0,1708621731,
114160,114246,506764960,1708683062,"Здравствуйте, мы сделали заказ оплатили онлаин переводом деньги снялись хотели переделать заказ нажали отмену, но деньги не пришли обратно . Что делать ведь мы не получили не денег, не пиццу.и заказ не изменились.

Город: Благовещенск1

Пицца: цыплёнок флорентина тонкое тесто ,40см"
114160,114250,2086015,1708701664,moscow-85-46475974-AP отмените заказ
114160,114270,0,1708708131,
114160,114272,96741720,1708709775,"Сделали заказ , написано что заказ доставлен , но мы ничего не получили 
оператор ресторана сбрасывал звонки , кое как дозвонились , и нам сказали , что деньги вернут , запись разговора есть ! но до сих пор денег мы не получили"
114160,114288,302342,1708795784,Как и у всех! Заказать было большой ошибкой! Ждем заказ уже два часа! В чате ничего не происходит! Ресторан трубку не берет! Статус заказа не меняется! Верните деньги и оставьте свою пиццу себе! moscow-35-46498852-iP
114160,114298,815485798,1708875749,"Сегодня сделали заказ в ПАПА ДЖОНС (Сразуу хочу сказать что являлся фанатом данной сети) 
Но сегодня когда с товарищем забрали Пепперони, наше мнение чуть-чуть поменялось! 
Итак, после тотального уничтожения керамического унитаза мы оба пришли к мнению что не станем больше кушать там! 
Масла (жира) было столько в коробке что можно было легко залить это количество в КАМАЗ и проехать 10.000км 
Вкус и сия творения Краснодарских пиццемейкером больше был похож на Эктоплазму чем на Пепперони! 
Вообщем Итог, если Ресторан на Ул Дальней 39.5 хочет сократить популяцию города Краснодар у вас есть все шансы! 
Если честно обидно... Такой пиццей даже НЕчипированных собак кормить жалко! 
С УВАЖЕНИЕ ВАШ БЫВШИЙ ПОТРЕБИТЕЛЬ! 25.02.2024"
114160,114305,4709960,1708942610,Как долго мне ждать ответа от Вас? Никакой оператор мне не перезвонил! Никто не связался!!!! Что за хамское отношение у Вас?????
114160,114309,77287758,1708965682,Заказы заказами. А какая конфигурация компьютера?)
114160,114330,488095969,1709226318,"Вопрос как пицца на традиционном тесте тоньше чем на тонком ??? 
Ну если указывается 2 разных теста ,значит это важно !"
114160,114331,140082350,1709239462,Заказываем пиццу в залесном все всегда вовремя спасибо за ваш сервис 🙏
114160,114335,651265151,1709308357,"Где мой заказ? Последние несколько раз опаздывали на несколько часов, и в этот раз видимо та же ситуация, полный игнор по телефону, в ВК, вообще везде."
114160,114338,253400470,1709360497,"Заказа привезли через 3 часа. Курьер сказал много заказов. Зачем тогда на сайте писать что через 40 мин приедет? Телефон филиала не работает. Там просто не берут трубку. На сайте чат не работает. Когда я уже заказал еду из другого ресторана и после ужина готовился ко сну, привезли не то, что нужно да еще и некачественно сделано. Не те позиции, тесто сырое. Папа Джонс, напишите мне в лс, скину фото того что привезли и расскажу как вернуть мне деньги за это хрючево, которым я не стал бы даже собаку кормить."
114160,114341,0,1709382280,
114160,114342,46454700,1709399607,"Как с Вами связаться?? Заказ оплачен, доставка оплачена. Связаться невозможно. Ни в чате, ни по телефону. Куда обращаться? Пиццу так и не дождались. Позвонил сотрудник (если можно так назвать) и сказал, что печка не работает (через 4 часа). Отменить заказ в приложении нельзя (статус готовится). Прошу вернуть деньги!!!!"
114160,114343,73597498,1709401919,"Здравствуйте, сегодня выиграло Динамо москва и по вашему промокоду должна была быть скидка, но показывает что промокод не работает"
114160,114344,408597505,1709402475,Не работает промокод с игры Динамо + нигде трубку не берут
114160,114345,345127378,1709411871,I want get pc
114160,114349,113559096,1709465280,"Прошло 40 минут с оформления заказа, платная доставка. И статус заказа «принят» 🙃"
114160,114359,225597838,1709492097,"Оставлял жалобу и в кафе в книге жалобы с требованием ответить на неё и в приложении, но везде игнор супер работники!!!!
Жалоба была по поводу скидки на самовывоз 15% которая оказывается не распространяется на сеты 🤷‍♂️, но об этом не доделанные работники почему-то не указали!!!!!
Но зато указано что скидка распространяется на онлайн заказы и как это понимать!!!!!!"
114160,114374,0,1709654347,
114160,114376,317743530,1709660957,"Здравствуйте, заказал в 4 раз с промокодом по ошибке не на тот адрес, отменил, хочу повторно сделать заказ, но пишет что промокод больше не действителен"
114160,114378,349481,1709808410,"Что за беспредел?! Не доставили заказ на сегодня на 13 часов! Телефоны не отвечают, на почте тоже молчок!"
114160,114390,388427024,1709886608,"Ребят, что у вас сайтом и приложением? всё лежит"
114160,114391,211244416,1709886653,Заказ и приложение не работает. Невозможно отследить свой заказ
114160,114399,406036668,1709915664,у всех сайт и приложение не работает сейчас?
114160,114418,3878514,1709925493,"Здравствуйте, я сделал заказ 2,5 часа жду не везут, телефон в пиццерию 5005 выключен, чат горячей линии не отвечают время 22:18 у меня грудной ребенок!!!! Вы ее в час ночи собираетесь привезти!!!???? Вы что творите ребята!!!! Что за отношение!!??"
114160,114434,190432426,1710076057,"Добры день, я сделал 4 заказ со скидкой, но условие для акции в приложении не выполнилось. Подскажите, 4 заказ нужно тоже сделать на 1500? В условии написано только 3 заказа."
114160,114436,115384232,1710081160,Сколько не заказывал всегда все четко
114160,114437,171373818,1710134486,"Подскажите, как узнать номер своего билета в розыгрыше в данной акции? В аккаунте на сайте указано, что все условия выполнены, но о том как именно будет происходить розыгрыш – нет документа-правил."
114160,114440,190268053,1710146239,Как с вами связаться везде полный игнор
114160,114441,190268053,1710146493,Трубку не берете в чате не отвечаете
114160,114442,46553440,1710152814,"Заказ задерживается уже на 2 часа, заранее заказали на 12, в итоге время 13:30, а мнеговорят, чтоткцрьер выезжать будет через пол часа.
НИКАКОЙ КОМПЕНСАЦИИ, Горячей линии нет, конченая контора.
ВООБЩЕ НЕ СОВЕТУЮ!"
114160,114443,71353561,1710154827,"Сделала заказ трубку никто не берет !!!! Деньги списались 
Прошло более 3-х часов с момента заказа уровень поддержки никакой !!! 
Верните деньги !"
114160,114453,332818888,1710262418,"В пиццерии никто не отвечает, в поддержке тоже!
2 года не заказывала у вас и лучше бы снова не начинала!
Худший сервис! Как узнать где заказ и когда будет непонятно. Оьещали доставить за 50 минут, по итогу полтора часа сидим и «ресторан» не отвечает!
Пожалуй, напишу в Роспотребнадзор. Думаю, они придадут вам хотя бы нотку качества проверками и закрытием пары ваших лавочек!"
114160,114459,161903294,1710530058,"Сделали заказ,прождали 2 часа,позвонили оказалось что ждать еще «долго»-отменяйте , мы отказались отменять.Сотрудник Алексей хам,ваш знаменитый сервис «слыш ты…» . «Ты отменяешь заказ» мы два раза подтвердили что «нет»,на что ваш сотрудник выдал «тогда я отменяю, давай» и положил трубку !.Все записи разговоров у меня есть.
Будем писать в Роспотребнадзор."
114160,114472,250025200,1710581507,"Отзыв из Барнаула о Пиццерии 

Заказали 2 пиццы, долго ждали, съели сразу много и на следующий день бегали в туалет по нескольку раз после этой пиццы, вместо говядины в пицце получили какую-то непонятную массу, поговорив с руководителем отдела качества данного заведения не было даже извинений, более того нас обвинили в том, что мы отравились по своей вине, но никак не пиццей, раз не было обращений от других заказчиков."
114160,114473,18336298,1710582863,"Поганое предприятие. Очень не рекомендую!!!

Купон на 1599₽ при заказе на 1617₽ не сработал. Сказал что мало заказали. 

На звонки ответа нет, звонок можно сделать только в пиццерию, но ближайшая постоянно сбрасывает звонки (5044). 

В общем жесть!"
114160,114492,194126590,1710765138,"Самая отвратиткотная пиццерия. Заказ везли черт знает сколько, трубку не брали, на сообщения поддержка не отвечала. В итоге пицца приехала холодная и невкусная, а курьер хотел снять с нас на 3 тысячи больше и стоял уверял, что это стоимость нашего заказа. Закройтесь, если не можете обеспечить сервис, достойный своего имени. Алло пицца, да даже пицца суши вок и то в тысячу раз лучше"
114160,114494,789388558,1710772042,"Всё отлично! Вкусная пицца😋, быстрая доставка! Пожелайте мне удачи надеюсь выиграю! Только вопрос: Допустим если я выиграю, куда мне отправится сообщение о том то что я выиграл? На почту или на мой аккаунт?"
114160,114508,174198541,1710959140,"Заказ оплачен за завтра, но был случайно отменен. Пыталась связаться в чате, звонила по телефону. Ответа нет. Почему?"
114160,114513,8836755,1711079302,"В каком формате будет проводиться розыгрыш?
 Я выполнил все условия, но не получил какой-то номер или ещё что-то"
114160,114520,0,1711188767,
114160,114527,120302181,1711218119,"Ало, мой заказ 3 часа едет. Поддержка ответьте мне!!!"
114160,114528,352616226,1711273028,"Здравствуйте, я так понимаю итоги перенесли ?"
114160,114530,243725132,1711283675,Безобразное обслуживание!!! В роспотреб надзор на вас нужно сообщить
114160,114536,499607931,1711298667,"Звоню 10-ый раз, никто не отвечает. Хочу отменить заказ"
114160,114543,500888,1711377615,"Добрый день. Отвратительного качества пицца была доставлена сегодня на Б.Филевскую 3к2. Начинки практически нет, сухие бортики рвут весь рот, а бонусом сырое тесто местами. Оставил заявку с просьбой обратной связи - нет ответа, написал в чате - нет ответа. Срочно свяжитесь со мной, меняю обратно пиццу на деньги"
114160,114546,457362446,1711488879,может деньги за не приехавший заказ вернете?)
114160,114549,255379096,1711613562,"для всех кто переживает за доставку, хочу поделиться лайфхаком, я заказываю на яндекс еде, выходит чуть дороже за счет комиссий, но зато пицца за 40 мин приезжает"
114160,114552,500888,1711651829,Ужасная пиццерия. Заказ доставили не сразу и отвратительного качества
114160,114559,139091167,1711792306,"Почему телефон молчит у вас??????
Заказывали одно пришло с ананасами пепперони рол
Вы не думали, что вы могли лишить жизни человека? Знаете такую штуку алергия на ананас!!!!!!
Хорошо что увидела и не я попробовала первая!"
114160,114561,44222439,1711826681,"Заказ не везут больше часа, на телефон не отвечают, в чате не отвечают"
114122,114123,350113488,1708107670,"Сделали заказ в 18:45. Ничего не привезли, не берут трубку, никак не реагируют! 
В чем проблема?!"
114122,114141,0,1708201829,
114122,114147,17950639,1708323955,"Доброе утро ! Написал в личку, прошу дать ответ по заказу"
114122,114151,326977916,1708425383,"Добрый день, возникли проблемы с заказом, ответьте в ЛС [club10095732|Папа Джонс]"
114122,114153,53661340,1708439153,"Здравствуйте. 
Не могу дозвониться до пиццерии №85 по заказу. На сайте ничего с заказом нельзя!!"
114122,114156,0,1708460203,
114122,114157,1774081,1708460814,"Жесть. Сделали заказ. Ждали больше 2 часов. Указано, что заказ доставлен, хотя курьер не приезжал, никто не звонил! На обращения в чат поддержки не отвечают, по телефону автоответчик. Паршивейшая контора."
114122,114226,12567472,1708608525,"Заказы не возят, деньги берут за доставку и пиццу и не возят, мошенники"
114122,114237,266061,1708621794,"Заказ был оформлен и оплачен заранее, за сутки до требуемого. Доставка 9 больших пицц на 15.30-15.45. В итоге пицца приехала с опозданием в 1 час, в 16.35, уже холодная. Праздник испорчен. Телефоны не отвечают, служба поддержки в приложении компании молчит. Больше здесь заказывать не будем и другим не рекомендуем"
114122,114325,1774081,1709154084,[club10095732|Папа Джонс] комментарии удалять некрасиво и бесполезно. у меня специально для вас есть скриншоты комментариев.
114088,114089,4709960,1707932886,"Папа Джонс, а Вы там совсем обалдели? С момента заказа прошло 2.20 минут, заказа нет. Это нормально вообще? В чате нет ответа, трубки никто не берет!!!"
114088,114103,6556415,1707934687,"Отвратительный сервис! Оформили заказив 18:54...заказа до сих пор нет, в чате тишина, телефон скидывают . Заказ оплачен. Это нормальный сервис???? Я требую возврат денежных средств."
114088,114104,313235797,1707935293,"Нам привезли чужой заказ. Чат приложения не работает, а ресторан не отвечает на звонки. Что делать?"
114088,114106,156818272,1707940398,"час никто ни на что не отвечает, заказ по ссылке не найден🙄"
114088,114107,580784360,1707949738,"Ждём заказ 3 часа! На звонки никто не отвечает , поддержка не отвечает !"
114088,114111,2914956,1707994863,Верните деньги за отмененный заказ!
114088,114118,451593466,1708002386,"Оплатил заказал, деньги списались, заказ не отображается. Деньги вернут или еду привезут? Поддержка молчит"
114088,114155,425661090,1708449471,"Мало того, что отвратительной сервис, так еще и постоянно не работает сайт и приложение !"
114070,114072,1032668,1707759551,Заказал в пиццерии номер пять. Прошло два часа. В чате не отвечают. Телефон-никто не берет трубку. У вас все нормально?
114070,114074,179006345,1707760993,"Добрый день, та же ситуация. Вы не могли бы ответить?"
114070,114075,42427137,1707764740,"Заказ на 21, привезли в 21.50 (( в чате не ответа ни привета 😡! + доставка 99р ! Вот это клиентоориентированность 🫢☹️ заказ оформляла в 19.00"
114070,114076,179006345,1707814237,"Добрый день! Можете, пожалуйста, ответить: деньги списали за отмененный заказ"
114070,114078,60078728,1707884283,"Невозможно ни дозвониться, ни заказать через приложение"
114070,114080,221922994,1707911302,"В лс может ответите,не?"
114070,114084,221922994,1707911381,"Это прикол что-ли какой-то 
С «рестораном» не связаться,с поддержкой не связаться"
114070,114090,656259574,1707933335,Не возвращаете деньги уже почти неделю за отмененный заказ!! До ресторана не дозвониться!!!
114070,114143,25274322,1708281288,Отвратительно ! Ждали еду долго ! Привезли холодное всё! На телефон ответил чел не знающий русский язык ! Куда оставлять жалобу
114016,114018,126088367,1707499240,где мой заказ????
114016,114019,21931581,1707499400,"Там же где и мой, хз где)))"
114016,114020,21931581,1707499833,[club10095732|Папа Джонс]
114016,114023,74537971,1707500590,"[club10095732|Папа Джонс]    спустя 2 часа никто не привез. Телефон не берут. Ни в одном чате нет ответа. Деньги списали. Одинцово. Если заказ не везете - возвращайте деньги.
Это нормальная практика в данной пиццерии?"
114016,114027,10048371,1707506456,"Такая же проблема как у всех, время доставки прошло, списало два раза, никто по телефону не отвечает, в чате тоже"
114016,114037,7200383,1707510543,Где мой заказ????
114016,114039,30381004,1707511689,"Заказали в 21:45, время 23:46 заказ так и не привезли, деньги списали, еще и выдало какую-то ошибку заказа и звонить в ресторан попросило приложение. В 51 раз звонка, подняли трубку, сказали что заказ есть, но его так и не привезли еще.....
Группа в лс не отвечает
В 23:55 привезли не ту пиццу, был заказ на барбекю пиццу, соус не сделали сверху пиццы и пицца холодная..
Молодцы, так держать. Впервые такое
Позвонил в ресторан, недоумок который сидит на телефоне, говорит посмотрите соус под пиццей и коробкой и сбросил трубку"
114016,114043,7200383,1707561396,Шёл второй день а дозвониться  не получается😂 деньги так и не вернули
114016,114044,152685715,1707568800,Ничего не работает ни сайт ни приложение
114016,114047,12839490,1707580137,"Деньги списаны, заказ не готовится, техподдержка и телефон пиццерии не отвечают"
114016,114048,814232943,1707582568,"Вот что за подстава. Крутой же продукт делают, но доставка все портит... Можно ждать часами и не получить никакого ответа. Если не успеваете, то сообщите хотя бы."
114016,114049,901498,1707583928,"Проблемы по заказу никто нигде не отвечает, оба телефона горячей линии не отвечают, только робот, ввожу добавочный пиццерии - абонент недоступен, обратная связь не отвечает, чат поддержки молчит 
Че за позорище ?"
114016,114050,8435790,1707584848,"10 февраля, Хабарова, 2.

Заказали пиццу с заявленной доставкой 30-40 минут. Привезли через 1 ч 40 м. Почему никто не сообщает, что по факту будет сильная задержка, чтобы можно было отменить заказ?

В приложении нет оперативного ответа на вопросы, необходимо только звонить в пиццерию. Где тебя все равно дезинформируют, сказав, что курьер будет через 5-7 минут, но тот приедет только полчаса.

Пицца была практически холодной. На коробке время изготовления 17.53, привезли в 19.16
Тесто резиновое, начинки мало. Сырная пицца должна иметь в начинке много сыра, мы же получили вариант с большим количеством томатного соуса и минимальным содержанием сыра. Чеддер Чизбургер вообще есть невозможно - вкус жира и только. Так как были голодны, часть сырной осилили. Чеддер Чизбургер - в ведро. Не надо такое готовить. Это ужасно."
114016,114064,198512666,1707589461,"Да сколько можно это терпеть уже, закройте точку на багратионовской, что за издевательства?!?! 3 часа ожидания, никто не берёт трубку, в чате тишина. Я просто не понимаю как в 2024ом году можно не уметь организовать доставку нормальную."
114016,114066,494033045,1707661676,спасибо за отсутствие заказа ❤️❤️❤️
114016,114079,221922994,1707911289,"В лс может ответите,не?"
114016,114083,221922994,1707911373,"Это прикол что-ли какой-то 
С «рестораном» не связаться,с поддержкой не связаться"
114014,114015,8769511,1707471364,А скидосы в честь праздника такого великого?)
114014,114021,31251165,1707499867,В честь праздника вы снесли сайт и сломали приложение?
114014,114036,7200383,1707510481,Клёвая контора не может привезти заказ за 2.5 часа а потом просто отменяют заказ... Где деньги???
114014,114065,864272,1707593699,"А бонусы за заказ не начисляете больше? Чат в приложении не работает, заказ задваивается."
114013,114040,7200383,1707513217,Главная тайна это где мой заказ?!?!??
113977,113986,31158653,1707221238,я смотрела трансляцию праздника дня сурка ))))
113977,113988,353851361,1707244629,"Коллеги, нам второй раз вдвое дольше обещанного везут пиццу в москве с рязанки на ферганский проезд. Хорошо ли это?"
113977,113989,474385781,1707271576,"Доставили старую пиццу , в ответ оператор не захотел всё решить по-хорошему бросила трубку город Иркутск Марата 48. Не советую заказывать ."
113977,114009,20472856,1707414956,"А дозвониться до пиццерии анриал? Что происходит? 
Постоянно сбрасывают 
Пиццерия 5001"
113977,114011,701861946,1707417097,"Заказали пиццу 19:00, прошло 2,5часа, пиццерия 5074 трубки не берет, как отменить заказ ?"
113977,114012,398564301,1707468668,"Сегодня день пиццы, будут какие-то акции?"
113977,114025,74537971,1707500715,[club10095732|Папа Джонс]  спустя 2 часа никто не привез. Телефон не берут. Ни в одном чате нет ответа. Деньги списали. Одинцово. Если заказ не везете - возвращайте деньги.
113963,113966,162890563,1706539646,Ответите в чате??
113963,113975,48184129,1706891100,А то по телефону трубку вы не берете
113899,113907,0,1706208282,
113899,113909,22768561,1706276152,Как восстановить супербонусы? За прошлый заказ мне их не начислили
113899,113912,760275400,1706291109,"Сделал заказ, оплатил и из за неправильного выбора нажал отменить в отведенное время. На этом всë. Деньги не вернули, связи никакой"
113899,113915,2003517,1706296458,Связи никакой. Заказ пропал. Якобы он ехал.
113899,113918,167113257,1706298096,"добрый день! почему не работает чат поддержки в приложении и игнорят в чате вк?
мы ожидаем свой заказ уже более 3х часов! позвонили в первый раз спустя 2 часа от принятия заказа по номеру с добавочными цифрами, сказали ""все готово, курьер уже собирает"", позвонили спустя час услышали снова ""курьер уже собирается, технические неполадки"" (хотя пицца готова и наш адрес известен, потому что по нему уточняли статус заказа). СКОЛЬКО МОЖНО СОБИРАТЬСЯ?
заказ был сделан в 19.12 сейчас 22.40, все наши звонки игнорируются, заказа все ещё нет! ужасное обслуживание!"
113899,113920,141075778,1706298704,"2,5 часа ждали пиццу, пицца холодная, вернули вашему курьеру! Дозвониться невозможно! Верните деньги и кушайте ее сами!"
113899,113921,167113257,1706298730,"вы меня в лс уже час игнорите, про приложение вообще молчу, а то, что у вас сотрудники телефон не берут это вообще во 👍"
113899,113933,1930636,1706309806,"Негодяи, вы зачем мои сообщения под этим постом удаляете?
Я не для вас их пишу - с вами мне давно все понятно, а для других пользователей - чтобы все знали, какие у вас убогие одновременно и качество продукции, и качество сервиса!"
113899,113936,3248091,1706358275,Здравствуйте. Не могу сделать заказ через сайт и приложение...Пишет промокод не найден.
113899,113937,766803712,1706363219,"Верните деньги !!!!
Либо пойду в суд"
113899,113938,17853356,1706373383,"Сделал заказ, нажал отменить в течение 1 минуты. Заказ отменился, а деньги не возвращаюся!"
113899,113940,375596598,1706376505,"Чет какая-то беда с папой Джонс стала, так любили пиццу, видимо сегодняшний заказ был последним. Два часа готовят пиццу, ресторан в Медведково просто сбрасывает звонки, больше никуда нельзя позвонить и написать. Безобразие"
113899,113941,415581766,1706381475,"Добрый вечер. В чате никто не отвечает, как обратиться в техподдержку, а не в ресторан? Сделали заказ, оплата прошла. Но статус поменялся на « С заказом что-то не так, позвоните в ресторан» в ресторане говорят, что такого заказа нет. Что делать? Ни заказа, ни денег…"
113899,113942,672692706,1706382503,Поддержка не отвечает уже третий час. Заказ тоже не везут уже три часа. Деньги верните! Ни по одному номеру телефона дозвониться невозможно.
113899,113957,416246995,1706445775,Научитесь для начала брать трубку телефона и если говорите перезвоним брать и звонить
113899,113959,416246995,1706445966,Ещё и вымагают чаевые и выдёргивают ручки от двери и потом конечно же отвечают на курьер не делал это сказал и вообще ручку не трогал от двери
113899,113960,416246995,1706446013,И вообще вымогательство это статья уголовная для вашего сведения  папа Джонс
113899,113962,162890563,1706522518,"Кто-то вообще отвечает в чате, на письма или на звонки?!?!
Списали деньги и не сделал заказ!!!
Что происходит?!?!"
113899,113972,23879914,1706809623,"Мне якобы доставили заказ, но по факту ничего нет. Оплата прошла, заказа нету, дозвониться не могу
В лс не отвечают"
113899,113990,474385781,1707271585,"Доставили старую пиццу , в ответ оператор не захотел всё решить по-хорошему бросила трубку город Иркутск Марата 48. Не советую заказывать ."
113859,113862,1967340,1705778709,"Сегодня у вас день отвратительной работы, мало того что заказ опаздывает уже на час, так еще и ресторан на звонки не отвечает а просто сбрасывает вызов!!!"
113859,113863,390174509,1705794059,"Даааааа! Это невероятная подстава с вашей стороны в день рождения сына!
Через два часа после заказа не привезли пиццу по пустой ночной Москве, хотя взяли дополнительные деньги за ночную доставку! 
Деньги на карту тоже не вернули!Больше связываться с вами не буду, пожалела тысячу раз, что оплатила сразу ."
113859,113865,745136319,1705830989,"Позорный уровень клиентоНЕориентированности
Заказывала пиццу в папа джонс постоянно
Пицца очень вкусная , много интересных начинок , доставка не быстрая , но это всегда было отражено на таймере в приложении , поэтому вопросов не было
Но вот вчера вечером заказали три пиццы к ужину , заказ был сделан в семь вечера , на таймере восемьдесят минут , пиццерия в пределах района
Все восемьдесят минут висел статус пицца готовится , а потом вместа таймера плашка извините мы опаздываем
Я начала писать в чат и звонить в поддержку , но видимо они уже благополучно отдыхали , и дела до этой ситуации никому не было
Только в пол десятого вечера мне позвонил курьер как ни в чем не бывало , и он был только в пути
Ему я сразу сказала , что через три часа после заказа мне пицца уже не нужна и я поужинала заказом из более клиентоориентированной кампании , так он еще у меня начал спрашивать отменила ли я заказ и как так вообще может быть , что мне уже не надо
Никто не позвонил , ни предупредил , ни объяснил ситуацию , ни принес свои извинения даже на следующий день
В общем , если Кого-то  устраивает такое отношение и подобная стратегия решения проблем , то вперед в папа джонс👍🏻👍🏻
Очень жаль , любила эту пиццерию"
113859,113866,37763769,1705834384,"Печально, но эта пиццерия похоже умерла. Оплату берут, и ни пиццы, ни возврата..."
113859,113876,477942456,1705853592,"Спустя 1,5 часа ожидания заказ отменен без причины, деньги списаны, поддержка не отвечает, телефон «заведения» игнорирует звонки. Настроение в трубу, как и ваше отношение к клиентам. Также не отвечают и в сообщениях сообщества, выводы делайте сами об этой «конторе»."
113859,113883,225459399,1705863766,Подскажите как вернуть деньги?
113859,113887,18092916,1705914769,"Самый низкий уровень сервиса.
Доставка 2 часа.
На телефон никто не отвечает.
Поддержка не отвечает.
Кто ответственный, кто может предоставить обратную связь клиенту вообще не понятно."
113859,113895,65846977,1705957647,"Кажется сегодня приложение упало, дважды дошел до оплаты заказа, даже код от сбера вводил, но в итоге ничего не получилось 
Может нагрузка большая, а может приложение сломалось просто 😢"
113859,113896,731546405,1706001165,"Аналогичная проблема, заказ висит в статусе ""с заказом что-то не так"", в чате приложения не отвечают по телефону тоже тишина. В итоге не ясно будет-ли заказ исполнен, если нет, то как и когда будет возврат средств"
113859,113914,515439172,1706292351,"Хочу отменить заказ , но на телефон никто не подходит !!"
113859,113916,2003517,1706296725,Заказа нет. Больше двух часов. Трубки не берут. Деньги списали. Что делать?
113859,113991,474385781,1707271593,"Доставили старую пиццу , в ответ оператор не захотел всё решить по-хорошему бросила трубку город Иркутск Марата 48. Не советую заказывать ."
113840,113845,2497543,1705670166,"Вчера 18.01 в 21:23 оформила заказ moscow-85-N45966852AP. Уже 19.01 время 16:16 заказа до сих пор нет. Горит статус ""с заказом что-то не так, свяжитесь с рестораном"". Ресторан никогда не отвечает на звонки. Дозвониться невозможно. Деньги списали, заказа нет!!! Верните деньги!!!"
113840,113846,329467154,1705670747,"Сегодня был сделан заказ, а затем отменен, деньги были списаны! Куда обращаться за возвратом денежных средств ?"
113840,113851,476025801,1705675462,"Пропали все бонусы, что делать?"
113840,113853,195677700,1705685637,у вас сайт не работает и по тел. сбрасывают )) мурино
113840,113856,4654984,1705691171,Очень долго везут от сюда уже 3 часа
113840,113857,633928,1705692927,"А нам тоже не привезли и статус ""готовится"". Ресторан трубку не берет. Самый ужасный сервис поддержки. В чате на сообщения ноль реакции. По телефону нет возможности связаться с оператором. Заказ оплачен, все голодные. Сервис топ. Удивительно, что по пятницам и в условиях суржа другие рестораны и сервисы справляются, а тут при таком уровне маркетинга и позиционирования тотальный провал"
113840,113858,98213407,1705693997,"Дата оформления 19 января в 20:46 
Время доставки 80-90 мин 
в 22:30 еды нет. Позвонили в ресторан, сообщили что курьер уже едет и будет через 15 минут. 
В 22:45, повторный звонок, и нам сообщают, что заказ уже как 10 минут отменен!
Это как ?"
113840,113861,146222117,1705764509,"До этого так же делали заказы, и в один прекрасный день, курьер с нас начал требовать деньги за доставку!!! Хотя доставка в нашей черте города бесплатная, сказал что за подъем на этаж! Это что вообще за сервис такой?"
113840,113943,672692706,1706383414,А вы зачем всем отвечаете про лс? У всех вопрос один и тот же - где заказ и верните деньги. Хотелось бы услышать хоть один вразумительный ответ.
113840,113992,474385781,1707271601,"Доставили старую пиццу , в ответ оператор не захотел всё решить по-хорошему бросила трубку город Иркутск Марата 48. Не советую заказывать ."
113821,113824,492293696,1705571036,"Здравствуйте, делал заказ пару дней назад, а он все еще отображается, как: извините мы задерживаемся и бонусы за него не зачислись, что делать?"
113821,113826,0,1705602730,
113821,113827,29646125,1705606236,"Добрый вечер, оформил у вас заказ 2 часа назад. В поддержке не отвечают, пиццерия на звонки тоже не отвечает. Отказываться буду от вашей пиццерии, так как стабильное опоздание на час меня не устраивает, так ещё и не дозвониться, отношение к клиентам ужасное, да и судя по рейтингу вы скатились в ужаснейшее заведение, надоело!!! Стыдно должно быть, что из такой легендарной сети, сделали не пойми что!"
113821,113993,474385781,1707271609,"Доставили старую пиццу , в ответ оператор не захотел всё решить по-хорошему бросила трубку город Иркутск Марата 48. Не советую заказывать ."
113810,113811,72235262,1705319581,"Можно поподробнее про ""НАЙДИ ТАЙНЫ ИЗ ФИЛЬМА"" ?) 😅"
113810,113819,201207253,1705417737,"А какой толк в ""Любимой пицце деда мороза"", если она с момента появления в меню постоянно недоступна? :D"
113810,113892,822887315,1705935360,Чай буду.
113810,113995,474385781,1707271672,"Доставили старую пиццу , в ответ оператор не захотел всё решить по-хорошему бросила трубку город Иркутск Марата 48. Не советую заказывать ."
113810,114008,54747875,1707325060,Добрый вечер! Когда итоги?)
113755,113760,3334121,1705075911,"Что то вообще не поняла как участвовать в розыгрыше, только промокод дает бесконечное количество раз ))"
113755,113761,88596495,1705076530,"Просто отвратительная работа доставки. Из двух заказов не привезли ни одного. 

3 января не смогли за 3 (!!) часа приготовить и привезти пиццу, сегодня вот уже 1.5 часа статус «готовится». Боюсь за такое время пицца в печи давно сгорела и превратилась в пепел. 

Связаться с кем то почти нереально: ни по телефону, ни в ТП приложения, ни тут в ЛС. В прошлый раз мне ответили на мой вопрос спустя 16 часов, очень своевременно для доставки еды.

Какое то тотальное разочарование"
113755,113764,734822044,1705084253,Здравствуйте на да ставку действительна скидка?
113755,113768,0,1705095626,
113755,113770,264045719,1705150909,"Доставка не работает, пиццерия не отвечает на звонки. поддержки нет.
москва номер заказа moscow-75-45897134-M"
113755,113771,21119444,1705162558,Заказ khimki-72-45902909-AP везут уже два часа. До кафе пешком идти 10 минут. Качество сервиса у папа Джонс упало на дно. Буду заказывать в додо в следующий раз
113755,113773,775200,1705166672,"Не заказывайте пиццу у них! Они не отвечают на звонки - тупо скидывают телефон!
Пишут, что опаздывают, но на сколько - не ясно, ведь инфы нет и дозвониться невозможно - просто сбрасывают звонки! По телефону говорят еле говорят на русском. Это нормально вообще???"
113755,113778,255524362,1705169530,"То чувство,когда смотришь рекламу и думаешь: почему я еще не отписался, если мой район Москвы в пределах МКАД выпал из доставки Джонса?!"
113755,113779,55065145,1705169558,"Заказ оформили 2 часа назад, до сих пор Готовится, СП по тел.не отвечает - робот скидывает звонок. Написать нет вообще возможности никуда. Это норм вообще у вас?"
113755,113800,520881050,1705171018,"Где пицца? 
Заказ сделан 3 часа назад. 
Город Москва, ресторан на Багратионовской.
moscow-10-45905832
К телефону там все это время никто не подходит. 

Сервис в пиццерии упал ниже плинтуса"
113755,113829,29646125,1705606264,"Добрый вечер, оформил у вас заказ 2 часа назад. В поддержке не отвечают, пиццерия на звонки тоже не отвечает. Отказываться буду от вашей пиццерии, так как стабильное опоздание на час меня не устраивает, так ещё и не дозвониться, отношение к клиентам ужасное, да и судя по рейтингу вы скатились в ужаснейшее заведение, надоело!!! Стыдно должно быть, что из такой легендарной сети, сделали не пойми что!"
113755,113996,474385781,1707271681,"Доставили старую пиццу , в ответ оператор не захотел всё решить по-хорошему бросила трубку город Иркутск Марата 48. Не советую заказывать ."
113743,113769,252578069,1705143867,Многоразовый промокод?
113743,113776,775200,1705166797,"Не заказывайте пиццу у них! Они не отвечают на звонки - тупо скидывают телефон!
Пишут, что опаздывают, но на сколько - не ясно, ведь инфы нет и дозвониться невозможно - просто сбрасывают звонки! По телефону говорят еле говорят на русском. Это нормально вообще???"
113743,113830,29646125,1705606289,"Добрый вечер, оформил у вас заказ 2 часа назад. В поддержке не отвечают, пиццерия на звонки тоже не отвечает. Отказываться буду от вашей пиццерии, так как стабильное опоздание на час меня не устраивает, так ещё и не дозвониться, отношение к клиентам ужасное, да и судя по рейтингу вы скатились в ужаснейшее заведение, надоело!!! Стыдно должно быть, что из такой легендарной сети, сделали не пойми что!"
113743,113997,474385781,1707271688,"Доставили старую пиццу , в ответ оператор не захотел всё решить по-хорошему бросила трубку город Иркутск Марата 48. Не советую заказывать ."
113727,113728,5559792,1704797776,"Не годую от Вашего отношения к людям! В свой день рождение хотела коллег угостить пиццей заказала в 10 утра в итоге в 13 с другого района поехала своим ходом!! ПОТОМУ ЧТО ВКУСНО! А вы ???? Приехала вышел мальчик стоит ест и в лицо мне говорит, что он еще даже делать не начинал и предлагает услуги за 15 минут! Шутите ?????????? Отвратительно просто! Везде напишу отзыв что бы люди знали как вы к ним относитесь! А еще такие цены ставите как будто у вас на уровне все!"
113727,113729,5559792,1704797787,Вот такое у них отношение к клиентам!
113727,113736,383707132,1704823419,"7 января делала заказ,пришел в ненадлежащем виде,коробка примялась так ,что пол пиццы приклеелось к коробке,написала в поддержку и никакого толка.Звонили в пиццерии что бы возместить ущерб,предложили прислать ту же пиццу.В итоге тишина.Не привета,не ответа.Им плевать на людей.Ужас.Это был последний раз когда я заказываю у них."
113727,113742,3102430,1704825053,"Удаляете комментарии? Не сложно повторю. Что за фиготень с баллами? Почему лишь 30% от заказа? Я деньги тратил, чтоб накопить и купить больше пицц. А тут, вы должны сделать заказ на 4 куска, что бы взять пиццу 40 см. Вы там не ушиблись?"
113727,113744,1491523,1704878677,"Вы там как себя чувствуете??? ТП на сайте молчит! Заказ 2,5 часа в статусе ""Готовим заказ"" ! По телефону никто не отвечает!!! Are you okay???"
113727,113754,114218554,1704993802,"Обычно люди пишут только негативные отзывы. Я хочу оставить положительный отзыв и свою благодарность. Заказ moscow-11-45869016-AP был доставлен аж на 17 минут раньше таймера в приложении. Пиццерия на перово. Спасибо большое, голодные желудки счастливы! 😊"
113727,113766,211648840,1705088342,"Это нормально, что мне везут пиццу через два дома уже два часа? Заказ сделан был в половину 9"
113727,113782,55065145,1705169698,Игнорить клиентов - это у вас нормально?
113727,113787,55065145,1705169913,Лучше бы работу ресторана улучшили
113727,113832,29646125,1705606342,"Добрый вечер, оформил у вас заказ 2 часа назад. В поддержке не отвечают, пиццерия на звонки тоже не отвечает. Отказываться буду от вашей пиццерии, так как стабильное опоздание на час меня не устраивает, так ещё и не дозвониться, отношение к клиентам ужасное, да и судя по рейтингу вы скатились в ужаснейшее заведение, надоело!!! Стыдно должно быть, что из такой легендарной сети, сделали не пойми что!"
113727,113879,374783371,1705854808,У нас в кемерово папа джонс нас не разу не поволили очень вкусно и качественно заказываем часто и все на высшем уровне. Спасибо. Вежливые курьеры и операторы. Не чего не могу сказать плохого
113727,113998,474385781,1707271753,"Доставили старую пиццу , в ответ оператор не захотел всё решить по-хорошему бросила трубку город Иркутск Марата 48. Не советую заказывать ."
113700,113708,46593012,1704658538,"Заказ 39 - 45819190-ipd 
Ели в четвером, теперь у всех понос, спасибо что живые"
113700,113711,2497543,1704714049,"Мой комментарий вообще почему-то удалили.
Заказ moscow-85-45808944-AP по чеку должно быть 3 шт соуса особый чесночный. Не положили ни одного. Ресторан на связь не выходит, дозвониться невозможно!!!"
113700,113712,214501009,1704727137,"Номер заказа
moscow-50-45837320-iP
У вас итак в связи с вашим «прекрасным» сервисом мало клиентов , я не могу дозвониться до вашей несчастной пиццерии чтобы хотя бы узнать ГДЕ МОЙ ЗАКАЗ
ожидание написано 2 часа. Заказала я в 15:53, сейчас время 18:18. 
Все вообще ок у вас?!?!"
113700,113718,0,1704737614,
113700,113719,263577576,1704738236,"Заказ moscow-39-45842568-A
Пиццерия не отвечает, поддержка молчит, заказ задерживается уже на полчаса. А ведь когда-то была приличная компания."
113700,113720,61496092,1704740370,Тоже не отвечают
113700,113721,154065031,1704740757,"Доброго дня!

Пицца сегодня будет или как?

Игнорируют!!!!"
113700,113730,5559792,1704797816,"Не годую от Вашего отношения к людям! В свой день рождение хотела коллег угостить пиццей заказала в 10 утра в итоге в 13 с другого района поехала своим ходом!! ПОТОМУ ЧТО ВКУСНО! А вы ???? Приехала вышел мальчик стоит ест и в лицо мне говорит, что он еще даже делать не начинал и предлагает услуги за 15 минут! Шутите ?????????? Отвратительно просто! Везде напишу отзыв что бы люди знали как вы к ним относитесь! А еще такие цены ставите как будто у вас на уровне все!"
113700,113731,5559792,1704797852,moscow-54-45846288-iPD и до сих пор стоит статус ГОТОВИТСЯ!!!!!
113700,113735,83346012,1704801621,"Это ужас. Сделали заказ, уже 3 часа назад должны были доставить! Праздник испорчен!"
113700,113834,29646125,1705606366,"Добрый вечер, оформил у вас заказ 2 часа назад. В поддержке не отвечают, пиццерия на звонки тоже не отвечает. Отказываться буду от вашей пиццерии, так как стабильное опоздание на час меня не устраивает, так ещё и не дозвониться, отношение к клиентам ужасное, да и судя по рейтингу вы скатились в ужаснейшее заведение, надоело!!! Стыдно должно быть, что из такой легендарной сети, сделали не пойми что!"
113700,113999,474385781,1707271788,"Доставили старую пиццу , в ответ оператор не захотел всё решить по-хорошему бросила трубку город Иркутск Марата 48. Не советую заказывать ."
113649,113659,646619,1704372358,"А почему я не могу в приложении заказать пиццы? Пишут, что такого товара нет?"
113649,113660,35597262,1704383697,"Игра найди 10 отличий.
В бонанзу не положили молодой сыр. Ни одного кусочка!
moscow-1-45762140-iP"
113649,113661,387931167,1704384324,"Здравствуйте! Сделали заказ в 16:15 по мобильному приложению, заказ отслеживался, по истечении трёх часов заказ не приехал, курьер не вышел на связь и в приложении он вообще отменился. Поскольку я не входила в систему отследить  его статус невозможно

Звоним в ваш сервис бросаете трубку, ВКонтакте и на почте не отвечаете 

Это нормально????"
113649,113662,74708,1704389666,"Аналогичная ситуация как у комментатора выше. Спустя 3 часа заказ (с часовой задержкой от расчетного времени) был завершена без фактической доставки! До пиццерии не дозвониться, звонки просто скидывают. Сервис Папа Джонс с каждым разом все хуже и хуже"
113649,113670,1647718,1704402428,"Аналогично... Проблема с заказом и везде тишина... Ни дозвониться, ни дописаться... А деньги списали 😡"
113649,113674,369229035,1704466664,"Какой-то есть общий номер , куда можно позвонить ??"
113649,113677,157971623,1704483232,"Пиццу не доставили, где заказ или деньги"
113649,113681,5843691,1704530003,Ребята Аууу.Папа Джонс.Вы издеваетесь над клиентами?куда Дели наш заказ и деньги?
113649,113695,476905042,1704581617,"Заказали 4 января пиццу на тонком тесте, с пониманием отнеслись к тому, что доставка более 2 часов, подумали праздники, суета, подождём
Заказ moscow-81-45771001-iPD
Привезли ледяную пиццу и на толстенном тесте вместо тонкого.
Сразу же написали в чат приложения и на почту поддержки. Ответа нет до сих пор"
113649,113697,337756048,1704628606,"Заказ 06.01.24 lubercy-1-45806112-AP  привезли не ту пиццу. Заказывал пиццу с брусникой, непонятно, что привезли (фото в претензии есть). На сайте претензию оставлял, дозвониться не получается."
113649,113732,5559792,1704797885,moscow-54-45846288-iPD
113649,113777,775200,1705166804,"Не заказывайте пиццу у них! Они не отвечают на звонки - тупо скидывают телефон!
Пишут, что опаздывают, но на сколько - не ясно, ведь инфы нет и дозвониться невозможно - просто сбрасывают звонки! По телефону говорят еле говорят на русском. Это нормально вообще???"
113649,113836,29646125,1705606442,"Добрый вечер, оформил у вас заказ 2 часа назад. В поддержке не отвечают, пиццерия на звонки тоже не отвечает. Отказываться буду от вашей пиццерии, так как стабильное опоздание на час меня не устраивает, так ещё и не дозвониться, отношение к клиентам ужасное, да и судя по рейтингу вы скатились в ужаснейшее заведение, надоело!!! Стыдно должно быть, что из такой легендарной сети, сделали не пойми что!"
113649,114000,474385781,1707271796,"Доставили старую пиццу , в ответ оператор не захотел всё решить по-хорошему бросила трубку город Иркутск Марата 48. Не советую заказывать ."
113631,113632,25222276,1704300083,"Заказ сделан полтора часа назад. Статус заказа не меняется, никто не берет трубку. Как мне узнать статус доставки или вернуть деньги?"
113631,113640,0,1704307216,
113631,113646,358432944,1704322232,"контора криворуких гидроцефалов, которые не умеют резать пиццу, хамят при разговоре по телефону и вдобавок ко всему удаляют комментарии"
113631,113648,0,1704355798,
113631,113650,791349352,1704367144,"moscow-46-N45646974-iP
Заказ сделал 28.12 в 15:08, деньги списали служба поддержки не отвечает, сюда пишу уже 3 раз, пиццу даже не пытались довезти"
113631,113837,29646125,1705606452,"Добрый вечер, оформил у вас заказ 2 часа назад. В поддержке не отвечают, пиццерия на звонки тоже не отвечает. Отказываться буду от вашей пиццерии, так как стабильное опоздание на час меня не устраивает, так ещё и не дозвониться, отношение к клиентам ужасное, да и судя по рейтингу вы скатились в ужаснейшее заведение, надоело!!! Стыдно должно быть, что из такой легендарной сети, сделали не пойми что!"
113631,113917,2003517,1706296799,Заказа нет. Больше двух часов. Трубки не берут. Деньги списали. Что делать?
113631,114001,474385781,1707271806,"Доставили старую пиццу , в ответ оператор не захотел всё решить по-хорошему бросила трубку город Иркутск Марата 48. Не советую заказывать ."
113614,113615,542900895,1704087522,Дайте айфон
113614,113617,529580766,1704108308,"Кто знает, они работают сегодня?"
113614,113620,629762,1704119299,Выложить личные данные клиентов - вот так подарочек. Часть телефона вообще-тонужно на *** заменять
113614,113622,3883887,1704129448,"8 самых везучих людей забрали по 2 приза , у меня 8 кодов = 0 призов, все что нужно знать об удачи 😅"
113614,113686,50742540,1704534637,"[club10095732|Папа Джонс] 
Пиццу везли больше 2 ч. Приехала холодная, невкусная и с волосами. До поддержки не дозвониться
Верните  деньги!"
113614,113838,29646125,1705606459,"Добрый вечер, оформил у вас заказ 2 часа назад. В поддержке не отвечают, пиццерия на звонки тоже не отвечает. Отказываться буду от вашей пиццерии, так как стабильное опоздание на час меня не устраивает, так ещё и не дозвониться, отношение к клиентам ужасное, да и судя по рейтингу вы скатились в ужаснейшее заведение, надоело!!! Стыдно должно быть, что из такой легендарной сети, сделали не пойми что!"
113614,113964,4210316,1706526412,И как с вами связаться для получения приза?????
113614,114002,474385781,1707271813,"Доставили старую пиццу , в ответ оператор не захотел всё решить по-хорошему бросила трубку город Иркутск Марата 48. Не советую заказывать ."
113610,113611,464947358,1704039523,до скольки можно сделать заказ
113610,113624,695516628,1704202480,"j7prkfm - пицца 23 см в подарок при заказе от 1599р
9vrktnr - скидка 20 % при заказе от 1599р"
113610,113652,791349352,1704367611,Какой в этих этой группе смысл если пиццу можно только оплатить поесть все равно не получится
113610,113687,50742540,1704534650,"[club10095732|Папа Джонс] 
Пиццу везли больше 2 ч. Приехала холодная, невкусная и с волосами. До поддержки не дозвониться
Верните  деньги!"
113351,113352,227178669,1703535443,8 билета забрала хочу выиграть умные часы или гриль
113351,113353,5236086,1703552276,"10 билетов
Любому призу буду рада"
113351,113358,252578069,1703616250,31 можно использовать промокод?
113351,113364,133360484,1703701658,"Я жду пиццу вечность, поддержка как всегда 🫠"
113351,113366,52550985,1703712038,"8
11
Пылесос или кофемашину"
113351,113367,813246965,1703712283,"14 билетов, кофемашину было бы очень круто, люблю кофеек хороший"
113351,113369,144626360,1703715683,"7 заданий
9 билетов 
Любому призу буду рада☺️"
113351,113370,381129679,1703715718,"14 билетиков,любой приз!"
113351,113371,5217932,1703716055,"12 заданий 23 билета, хочу айфон!"
113351,113372,83548575,1703716087,"11 билетов, буду рад любому призу но очень хочется телефон ибо мой разбился 🙃"
113351,113373,210315512,1703719444,"Очень обидно, что бот починили, но никак это не обозначили. Я это увидела когда щас перешла на розыгрыш, и сейчас уже билеты за это не даются. 9 билетов, а могло бы быть 12!! 
Надеюсь на приятный достойный приз) Новогодний папа Джонс"
113351,113374,579644083,1703721465,"6 заданий
8 билетов
Любой приз"
113351,113375,99444245,1703722126,"7 заданий 
9 билетов
Любой подарок хорош"
113351,113376,148907949,1703722487,8 билетов собрал.. Любому приз буду рад на новый год.
113351,113377,60944772,1703724027,"Блин, 7 заданий, 10 билетов, был бы рад годовому запасу пиццы от Папы)"
113351,113378,276690987,1703729570,7 заданий 9 билетов любой 🎁
113351,113379,319541247,1703729647,11 билетов.
113351,113380,535414285,1703729711,"9 билет .
Любому выйграшу буду рада 😉✊"
113351,113381,715368310,1703730949,"11 билетов, любой приз"
113351,113382,229953380,1703731505,"8 заданий 
13 билетов 
Любой приз ❤"
113351,113384,695063231,1703731746,10 билетов. Мечтаю о роботе пылесосе!
113351,113385,458221000,1703732238,"я все задания прошла, и у меня 10 билетов. закажу в субботу пиццу. обожаю Папу!!! буду рада любому крутому подаркуот Папы!"
113351,113386,547577552,1703732242,"14 билетов, любой приз под елку)"
113351,113387,360042534,1703735378,"Доброе утро ☀️ тоже прошла все задания, билетиков 6, но очень люблю пиццу Папа Джонс, просто хотелось попробовать успеть новогодние !🍕🍕🍕🍕🍕"
113351,113388,224404491,1703735927,ТАРЕЛКА
113351,113390,154639080,1703736165,"Любой подарок,"
113351,113392,154639080,1703736317,8 билетов
113351,113393,580304345,1703736394,"11 билетов, любой приз будет в радость😁"
113351,113394,177281305,1703736982,"9 билетов, любой приз"
113351,113395,586708067,1703737955,"6 заданий
8 билетов
Мы ценим всем призы!!!"
113351,113396,36819887,1703738043,"10 заданий, 14 билетов, будем рады любому подарку 🎄🎁"
113351,113397,3883887,1703738584,7 билетов ) любой
113351,113398,481919773,1703738590,"Одно задание так и не засчитали и не выдали по нему еще 3 билета(  без них 6 заданий, 9 билетов. 
Хочу робот- пылесос😊"
113351,113399,25833850,1703738988,"11 билетов, конечно айфон))))"
113351,113400,161058562,1703739126,"6 заданий
9 билетов
Мечтаю о кофе машине."
113351,113401,560403310,1703739290,"8 билетов, любой подарочек кстати)))"
113351,113402,247420399,1703739472,"9 билетов 
Хочу эплвоч, не себе )"
113351,113403,738693372,1703739643,12 tickets. Only iphone please 😎
113351,113404,712722997,1703740057,Хочу айфон. 9 билетов собрала!
113351,113405,100317441,1703740600,"17 билетов, буду рад любому подарку😉"
113351,113406,192699936,1703741359,8 заданий 9 билетов) любой приз это уже удача 🤩
113351,113407,1957115,1703741942,"11 билетов ,колонка"
113351,113408,6055737,1703742369,8 билетов. Кофемашина бы пригодилась! А было бы здорово просто что то выиграть! Приятный сюрприз к праздникам😊 Всех с наступающим!🎉🎊🎉🎊🎉🎊🎉
113351,113409,8849776,1703742699,12 билетов ♥️ Любому призу (особенно часам) буду ооочень рада) открыла весь календарик :))) 7 заданий выполнила!
113351,113410,263154129,1703742800,"9 билетов, любому подарку былы бы рада 😁"
113351,113411,68497925,1703743017,4 билета🤣 2 задания😑 любой🙄
113351,113412,45846235,1703743576,Всех с Наступающим новым годом! 5 билетов хочу пиццу 50см.
113351,113413,644704,1703743592,"7 заданий, 9 билетов))) любой подарок) в идеале кофемашина)"
113351,113415,2820972,1703743932,10 билетов! Хотелось бы телефон
113351,113416,203676068,1703744619,"8 заданий 
11 билетов
Носки хочу"
113351,113417,104197479,1703744755,"7 заданий, 9 билетов, любому подарку буду рада🎄"
113351,113418,8100912,1703744847,9
113351,113419,52266727,1703745178,"7 заданий,7 билетов, подарок любой доставит радость 😄😍💕"
113351,113420,187169767,1703745192,7 билетов
113351,113421,52960546,1703745293,"13 билетов
Любому призу буду рада"
113351,113422,187310790,1703745418,"4 задания
7 билетов,буду рада любому призу)"
113351,113423,451210088,1703745646,6з.9б.Км
113351,113424,39754153,1703746074,"4 билета 
Очень хочется часы!"
113351,113425,432935763,1703746258,"6 билетов, кофемашина 🎁"
113351,113426,51471481,1703746532,"8 билетов, часы."
113351,113427,633792190,1703746812,У меня 11 билетов. Хочу любой приз!
113351,113428,43035605,1703747674,"6 заданий и 8 билетов, любому призу буду рад"
113351,113429,160865472,1703747990,"Выполнила 6 заданий
Забрала 8 билетов 😊 
Не надеюсь выиграть, но, конечно, буду рада что-то получить!"
113351,113430,7795111,1703748461,8 билетов. Майку нужно.
113351,113431,553264131,1703748672,3
113351,113432,3618,1703749383,"11 билетов, хочу айфон"
113351,113433,723125065,1703749729,9 билетов 😄
113351,113434,102625680,1703750808,"5 билетиков(не знаю сколько это заданий) 
Хочу пиццу пеперони большую)"
113351,113435,552872210,1703750847,"7 заданий
9 билетов 
Очень хочу кофе машину, но буду рада любому подарку"
113351,113436,15216105,1703750862,"7 билетов
И кофемашину, и айфон(сыну), и гриль и пылесос, и часы 😀"
113351,113437,285129346,1703750972,"8 заданий, 11 билетов, любой приз"
113351,113438,1645965,1703750981,11 билетов. Хочется просто выйграть😊
113351,113439,99531543,1703750982,"7 заданий
10 билетов
Любой приз"
113351,113440,443899277,1703751350,"9 билетов, приз любой 🎁"
113351,113441,423124908,1703752287,"10,любой приз 😅"
113351,113442,98642827,1703752375,8 билетов)) любому призу буду рада 🤩
113351,113443,690702902,1703752379,"Выполнила 7 заданий, 9 билетов. Хотелось бы ваш мерч"
113351,113444,187077943,1703752493,"9 билетов 
Колонку или пылесос. Но а рад буду любому подарку"
113351,113446,386862459,1703753013,11 билетов. Приятно было поучаствовать и открывать ежедневно различные задания и подарки! Папа Джонс 🖤
113351,113448,4759854,1703753352,"4 задания, 6 билетов. Любой подарок будет приятно получить от Папы Джонс"
113351,113449,80547124,1703753589,"8 билетов, любой приз"
113351,113450,633792190,1703754051,11 билетов ! Я хочу кофе машину или гриль!
113351,113451,502506811,1703754453,5 заданий и 7 билетов хочу носки или любой подарок
113351,113452,527017292,1703754831,"3 билета, любой подарок"
113351,113453,7003180,1703755578,"11 билетов 8 заданий, любой приз 🏆"
113351,113454,68863957,1703755740,9 билетов!Пылесос🎁
113351,113455,19788687,1703755983,"Восемь билетов. Главное - процесс, а результат всегда будет."
113351,113456,598346847,1703756072,"9 билетов, буду рада любому призу"
113351,113457,62931758,1703756321,"Выиграл 11 билетов, буду рад любому подарку"
113351,113458,4821669,1703756333,8 билетов
113351,113459,73222202,1703756459,"Прошла задания , любому призу буду рада ☺️"
113351,113460,412796619,1703756722,Люблю 🎁
113351,113461,236484461,1703756883,"11 билетов
 Пиццу с беконом из бекона, на сто проц беконский бекон"
113351,113462,737677277,1703757422,"7 заданий и 10 билетов,  да любому призу рады будем."
113351,113463,6829748,1703757604,"8 заданий, 11 билетов. Всем удачи! Буду рад выиграть кофемашину жене. С Новым годом всех!!!"
113351,113465,18219674,1703758215,"1 билет, 1 задание. 
А что был какой-то конкурс?"
113351,113466,17802096,1703758718,"8 заданий
11 билетов
Айфон было бы отлично, конечно) ну и эпплвотч и кофемашину, тоже)"
113351,113467,89308545,1703759366,"7 заданий, 9 билетов, хочу колонку)"
113351,113468,6909961,1703759968,Всем удачи. Открыла мало. Где то 5
113351,113469,70686351,1703760123,"6 заданий
8 билетов
Кофемашину или телефон"
113351,113470,48868757,1703761521,"6 билетиков, всем удачи и с Наступающим)"
113351,113471,841608893,1703762210,"8 билетиков, очень хотелось бы телефон или кофемашину"
113351,113472,98356887,1703762391,0
113351,113473,136470137,1703762577,6 билетов. ОЧЕНЬ хочу ВЫИГРАТЬ РОБОТ-ПЫЛЕСОС или ТЕЛЕФОНЧИК новенький 💙❤️🎄❄️
113351,113474,9854546,1703762799,7 билетиков) всегда рада что-нибудь выиграть)
113351,113475,8540320,1703763171,11 билетов )) очень хочется робот пылесос))🎄🎄🎄🍾🍾🍾🎉🎉🎉
113351,113476,740623907,1703763596,"6 билетов, довольно мало но нормально, на носки думаю хватит"
113351,113477,43630862,1703763965,Как участвовать? Робот пылесос. Где посмотреть розыгрыш
113351,113478,397708782,1703764620,"9 билетов,а во сколько розыгрыш?"
113351,113479,227178669,1703765563,Когда разыгрыш?
113351,113480,268277241,1703765582,Любому подарку была бы рада)
113351,113482,1187721,1703766526,11 билетов. Кофемашина
113351,113483,1187721,1703766647,8 заданий сделал.
113351,113484,79839752,1703767075,"8 билетов, хочу носки)"
113351,113485,198824753,1703768891,"9 заданий! 14 билетов! Если бы мне удалось выиграть электрогриль, я был бы тааааак счастлив!"
113351,113486,7510,1703768998,"5 заданий
8 билетов
Хочу приииз"
113351,113487,329867441,1703769093,"Почти тысяча билетов, мне дайте айфон и колонку, этого хватит, спасибо)"
113351,113489,728456237,1703769742,"4 билетика, хочу хоть что то выйграть)"
113351,113490,443496775,1703770479,"8 билетов, 6 заданий выполнил думаю на все призы хватит) Ну а вообще хотелось бы часики или робот пылесос"
113351,113491,443496775,1703770479,"8 билетов, 6 заданий выполнил думаю на все призы хватит) Ну а вообще хотелось бы часики или робот пылесос"
113351,113493,6879551,1703770563,10 билетов
113351,113494,6879551,1703770630,носки или часы
113351,113495,62581350,1703770917,"11 заданий, 20 билетов, любому подарку буду рада)"
113351,113496,33961498,1703771037,"9 билетов 
6 заданий 
Любой подарок 🎁"
113351,113497,7479783,1703772226,"8 заданий
14 билетов
Носки"
113351,113498,48318217,1703772475,"9 билетов,хороший подарок)"
113351,113499,282966578,1703773047,"Выполнено 6 заданий, 5 билетов, хотелось бы подарочек))"
113351,113500,43277984,1703773052,"У меня 8 билетов, верю в чудо)"
113351,113501,388506590,1703773095,"8 заданий, 12 билетов, кофемашина"
113351,113502,79352582,1703773115,Всего 4 билета. Любому подарку была бы рада🥰
113351,113503,339688983,1703773246,"4 билета, буду рада любому подарку. 🎉"
113351,113504,50571221,1703774296,"7 заданий, 10 билетов. Часики нужны как воздух"
113351,113505,6818633,1703774738,3 задания- 5 билетов.
113351,113506,1187721,1703775523,11 билетов. 8 заданий. Любому подарку буду рад
113351,113507,87896669,1703775648,"6 билетиков, гриль хочется)"
113351,113508,6836275,1703775684,Пять
113351,113509,165206452,1703776316,"8 заданий, 12 билетов. Все пригодится"
113351,113510,138107019,1703776535,4
113351,113511,739810912,1703776626,"5 билетов, 4 задания 😊"
113351,113512,564675360,1703777481,"12 билетиков
Задания были интересные, всем удачи)"
113351,113513,583707409,1703777541,"6 заданий, 9 билетов, приз любой"
113351,113514,222407466,1703777773,"15 билетиков

Если часики, то женские - подарю.

Если себе то гриль или пылесос :D"
113351,113515,343993688,1703778433,8 билетиков буду рада любому призу
113351,113516,616875189,1703779112,"8 заданий, 10 билетов... Кофемашина была бы лучшим подарком..."
113351,113517,534564698,1703780144,"Дайте мне фартук! Темно-зеленый! Я, как наставник в пиццерии Папа Джонс, буду в нем ходить! ❄️❤️"
113351,113519,60882049,1703780597,8 билетов!Любому подарку буду рада!
113351,113521,7705468,1703782532,"8 билетов, 6 заданий. Кофемашина бы сильно пригодилась."
113351,113522,33449723,1703783152,"0 билетов,кофе машину"
113351,113524,411632046,1703784324,"6
8 билетов 
)))"
113351,113526,123115297,1703785609,"1 билетик , узнала только что и то случайно, ~ Хочу Айфончик"
113351,113527,136810337,1703785954,7 билетов на удачу 🍀
113351,113528,520765955,1703786651,"3 билетов 

Я надеюсь, что получу подарок☺️Папа Джонс — лучшая пицца❤️❤️"
113351,113529,23022744,1703786915,"Лучше бы пиццу доставляли вовремя, до сих пор сижу жду, поддержка ваша хер на клиентов клала"
113351,113531,827158654,1703787770,"8 билетов, робот-пылесос хочу 😁"
113351,113534,20004182,1703789415,"7 билетиков, все может быть"
113351,113535,43803528,1703789988,7
113351,113536,6521701,1703792417,5 билетов. Кофемашина!
113351,113540,98550004,1703795138,"10 билетов, 7 заданий. Все призы классные , мерч понравился красивый яркий , кофеварка."
113351,113541,75715760,1703795428,"7 заданий, 10 билетов. Хочу 📲)"
113351,113544,629762,1703802442,Где результаты розыгрыша?
113351,113546,4015205,1703814045,"8 заданий, 11 билетов, любой приз."
113351,113547,36466278,1703824978,"10 заданий - 19 билетов.. Хочу хочу хочу, гриль, робот пылесос и кофемашину"
113351,113548,534564698,1703837057,КОГДА РОЗЫГРЫШ??????
113351,113558,40133227,1703847748,"Вообще кто то выигрывает тут, кроме ботов."
113351,113572,60944772,1703852452,Согласно условиям акции: 1.4.3 Информация об итогах проведения Акции публикуется не позднее «07» января 2024 г. в социальных сетях Основного Организатора: https://vk.com/papajohnsru
113351,113587,36466278,1703863294,Где результаты розыгрыша?
113351,113592,582017101,1703912750,"13 заданий, 24 билетика. Хочу iPhone."
113351,113593,8849776,1703919154,"Скажите пожалуйста, а где можно посмотреть результаты розыгрыша?"
113351,113594,25833850,1703922371,Розыгрыш уже был?
113351,113596,738868225,1703924249,"10 билетов,айфон было норм выиграть"
113351,113607,534564698,1704003841,ГДЕ РЕЗУЛЬТАТЫ
113351,113717,3334121,1704736105,Закончилась акция? Эх
113351,114003,474385781,1707271822,"Доставили старую пиццу , в ответ оператор не захотел всё решить по-хорошему бросила трубку город Иркутск Марата 48. Не советую заказывать ."
113347,113350,259753881,1703513515,У вас поддержка жива?
113347,113354,267126156,1703559576,Вы везете пиццу уже сутки. Поддержка мертва. Что там у вас твориться?
113347,113357,25796213,1703610153,"в приложении в чате поддержки игнор, в обратной связи на сайте игнор, вк игнор, ресторан отправляет в поддержку! всё нормально у вас?"
113347,113525,12039274,1703785148,"Здравствуйте, время доставки заказа moscow-47-45653593-iP не уменьшается, ресторан на звонки не отвечает 

Сделайте что-нибудь пожалуйста"
113347,113550,186151820,1703844245,"С 10 утра был сделан заказ. Отмените пожалуйста. Уже не актуально, коллеги разъехались не дождавшись пиццы."
113347,113573,37763769,1703854759,"Заказ был сделан за сутки, к назначенному времени. Ну чтобы точно привезли. Итог: за полчаса до момента когда нужна пицца - звонят и говорят что ингредиенты закончились. Заказ отменили, и бонусы не вернули которыми он был частично оплачен... Телефон не работает, чат-бот тоже ничего внятного сказать не может."
113347,113625,695516628,1704202491,"j7prkfm - пицца 23 см в подарок при заказе от 1599р
9vrktnr - скидка 20 % при заказе от 1599р"
113347,113705,36866930,1704650714,"Здравствуйте. Ваши сотрудники вообще видели рецепт и фото как должна выглядеть пицца ? Заказали рождественскую сейчас , привезли не ясно что . Вот мне привезли"
113347,113814,839378360,1705345808,Я думаю что они пидaрасы по жизни все и их матери шлюхu их yбить надо всех кто там работает
113284,113285,0,1703259119,
113284,113286,201688717,1703260395,Такую можно просто заказать?
113284,113304,113418436,1703288291,"15 декабря сделала заказ, который не могли доставить более 3 часов. Причём статус заказа поменялся на «доставлено» сильно заранее реально приезда курьера, и всё это время ресторан не брал трубки. По итогу приехала пицца в позорном виде, холодная, а в пицце с грушей груши не было вообще! В чате на сайте поддержка не отвечает. В сообщениях в вк обещали связаться в течение трех дней, после чего никто со мной не связался и отвечать в вк перестали 🤡"
113284,113309,32031146,1703330415,"Пиццерия, которая находится по адресу бул. Дмитрия Донского, 1, 117216 • ТЦ Северное Сияние, этаж 1, никогда не отвечает на звонки и в чате поддержки. Заказы приходят дай бог спустя 2 часа, а иногда и позже. В данный момент та же ситуация, в приложении пишут, что есть проблема с заказом, позвоните нам. Ну, естественно, достучаться до них сейчас невозможно, отменить заказ тоже никак нельзя. Подозреваю, что снятые деньги не вернут. Заказываем на доставку вашу пиццу в последний раз, так как это просто наплевательское отношение к клиентам."
113284,113310,312904053,1703330588,В приложении написанн что доставлено по факту курьер еще даже не выехал стыд и позор вашей конторке
113284,113325,88033306,1703337589,"Проблема с заказом!!!!!! В приложении пишут, что доставлено, но ничего нет, никто со мной не связался, пиццерия 5001 по телефону не отвечает, чат поддержки молчит. Уже час пытаюсь связаться 
😥😥😥😥😥😥😥😥😥😥"
113284,113329,99339498,1703353887,Что за ужас 3 часа везете пиццу уже
113284,113334,47753138,1703363875,"Так, раз в лс не отвечаете , может сюда отправят. 
Больше трех часов везете пиццу, вы нормальные там"
113284,113336,307548746,1703397432,"Ещё вчера писали вам в сообщениях, ответа так и не поступило"
113284,113339,5787112,1703425453,"Хочу оставить свой негативный отзыв, в службе поддержки даже слушать не стали. Вчера 23.12 заказала картофель фри и пиццу детям на др. Картошку привезли пресную, без соли и она вся была мокрая. Это просто ужас. Звонила им спрашивала: почему без соли, почему рядом не положили, мне ответили : она мокрой становится. Так она мокрой стала, потому что ее горячей положили в коробку и закрыли, да еще соль не положили. Прошу вернуть денежные средства. Отвратительнее отношения я не встречала.kazan-2-45572704-iP"
113284,113341,441266879,1703433654,Самое наихудшее что видела
113284,113342,441266879,1703433662,Доставку жду уже 3часа
113273,113279,319541247,1703215211,"Участвую ,собираю шансы."
113273,113280,534564698,1703225384,У ВАС НЕ РАБОТАЕТ БОТ ВКОНТАКТЕ
113273,113282,30422345,1703251999,Чикен Пикабу верните демоны!!!
113273,113283,203619216,1703254510,"Несколько недель назад писали отзыв по поводу того, что Папа Джонс на Кравченко не выполняет свои обязательства. Выглядит это так, берут заказ на определенное время, списывают деньги и никто в назначенное время не приезжает. Через 1,5 часа звонит курьер и говорит, что я приехал. При этом когда хочешь узнать где твой заказ, телефон выключен, он просто не работает. Почему? На этот отзыв, пиццерия на Кравченко написали официальный ответ, что мы исправимся, телефон сделаем, нам очень жаль что так случилось. И что бы вы думали, сделали заказ и все тоже самое. Деньги списаны, заказ подтвержден, курьера НЕТ, телефон ОПЯТЬ не работает. В чем проблема сделать телефон? 
Во смотрите, оператор принял заказ, повар приготовил пиццу, курьер ее доставил, но т.к. курьер опоздал на 1,5 часа от пиццы отказались, т.к. уже поели. Т.е. вы все поработали, пиццу выкинули, деньги вернули, отличный бизнес. Почему когда был иностранный менеджмент все работало как часы, как пришли русские - телефон не работает. Если бы вы при заказе перезвонили и сообщили, что не успеваете или когда пришло назначенное время у вас бы работал телефон, я бы уже сам принял решение, подождать или отказаться. Причем при вашем выключенном телефоне не понятно, надо ждать, привезут заказ, через сколько его привезут и т.д. Абсолютно не позволительно отношение. 
И еще, пиццерия на Кравченко прекрасно знает, что они деньги взяли, заказ не доставили, но прошла неделя, деньги не вернули и не связались."
113273,113288,149489459,1703265592,Да чат-бот не работает
113273,113289,149489459,1703265636,Участвую
113273,113305,835362023,1703290601,Не могу сделать 10е задание
113273,113307,5236086,1703316797,Бот не работает
113273,113326,88033306,1703337611,"Проблема с заказом!!!!!! В приложении пишут, что доставлено, но ничего нет, никто со мной не связался, пиццерия 5001 по телефону не отвечает, чат поддержки молчит. Уже час пытаюсь связаться 
😥😥😥😥😥😥😥😥😥😥"
113273,113335,3395744,1703367027,"Вы ещё и удаляете неугодные вам комментарии) Ну удобненько, конечно"
113273,113360,9320963,1703687644,"Скажите, каким образом должны начисляться супер бонусны? Те, которых 500, за задание №1 и №14.
Потому что у меня сообщение о получении баллов пришло, но самих баллов на счету не вижу."
113251,113252,328348121,1702800983,"Заказывали пиццу в вашей сети на праздник . Заказывали заблаговременно за 5 часов, зная непредсказуемые погодные условия в Москве . Спустя 2 часа задержки , отсутствие звонка от курьера , отсутствие ответа от оператора в чате поддержки - мы каким-то образом дозвонились и отменили заказ. В субботу вечер в метель искать экстренно другую доставку оказалось невозможным все рестораны давали минимальное время 2 часа . В итоге просто пешком пошли до ближайшего стритфуда, чтобы купить хоть что-то . как вишенка на торте - спустя !!!10 часов!! После заказа, ругани с диспетчером , и отмены заказа позвонил курьер со словами , что везёт наш заказ. [club10095732|@papajohnsru] был и до сих пор остаётся очень вкусной пиццей, которая нам нравится , но при такой работе системы доставки , я не что сама не буду заказывать - я все остальных буду отговаривать от данного ресторана. Никаких извинений и звонков при очевидном косяке. Я просто не представляю как возможен такой формат работы ."
113251,113264,171641870,1702998878,"Добрый день, 7.12.23 сделал заказ Номер: moscow-103-45336740 
пиццы самовывозом по адрессу пиццерия Папа Джонс, Чистопрудный бул., 1А, Москва. На кассе сотрудник пиццерии ошибся и ввел в терминал неправильную сумму, я оплатил и заметил ошибку уже после оплаты. Больше одного часа сотрудники пытались нервно решить данную ситуацию, в течение которой пытались сначала сделать возврат половины суммы заказа, но ничего не вернулось, а затем и полностью отменить заказ. По итогу мне было обещано, что заказ, оплаченный картой, будет отменен и деньги вернутся в течение 5 рабочих дней (Прошло уже более двух недель). Я расплатился за заказ наличными и ушел. На мой вопрос, будет ли какой-нибудь докуменn о возврате средств, администратор дал свой контактный номер и сказал, что если будут проблемы - обращаться к нему. На данный момент денег все еще не поступало, мои сообщения он игнорирует. Что делать в этой ситуации и как мне найти номер горячей линии или поддержки?"
113251,113268,2183248,1703013672,"moscow-1-45516886-iP
Жду больше 2,5 часов. Отличный сервис, еще и доставка платная. Отменяйте заказ! Уже не актуально!"
113251,113270,64690272,1703058011,"Ооо я смотрю я не одна осталась без пиццы 👍
Прошу Вас вернуть средства за заказ moscow-74-45495735-iP от 17.12.2023 (который висит до сих пор как «готовиться»)!!!
ОТВРАТИТЕЛЬНЫЙ СЕРАИС! Нет обратной связи!"
113251,113278,478924032,1703182557,"В понедельник сделал заказ (moscow-5-45479381-iP) 
Крайне разочарован этим заказом. Для меня было важно, чтобы мне привезли вкусную пиццу за приемлемое время, и Папа Джонс всегда с успехом справлялся с этой задачей, но в в последний раз мне привезли ХОЛОДНУЮ ПИЦЦУ через ТРИ ЧАСА после заказа. Так еще и сама пицца была приготовлена ужасно, огромные  бортики  занимали 20% пиццы, да и наполнение оставляет желать лучшего, очень скудно 
Как итог, вечер испорчен, гости ушли недовольные, а я разочаровался в вашей  компании 

На мои обращения компания нигде не реагирует, видимо так и должно быть"
113251,113281,168365789,1703230059,"Ужас ужасный!!! Пицца заказана на детский праздник.... Вот уже совсем не уверена, что она будет доставлена..... Телефон на Кравченко не отвечает. Заказ сделала со вчерашнего дня..."
113228,113230,284892650,1702678371,"В 22:19 сделал заказ на две пиццы. Спустя два с половиной часа статус готовности так и не изменился. Только к этому времени удалось дозвониться до ресторана, где сначала пообещали привезти заказ через 20 минут, а через пол часа и еще один звонок просто предложили отменить заказ. В итоге заказ отменили, а деньги не вернулись. Просто отвратительный сервис."
113228,113232,9416125,1702719409,"Друзья, ждавшие возвращение нашей любимой пиццы Цыпленок тандури! Не повторяйте ошибку и не ведитесь на новую пиццу Тандури! Ничего общего, кроме названия там нет. Она вообще неострая, пресная и специй не чувстуется."
113228,113233,37615800,1702721725,"В 21:10 сделали заказ. Подтвердили быстро, статус в приложении стоял, что за 70-80 минут заказ привезут. Спустя 80 минут, пришло уведомление, что заказ задерживается и скоро будет. Но на сколько задерживается, и через сколько будет никто не написал. В чате полный игнор, все это время только статус «готовится». Спустя два часа с момента заказа, решила набрать, сказали жуткая пробка (это единственная правда из разговора, так как живем в 7 минутах ходьбы от точки из который должен был поехать заказ, пробку видели из окна), доставка выезжает. Ожидайте. Прошло еще 40 минут, звоню. Трубку взял другой менеджер, и сказал, что заказ ТОЛЬКО ПРИГОТОВИЛИ И ГОТОВЫ ВЫЕЗЖАТЬ, при этом что в первом звонке, что во втором менеджеры чуть ли не уговаривали на отмену заказа, разговаривали на повышенном тоне, на похер (соответсвенно уверенна что и во второй раз никто ничего не готовил на нас). Естественно мы уже отказались! ТРИ С ПОЛОВИНОЙ ЧАСА, три с половиной часа нас мариновали, к тому моменту было уже около часа ночи, доставки либо уже закрыты, либо с космической доставкой. ЕДИНСТВЕННЫЙ ВОПРОС, ЗАЧЕМ БЫЛО ВРАТЬ?! И слава богу, что решили не оплачивать по карте заказ заранее, иначе думаю еще бы и деньги нам не вернули."
113228,113236,71825315,1702746258,"moscow-74-N45473628-iP
Сделал, заказ в 17:00, через 45 минут связались, сказали что то не так с заказом оформим в ручную, вот прошло еще 2 с лишним часа, пиццы нет, денег нет, в ресторан не дозвонится, в приложении чат поддержки не работает! 
Просто шикарная пицца! Всем советую если есть желание ждать чудо, а вдруг привезут!!!"
113228,113237,41636282,1702748467,Жду заказ уже 5(ПЯТЬ) часов - на связь никто не выходит! Деньги списали. Заказ в статусе ГОТОВИТСЯ!
113228,113243,141049181,1702752847,"Заказ moscow-50-45478438-ip
Ждём 3 часа, оплачен 🙃"
113228,113244,178310063,1702753123,"Сделала заказ 3 часа назад
Никто не отвечает, пиццу не везут 
Деньги заплачены 
Хотя бы на телефон ответьте 
Ужасный сервис!

moscow-82-45478612-iP"
113228,113245,161860447,1702753308,"moscow-75-45479007-iP
Снова ресторан не берет трубки и снова задерживают заказ"
113228,113267,2183248,1703012803,"moscow-1-45516886-iP
Жду больше 2,5 часов. Отличный сервис, еще и доставка платная. Отменяйте заказ! Уже не актуально!"
113141,113150,164867268,1702070848,"moscow-35-45357261-AP в 23:25 пришло уведомление, что курьер выехал, время 00:25 заказ нет. Везут более 2 часов, прошу вернуть деньги. Добавочный 5035 не доступен. С оператором связаться невозможно. Это нарушение Прав потребителя."
113141,113152,573591235,1702132772,"Сделала заказ в 15:07 в 17:10 заказ не готов. Позвонила в ресторане сказали ждите ещё 40 минут.  Менеджер Александр с хамоватым тоном. Отменила заказ. Прошло ещё 20 минут, звоню уточняю по возврату денег, говорит я вечером буду нажимать кнопку об отменах транзакции, деньги на счёт вернутся от суток до 5. Такого хама поискать надо, с надсмешкой просто хамит. Полное нарушение прав !!!"
113141,113153,17047413,1702134314,"Эх, надо было сюда заглянуть перед заказом. Посмотрим, как долго буду везти мою пиццу.
В любом случае, больше так рисковать не буду."
113141,113154,432271826,1702135485,"Мне заказ так никто и не привез! Делала заранее к назначенному времени- и ничего! Позвонили, сказали ждите, а сколько мы не знаем! В итоге более 2-х часов и ничего! Заказ отменен! А баллы за заказ списали и не вернули! Кемерово. 
Позор!! Не советую никому!"
113141,113167,2512654,1702151187,"Дно! Просто дно! А не сервис. Не один телефон не отвечает, курьер едет тучу времени, где по яндексу 12 минут. Заказ сделан несколько ЧАСОВ назад. Отвратительно!"
113141,113168,21153701,1702152655,"Просто днище! Заказ жду уже третий час!!!! Трубку никто не берет, автоответчик заставляет усомниться в адекватности его пользователя!

Алло, вы работать то вообще хотите? 

То соусы забудете положить, то пиццу не ту привезете, сейчас вообще на все забили! Принципиально буду добиваться лишения ИП Кожух Дмитрий Васильевич франшизы!!!"
113141,113173,91500225,1702204794,"Просьба вернуть деньги за заказ Moscow-88-45381977-AP.
Через 3 часа с момента заказа в приложении отобразилось, что заказ доставлен, потом позвони в ресторан, сказали, что такого заказа нет! С момента заказа прошло более 13 часов, кто возместить мне потраченную сумму?"
113141,113183,457450663,1702233066,"Не заказывайте у них .Заказ ( moscow-1-45394739-iPD ) прождал более трехчасов . Пиццерия в 5 минутах езды . Телефоны не отвечают , чат не работает . Привезли холодные подошвы за 2700₽. И были посланы в пеший поход . Надо было сразу отзывы почитать ."
113141,113184,39196101,1702235389,"Отвратительная пиццерия, буду говорить только правду о ее работе до конца ее дней, опоздали на полтора часа, привезли чужой заказ в два раза дешевле, звонил 29 раз, не отвечают, писал в чат, не отвечают. В итоге привезли мою холодную(не вкусную) пиццу."
113141,113191,17724924,1702299520,"Просто жесть! 
Заказ moscow-10-45401169-AP
Заказал на 11 тысяч в 12 утра!!! Сейчас 16 часов дня, статус заказа ""готовится"", поддержка не отвечает, вы издеваетесь чтоли? Верните деньги!"
113141,113192,0,1702314642,
113141,113203,457450663,1702321766,"Вчера заказывал пиццу . Так ее и не дождался . Сегодня принесли письменные извинения , с причиной большого наплыва посетителей . Ну думаю давай попробую дать шанс . Заказал ( moscow-1-45408010-iPD) жду второй час . Думаю , как и вчера не дождусь ) увольнять надо весь персонал за такое отношение к клиентам .
Привезли через 1.40 !"
113141,113214,2534861,1702417580,"Папа Джонс, зачем вы в мобильном приложении создаете чаты, обратную связь, если вы не отвечаете???? Телефон не поднимаете. Что это вообще такое?????

По заказу moscow-35-45397471-iPD курьер не предоставил 1 бутылку колы и 3 соуса. Увидела, когда курьер ушел, сразу написала и тишина. Верните деньги!"
113141,113219,729174707,1702472709,"А прчему не могу подарок за бонусы положить в корзину? Пишет что более 30% нельзя списать. Но я же не списываю их, а подарок кладу. Я прочитала все условия и оферты, ВЕЗДЕ  указано, что ЛИБО можно списать бонусы не более 30% суммы, ЛИБО положить подарок БЕЗ КАКИХ ЛИБО ЛИМИТОВ. Почему у меня ошибка возникает? Пробовала браузер и приложение. Нигде не дает заказать. На*б) 1015 бонусов просто так лежат"
113141,113221,143903437,1702485790,Сколько стоят сеты?
113141,113227,4709960,1702653798,"Вы просто бесстыжие! Я писала вам в личные сообщения, Папа Джонс, а вы даже не соизволили ответить!!!!
Почему мне пришлось ждать заказ 2.30 часа????? Вместо заявленных 1.30!!! И это отношение халатное такое к постоянным клиентам!"
113122,113130,660453,1702027104,"Сделала заказ. Пиццы нет. Денег нет. Чат поддержки молчит. В пиццерию хрен дозвонишься, менеджера там на месте нет. Заказ просила отменить - отказывались это сделать!!!! Верните деньги!!!!"
113122,113133,23881732,1702030092,"Добрый день.
Вчера вечером сделала заказ с доставкой ко времени на сегодня. Опоздали на 1.20 , привезли ледянные пиццы, терминал для оплаты забыли.  Звонили по тел который указан,  сказали, что вы не туда звоните. В чате долго отвечали и обещали привезти через 15 мин , в итоге приехали через час. 
Больше заказывать у вас не будем, испортили все настроение. 
Если люди заказывают заранее и ко времени на работу, то для этого есть повод. Если вы не умеете рассчитывать свои возможности и время, то не нужно вам заниматься этим делом."
113122,113135,695051,1702034262,"Сделала заказ. Пиццы нет. Но написали типо доставили. 
Никуда не дозвониться. В поддержке в чате молчание ягнят!!!"
113122,113137,95268209,1702034851,"30.11 сделала заказ на 01.12 на 11.20, сумма заказа 4685, оплата онлайн. 
01.12 заказ не привезли и мне не отвечали нигде до 12.30. Потом позвонили, сказали, что курьера забрала полиция и заказа не будет. Извинений особых не последовало хотя из-за этого инцидента у нас сорвалось мероприятие. Деньги до сих пор не вернули. Я начинаю думать об обращении в суд. И даже интересно, почему курьера забрала полиция, есть еще какие-то нарушения? Мне никто не отвечает в чате поддержки, требую решить вопрос."
113122,113142,71330697,1702056730,Почему не отвечают по поводу задержки заказа???
113122,113145,651120743,1702059719,Почему трубку не берет ресторан и нет обратной связи ?! Мы ждём заказ уже 2 часа
113122,113146,367228338,1702060390,"Где моя пицца??? Заказ ""готовится"" уже 2 часа, ресторан не отвечает!"
113122,113163,10160660,1702139325,"Сделала заказ сегодня, оплатила онлайн 16.50, написали, что доставка 120 минут. Сейчас 19.30, заказа так и нет. В чате и на телефон никто не отвечает. Больше заказывать у вас не буду никогда ((("
113122,113165,2512654,1702146081,"Заказ сделан несколько часов назад. До пицерии не дозвониться, никакие телефоны не отвечают. Пицци нет, обратной связи нет. В очередной раз проблемы с заказом!"
113122,113169,345096165,1702194360,"Добрый день! Сегодня был сделан заказ из нового филиала, нам принесли пиццы без начинки, тесто, сыр и майонез. В техподдержке молчат."
113122,113174,2489560,1702213945,"Уже месяц не возвращают деньги за недоставленный заказ, на письма в чате и по адресу электронной почты реакции нет никакой"
113122,113223,584575797,1702576343,"Отличное сезонное меню, так держать)
P.S. та пицца, что якобы есть в наличии - её тоже нет :facepalm:

И это в Москве"
113110,113112,255379096,1701931199,где моя пицца?
113110,113136,695051,1702034412,Где моя пицца? Обманываете своих клиентов!
113094,113095,5575500,1701857715,"ждем!, пора бы уже и в группе что-нибудь новогоднее разыграть!🎄"
113094,113105,255379096,1701898599,"заказ moscow-82-45327252-iP ждали больше двух часов, проставлен статус «доставлено» без обоснований. нет пиццы, нет денег!"
113007,113012,0,1701495738,
113007,113022,0,1701545639,
113007,113026,284037069,1701554273,Ответьте в лс
113007,113028,36767250,1701593108,"Воры! Заказ приняли, денег взяли и пропали"
113007,113029,36767250,1701593273,Куда на них жаловаться?
113007,113030,100927873,1701597110,"У меня также, ни заказа ни денег с 25 ноября тишина"
113007,113031,100927873,1701597750,
113007,113040,403067081,1701609478,"Куда жаловаться?) ПИЦЦЕРИЯ СБРАСЫВАЕТ ВСЕ НАШИ ЗВОНКИ! Ждать пиццу 2,5 часа это конечно невероятно. Принимать мы ее не будем."
113007,113042,1608191,1701622195,"Самая ужасная пиццерия!
3 часа ждём 
Не трубку не берут 
Ни пиццы"
113007,113043,2390443,1701622384,Эээ! Папа Джонс!!! Где еда?!!! 3 часа!!!
113007,113044,0,1701624042,
113007,113046,218619254,1701624981,Алло где заказ 4 час жду уже ? В лс пишите мне жду моральный ущерб бонусы и т д
113007,113053,184208547,1701626560,"Где заказ?) три часа ждем, камон, весь вечер в жопу)"
113007,113058,155482431,1701627485,"Три часа так же жду,пиццы нет.Что происходит ?"
113007,113059,1232604,1701628758,"Пиццы нет 4й час))) 
Upd. Привезли даже тёплую. Но, пожалуй, больше не рискнём."
113007,113063,26525349,1701669853,"Здравствуйте!! Делали заказ 14.11 , но заказ отменён. Деньги списались 1500, но возврат так и не пришёл! 
Г.Владимир, тут почему  то все закрыто , телефон молчит. С кого спрашивать возврат? Это что за номер? Будьте любезны, ответить!
Написала уже везде, тишина! Значит по чеку через ЗПП и в суд, плюс пени за отказ и моральная компенсация."
113007,113064,26525349,1701669881,"Возврат жду с 14 ноября! Алло, уже декабрь!"
113007,113077,12702051,1701691094,"Где ваш телефон?! Как до вас дозвониться?! Слушать тупого робота с одной единственной фразой - раздражает, добавочные номера не работают!
Что с вашими супами?! - зачем вы их держите в меню если их никогда не бывает!"
113007,113100,255379096,1701898317,вы просто мошенники !! проставили статус заказа «Доставлено» но ничего не доставили
113007,113195,617309893,1702319286,"Эм, кто это написал????"
112981,112988,63897871,1701262992,Открытие в г.Якутске когда будет?
112981,112990,501328387,1701331833,"Свяжитесь со мной пожалуйста, это уже не дело! Больше суток заказ не можете отменить, до пиццерии не дозвониться! (которая по адресу Кравченко, 8/6 добавочный ном. 5001). С доставкой просто продинамили, сами не связались до сих пор."
112981,112996,412285868,1701352605,Сколько по времени ожидать возврат денежных средств после отмены заказа?
112981,112998,574871259,1701359674,"Сколько ждать ваш заказ ? Прошло 3 часа , показывает что только принят заказ )) 
Давайте буду ждать вашу пиццу до завтра , был еще возврат непонятно когда вернуться деньги , на телефон никто не отвечает , заказывал 5 лет пиццу  только в папа Джонс , больше никогда в жизни не закажу здесь ничего , потому что самый ужасный сервис"
112981,113005,9026273,1701371301,"Ответьте уже наконец! Уже третий час ждём доставку, средства списали!"
112981,113006,80664257,1701386115,"У вас вообще кто-то работает? До пиццерии не дозвониться, заказа нет два часа. И, видимо, мы не одни такие."
112981,113021,1490027,1701536025,Третий час нет заказа. На протяжении 2-х часов говорят что «курьер будет в течении 15ти минут». НЕ ОПЛАЧИВАЙТЕ ЗАКАЗЫ ЗАРАНЕЕ!!!
112981,113025,284037069,1701554257,Ответьте в лс
112981,113041,449086868,1701618737,"ребят, лучше не дождаться свой заказ, чем дождаться и там камушек, который чуть зуб мне не сломал"
112981,113065,26525349,1701669891,"Здравствуйте!! Делали заказ 14.11 , но заказ отменён. Деньги списались 1500, но возврат так и не пришёл! 
Г.Владимир, тут почему  то все закрыто , телефон молчит. С кого спрашивать возврат? Это что за номер? Будьте любезны, ответить!
Написала уже везде, тишина! Значит по чеку через ЗПП и в суд, плюс пени за отказ и моральная компенсация."
112981,113066,26525349,1701669937,"Жду возврат с 14 ноября ! Алло , декабрь уже ! И телефон не дают и не отвечают на сообщение !"
112980,112982,46944794,1701101044,👍🔥
112980,112991,501328387,1701331865,"Свяжитесь со мной пожалуйста, это уже не дело! Больше суток заказ не можете отменить, до пиццерии не дозвониться! (которая по адресу Кравченко, 8/6 добавочный ном. 5001). С доставкой просто продинамили, сами не связались до сих пор."
112878,112879,3403484,1700849416,"Уважаемые, как вам дозвонится? Заказ не везут, номер телефона недоступен"
112878,112890,329570263,1700853100,"Заказали пиццы почти на 4 тысячи! Ждали 3,5 часа, чтобы нам позвонили и сказали, что им выключили свет и они даже не начали готовить заказ!! На все сплошные отговорки, в приложении менялся статус заказа! На звонки никто не отвечал, в чате оператора вообще не было. Просто отвратительно! Никому не рекомендую, если не хотите потратить свое время и нервы впустую!!"
112878,112893,19052880,1700911986,"Здравствуйте, возникла проблема... при заказе. Время ожидание 120 минут, то есть приедет Холодная Пицца за 850 рублей. Это Нормально?"
112878,112894,10243849,1700923740,Посему не работает промокод 2611 при заказе от 1399?
112878,112895,818578254,1700929367,Здравствуйте Бонусы не начислили вчера в черную пятницу делал заказ.Начисли только 73 бонуса истратил за заказ 1465 руб.Где обещанные 100% ?
112878,112901,214155200,1700938376,"Здравствуйте, заказали пиццу, ждем уже 3 часа, об увеличенном времени доставки нас не уведомили.
Позвонили в пиццерию, нам ответили ""у нас один курьер, он не успевает, ждите""
Самая отвратительная доставка пиццы, никому не советую"
112878,112904,246213509,1700986844,в приложении хоть какая то из поддержек работает??
112878,112916,26525349,1700987512,"Здравствуйте!! Делали заказ 14.11 , но заказ отменён. Деньги списались 1500, но возврат так и не пришёл! 
Г.Владимир, тут почему  то все закрыто , телефон молчит. С кого спрашивать возврат?"
112878,112930,736504047,1701003681,"Заказ khimki-72-45158233-iP, был сделан заказ 24.11.2023, привезли на 1 час позже, все было холодное и засохшее. 
Заказ khimki-72-45191927-iPD, заказ был сделан 26.11.2023 опоздал на 20 минут, еда была остывшая сижу и грею в микроволновке, спасибо Папа Джонс"
112878,112932,3148219,1701011192,"Что бы я ещё раз заказал в папа Джонс пиццу некогда. moscow-39-N45193841-iP пиццу не везут больше трёх часов. Чат поддержки молчит, операторы молчат, в пиццерию дозвониться нельзя, всегда занято."
112878,112933,884200,1701013817,"Пропадает все желание заказывать у вас снова. Опоздание доставки на час! Но вижу по комментам, что это не предел! Считаете это нормально так относится к клиентам и привозить холодную пиццу???"
112878,112941,284037069,1701016028,"Заказ moscow-1-45183482-iP 
вчера был отменен не по моей воли спустя 2 часа, когда вернутся деньги?"
112878,112968,19915594,1701024704,"Заказ привезли неполностью, до пиццерии дозвониться невозможно,Москва, Лобненская, 14"
112878,112972,17789049,1701077844,
112878,112976,223826769,1701086243,как вам дозвониться????????
112878,112977,223826769,1701086249,не отвечают по телефону
112878,112983,93945239,1701106831,"moscow-82-45196303-AP заказ не привезли, так ещё и в молчанку играют.."
112878,112992,501328387,1701331878,"Свяжитесь со мной пожалуйста, это уже не дело! Больше суток заказ не можете отменить, до пиццерии не дозвониться! (которая по адресу Кравченко, 8/6 добавочный ном. 5001). С доставкой просто продинамили, сами не связались до сих пор."
112878,113019,636996682,1701525378,Ответьте в лс пожалуйста
112878,113069,26525349,1701669998,"Здравствуйте!! Делали заказ 14.11 , но заказ отменён. Деньги списались 1500, но возврат так и не пришёл! 
Г.Владимир, тут почему  то все закрыто , телефон молчит. С кого спрашивать возврат? Это что за номер? Будьте любезны, ответить!
Написала уже везде, тишина! Значит по чеку через ЗПП и в суд, плюс пени за отказ и моральная компенсация."
112878,113070,26525349,1701670034,"Жду возврат с 14 ноября! Алло, декабрь уже! Телефон не дают и не отвечаю на сообщения!"
112877,112917,26525349,1700987542,"Здравствуйте!! Делали заказ 14.11 , но заказ отменён. Деньги списались 1500, но возврат так и не пришёл! 
Г.Владимир, тут почему  то все закрыто , телефон молчит. С кого спрашивать возврат?"
112877,112927,485221674,1700996580,"ДОБРЫЙ ДЕНЬ! ВЫ ТАК И НЕ ПОЛУЧИЛИ ВОЗВРАТ? У МЕНЯ ТАКАЯ ЖЕ СИТУАЦИЯ,ТОЛЬКО В МОСКВЕ!"
112877,112929,284037069,1700997882,"Заказ moscow-1-45183482-iP 
вчера был отменен не по моей воли спустя 2 часа, когда вернутся деньги?"
112877,112942,284037069,1701016036,"Заказ moscow-1-45183482-iP 
вчера был отменен не по моей воли спустя 2 часа, когда вернутся деньги?"
112877,112943,284037069,1701016038,"Заказ moscow-1-45183482-iP 
вчера был отменен не по моей воли спустя 2 часа, когда вернутся деньги?"
112877,112944,284037069,1701016051,"Заказ moscow-1-45183482-iP 
вчера был отменен не по моей воли спустя 2 часа, когда вернутся деньги?"
112877,113071,26525349,1701670061,"Здравствуйте!! Делали заказ 14.11 , но заказ отменён. Деньги списались 1500, но возврат так и не пришёл! 
Г.Владимир, тут почему  то все закрыто , телефон молчит. С кого спрашивать возврат? Это что за номер? Будьте любезны, ответить!
Написала уже везде, тишина! Значит по чеку через ЗПП и в суд, плюс пени за отказ и моральная компенсация."
112877,113072,26525349,1701670097,Жду возврат с 14 ноября! Алло! Декабрь уже !!! Телефон не дают и на сообщение не отвечают!
112877,113073,26525349,1701670117,Предлагаю массовый иск сделать ! Достали уже !
112875,112918,26525349,1700987549,"Здравствуйте!! Делали заказ 14.11 , но заказ отменён. Деньги списались 1500, но возврат так и не пришёл! 
Г.Владимир, тут почему  то все закрыто , телефон молчит. С кого спрашивать возврат?"
112875,113074,26525349,1701670160,"Здравствуйте!! Делали заказ 14.11 , но заказ отменён. Деньги списались 1500, но возврат так и не пришёл! 
Г.Владимир, тут почему  то все закрыто , телефон молчит. С кого спрашивать возврат? Это что за номер? Будьте любезны, ответить!
Написала уже везде, тишина! Значит по чеку через ЗПП и в суд, плюс пени за отказ и моральная компенсация."
112875,113075,26525349,1701670179,"Жду возврат с 14 ноября! Алло, декабрь уже !"
112852,112853,5575500,1700213618,"больше совещаний, хороших и вкусных!)"
112852,112856,96737392,1700242403,"Задержали заказ на 2 часа. Поддержка не отвечает, трубки не берут. Пока задерживали, успел заказать в другом месте, и уже вкусно кушаем😂 отвратительный сервис"
112852,112858,1467904,1700245319,"У меня такая же ситуация, никто не отвечает, поддержка в чате молчит, в пиццерии никто не отвечает.
Заказа нет, деньги списали. 
Папа Джонс, это норм?"
112852,112859,46070702,1700260957,"Заказ не доставлен, хотя на сайте стоит статус ""доставлен"", деньги списались. В чате на сайте никто не отвечает, по телефону тоже невозможно дозвониться."
112852,112866,349820384,1700333727,"Сделала заказ 3 часа назад, поддержка в чате молчит, по телефону пиццерии тоже никто не отвечает.
Хотелось бы узнать получу я вообще сегодня свой заказ или нет"
112852,112869,1481943,1700497601,"Сегодня в Пушкино привезли за 30 минут .Молодцы !
Пс : к пицце  брали новые рогалики с колбасой и сыром [ с сыром вкуснее] ,рогалики бомба .👍👍👍👍👍"
112852,112871,303929656,1700584407,"Добрый день! 
Решите пожалуйста вопрос с заказом 
Сделано через мобильное приложение, деньги списываются, через время статус «с заказом возникла проблема»

Поддержка приложения не отвечает, ресторан либо не берет трубку, либо скидывает 
И так уже не первый раз - когда решите почему эта проблема возникает??? 
Когда столкнулись с такой проблемой первый раз, до ресторана удалось дозвониться и они сказали, что не получают данных по адресу, хотя в приложении все внесено! 
И теперь такая же проблема второй раз - достучаться ни до кого не получается"
112852,112919,26525349,1700987566,"Здравствуйте!! Делали заказ 14.11 , но заказ отменён. Деньги списались 1500, но возврат так и не пришёл! 
Г.Владимир, тут почему  то все закрыто , телефон молчит. С кого спрашивать возврат?"
112852,119152,145165711,1759143470,"Заказ не доставлен, был статус готовится , ничего не поменялось в приложении, деньги списались. В чате на сайте никто не отвечает, по телефону тоже невозможно дозвониться."
112848,112867,39022670,1700381664,Где промокод
112848,112920,26525349,1700987573,"Здравствуйте!! Делали заказ 14.11 , но заказ отменён. Деньги списались 1500, но возврат так и не пришёл! 
Г.Владимир, тут почему  то все закрыто , телефон молчит. С кого спрашивать возврат?"
112844,112845,-3874609,1699964896,Обожаем этот аромат 😋
112844,112846,345921254,1700020703,
112837,112921,26525349,1700987598,"Здравствуйте!! Делали заказ 14.11 , но заказ отменён. Деньги списались 1500, но возврат так и не пришёл! 
Г.Владимир, тут почему  то все закрыто , телефон молчит. С кого спрашивать возврат?"
112811,112812,646619,1699541790,"Сын очень любит корочки с чесночным. Если вдруг в заказ не положат соус, то это прям огорчение."
112811,112814,448601,1699598904,"Здравствуйте, уже час у меня висит вот эта пометка в приложении: «С заказом возникла проблема.» В чате поддержки никто не отвечает. На звонок час назад грубо ответили: «Пока не знаю, какой-то сбой в системе, перезвоните через полчаса.» Уже прошло 50 минут, я пытаюсь дозвониться, но мой звонок сбрасывают. Заказ нужен сегодня, так что чёткий ответ нужен сейчас. Не очень понятно отношение к клиентам."
112811,112817,0,1699645383,
112811,112818,0,1699690723,
112811,112828,1687314,1699728417,Сделал заказ в 19-40. Сейчас 21-46 и заказа нет. Вы издеваетесь над людьми? Деньги списали и гуляй Вася ешь опилки?
112811,112830,387843790,1699729522,"Полтора часа жду заказ. Пишет, что возникла проблема. На звонки не отвечают, в чате приложения тоже. Ответили только в ВК, сказав, что передали ресторану, и что со мной свяжутся. Никто перезвонил.
Номер заказа: moscow-74-N44987154-AP"
112811,112834,425865340,1699790018,"Выдали не тот заказ, верните деньги, я оплачивала другую пиццу, вы мне ее не приготовили , т.е. по факту присвоили деньги, услуга не оказана."
112811,112838,0,1699943885,
112811,112855,631962454,1700233165,м-да похоже и здесь хаос
112811,112922,26525349,1700987614,"Здравствуйте!! Делали заказ 14.11 , но заказ отменён. Деньги списались 1500, но возврат так и не пришёл! 
Г.Владимир, тут почему  то все закрыто , телефон молчит. С кого спрашивать возврат?"
112801,112802,40873893,1699376255,"Это уважительное отношение к клиенту удалять комментарий???!!!могу повторить вопрос,так и должно быть, задняя часть помидора в пицце за 949 рублей?????заказ moscow-46-44922359-AP"
112801,112803,26911402,1699383973,"Заказ moscow-491-44931018-AP, оформил больше двух часов назад, в приложении было указано время 50-60 мин, в чате вообще никто не отвечает уже целый час, в ресторане на звонок ответили с 4 раза, до этого такое чувство что сбрасывали, сказали что пробки, проложил маршрут, время до ресторана на машине 15мин, вы так всех покупателей растеряете, у всех бывают проблемы но их нужно решать, а не забивать болт...."
112801,112808,31502069,1699440783,"Вот такая прекрасная пицца барбекю в заказе moscow-44-44934626-iP. Что это такое, непонятно"
112801,112824,454397023,1699722596,"Здравствуйте, подскажите, пожалуйста, полтора часа уже ждем заказ. Время вышло, поддержка не отвечает. Трубку не берут. Как быть?"
112801,112923,26525349,1700987652,"Здравствуйте!! Делали заказ 14.11 , но заказ отменён. Деньги списались 1500, но возврат так и не пришёл! 
Г.Владимир, тут почему  то все закрыто , телефон молчит. С кого спрашивать возврат?"
112769,112771,591274287,1698749395,"Сделал заказ неделю назад. В приложении статус доставлен, с карты деньги списали. По факту заказ не привезли. В чате приложения никто не отвечает. По телефону администратор пиццерии отказывается возвращать деньги. Тут есть кто живой или тоже динамо?"
112769,112774,147866545,1698769945,"Сделал заказ, часть его не привезли. Чат не работает, до ресторана не дозвониться, написал в обратную связь и сюда в сообщение - молчание. 3 дня прошло с момента заказа, клиентоориентированность на ""космическом"" уровне."
112769,112776,0,1698778943,
112769,112780,0,1698833995,
112769,112783,795603169,1698933477,"Здравствуйте!! Сделала заказ moscow-24-44848407-iPD на доставку пиццы Супер Чизбургер. Привезли, во-первых, пиццу без маринованных огурцов, во-вторых, по наполнению просто пустая, одно тесто!!! От заказа только отрицательные эмоции. Посмотрите сами, ваша пицца похожа на ту, что на фото на сайте?? Позор….."
112769,112791,40192790,1699183849,"да уж, жаль конечно, читая коменты начал понимать что в рф папа джонс походу на последнем дыхании, я такое уже видал, была пиццерия ""стоп кадр"" перед закрытием фирмы что доставка что и сама пицца была ужасная, либо у них проходит ребрендинг, либо усе, жаль админа конечно, читая гневные отзовы"
112769,112792,253453508,1699195475,"Здравствуйте. У меня к вопрос, на вашем сайте, заказ продублировался, и на сайте указано, что один заказ готовиться,другой уже в пути. Также, оператор позвонил и сообщил, что вместо пяти тридцати вечера, пицца приедет в пол четвёртого, дома естественно никого не было. Мы звонили оператору и на ваш официальный телефон, но никто не отвечает вообще. И мы бы хотели бы узнать, будет ли пицца вообще, и почему у нас два заказа продублировано."
112769,112798,716457472,1699352729,"Спасибо, Новокузнецк! Быстро и вкусно! 
Очень выручает папа Джонс на Кирова. Доставка всегда быстрая."
112769,112799,0,1699355111,
112769,112825,454397023,1699722604,"Здравствуйте, подскажите, пожалуйста, полтора часа уже ждем заказ. Время вышло, поддержка не отвечает. Трубку не берут. Как быть?"
112769,112924,26525349,1700987660,"Здравствуйте!! Делали заказ 14.11 , но заказ отменён. Деньги списались 1500, но возврат так и не пришёл! 
Г.Владимир, тут почему  то все закрыто , телефон молчит. С кого спрашивать возврат?"
112761,112762,256015380,1698602898,Как вернуть деньги за заказ?
112761,112826,454397023,1699722610,"Здравствуйте, подскажите, пожалуйста, полтора часа уже ждем заказ. Время вышло, поддержка не отвечает. Трубку не берут. Как быть?"
112761,112925,26525349,1700987669,"Здравствуйте!! Делали заказ 14.11 , но заказ отменён. Деньги списались 1500, но возврат так и не пришёл! 
Г.Владимир, тут почему  то все закрыто , телефон молчит. С кого спрашивать возврат?"
112700,112722,265380590,1698511377,"sherbinka-2-44787836-iPD. 1,5 часа нету заказа. От пиццерии до моего дома 7мин. Уже не в первый раз. Надоело 😡! Пиццерия не берет трубку! Пожалуй надо забывать эту пиццерию раз и навсегда. Рассчитываешь поесть в определенное время, а в итоге ни пиццы, ни ответа от пиццерии… дно!"
112700,112726,795692793,1698517317,"Сделала днем заказ, оплатив на сайте. Статус изменился на ""с заказом возникли проблемы"". Пиццерия его не видит, говорят, что в банк написали, деньги пока не вернули. Ок, сделала второй заказ с другой учетки с оплатой при получении. Оплатили, забрали пиццу. Когда открыли, оказалось, что одна пицца не та"
112700,112727,795692793,1698517354,"Обещали привезти правильную, но прошло 2.5 часа, а заказанной пиццы так и нет :("
112700,112729,617744760,1698518411,1 час задержки доставки! Обратная связь не отвечает! Крайне не рекомендую
112700,112730,4644902,1698518582,"Заказывал пиццу Джек Фонарь и вот что я получил вместо нее. Ожидание и реальность. Мало того что опоздали и везли больше двух часов и пиццы холодные, так еще с таким отношением. В приложении не написать, на горячей линии сбрасывают. Решите эту проблему."
112700,112731,1676849,1698519049,"3 часа везут пиццу, пиццерия трубки не берет. Вот это сервис 👍🏻"
112700,112743,112387189,1698565753,"Отвратительный сервис. Заказывали с друзьями три пиццы, вместо этого привезли только 2, а оплату взяли за 3.
Одна из пицц была непонятного состава, должен был быть сыр и шпинат, каким- то чудом там оказались помидоры.
Нарезана она была криво, одни куски гигантские, другие мелкие.
У хеелоуинской пиццы из записи гигантские бортики с сыром, которые занимают пол пиццы, хотя сырные бортики не добавляли. Паутинки на пицце тоже не было. Убирали из состава халапеньо в итоге всë равно поймали его в пицце.
Помимо этого заказ 3 часа везли.
Ни ресторан, ни в соц сети не отвечают. Позор."
112700,112744,2334644,1698566137,"Никому не советую заказывать пиццу в этом заведении. Заказ был сделан через мобильное приложение ""Папа Джонс"" 28.10.2023 в 15:25. Время доставки выбрал 28.10.2023 в 20:30-20:45. В назначенное время доставки курьер не приехал, все бывает дорожная обстановка и т. д. Через час так же ни звонка, ни сообщения от пиццерии. Я написал в чат в приложении и попробовал позвонить по телефону, трубку никто не брал. Пришлось готовить ужин самому, параллельно названивая в пиццерию. Самое интересное, курьер позвонил мне в 23:17 28.10.2023 и в наглом тоне сказал открыть дверь, так как приехала доставка. Я вежливо отказался и предложил посмотреть на часы. В чате приложения 23:30 принесли извинения и начислили 200 баллов (шутники). На сегодняшний день 29.10.2023 деньги за пиццу не вернули (платил картой в приложении) Заказ в приложении до сих пор активный (В пути). Дозвониться до пиццерии так же невозможно. 
P.S. Кто хочет попытать удачу, мой совет, не платите картой на сайте, только по факту доставки! 
Заказ: Moscow-52-44781841-AP"
112700,112747,1165760,1698579510,А вот и мои ожидание и реальность …. Ничего общего.
112700,112748,1165760,1698579561,
112700,112750,483476605,1698582751,"Вчера в 18.30 оформил заказ, писали, что через 90 мин привезут. В итоге ничего никто не привёз, звонки не принимают, номер 5001. Кому писать, что делать? До сих пор пишут, что в пути. Не везут заказ."
112700,112752,88180388,1698591309,Вчера в 17 оформили заказ. Прошёл день! Пицца так и не пришла. Списали большую сумму денег. Техподдержка не отвечает. Заказ moscow-1-44785302-iP. Верните деньги!!
112700,112757,0,1698594897,
112700,112773,134269276,1698767882,"Хотела заказать, на доставку нельзя, на вынос нельзя, попыталась позвонить, робот говорит выберите ближайший адрес, выбираю, нажимаю цифру, и мне бот говорит ДО СВИДАНИЯ
Прочитала комменты, и убедилась что даже не стоит пытаться
Вы потеряли клиента)))"
112700,112827,454397023,1699722614,"Здравствуйте, подскажите, пожалуйста, полтора часа уже ждем заказ. Время вышло, поддержка не отвечает. Трубку не берут. Как быть?"
112700,112926,26525349,1700987677,"Здравствуйте!! Делали заказ 14.11 , но заказ отменён. Деньги списались 1500, но возврат так и не пришёл! 
Г.Владимир, тут почему  то все закрыто , телефон молчит. С кого спрашивать возврат?"
112700,113076,614460644,1701683495,https://www.anketka.ru/referral/6864229
112660,112667,153739378,1698418218,"Добрый вечер! ОООчень сильно разочаровали. Раньше всегда заказывала у вас и пиццу и другие блюда. У меня накопились баллы. Нашла все ваши чесночные ""сокровища"" сегодня на сайте аж 2 раза, получив промокоды. В итоге заказ повис на сайте, так и не дав мне его оформить. Всё висело, попыталась позвонить, меня начали, как в банке развлекать, нажми на то, нажми на это, потом, наконец ответил оператор, но, не дав мне сказать, начала кричать, что ничего не слышит. В итоге , заказ на сайте не оформлен. Ближайший к работе филиал закрыт, там вообще нет жизни. Видимо, попрощаемся с вами, придётся заказывать пиццу у ваших конкурентов. Жалко бонусные баллы"
112660,112669,145084243,1698430595,"Заказ пиццу , прошло 2 часа . Время доставки истекло , пиццерия не отвечает , повозить некуда . Что за сервис ?"
112660,112670,145084243,1698430700,И как вернуть деньги?
112660,112677,178563817,1698435311,"Как вернуть деньги за заказ?
Списали 3к, доставка больше 3 часов, поддержка не отвечает(ни в чате ни в звонках)
Раньше была любимая пицца, больше не будем у вас заказывать, а также напишем в роспотреб с жалобой.
Верните деньги за заказ!"
112660,112684,244081910,1698436305,Прошло уже 3 часа с момента заказа. Пиццы всё еще нет. Связи с пиццерией тоже. Главный вопрос - как связаться с курьером? Заказывать отсюда больше не будем.
112660,112691,4196065,1698440891,"Папа Джонс уже нет тот, доставка 2 часа в лучшем случае"
112660,112692,570564315,1698449234,"Здравстуйте! Я заказал пиццу, оплатил, приложение написало что заказ доставлен, но его на самом деле не принесли. В чем дело?"
112660,112720,27451707,1698504094,Здравствуйте! Заказ не везут. На сообщения и звонки не отвечают ни в ресторане ни в головном офисе.
112660,112721,194679808,1698508692,"Я у Папа Джонс перестал заказывать, скатились хуже некуда. Сервис просто отвратительный стал. Помню 3 дня заказ ждал, никто не мог ответить, приехал по месту пиццерии, а они закрыты. И им пофиг вообще, после этого никакой ни скидки, ничего. Позвонил таджик, сказал, ты напомни мне в следующий заказ, мы вам перчики положем. Круто. В общем, больше не заказываю от сюда, а жаль, раньше считал лучшей пицце (ну и по качеству просед немалый), от сюда можно только чесночный соус заказать и перчики. Пиццу в другом месте закажите."
112660,112723,265380590,1698511809,"sherbinka-2-44787836-iPD. 1,5 часа нету заказа. От пиццерии до моего дома 7мин. Уже не в первый раз. Надоело 😡! Пиццерия не берет трубку! Пожалуй надо забывать эту пиццерию раз и навсегда. Рассчитываешь поесть в определенное время, а в итоге ни пиццы, ни ответа от пиццерии… дно!"
112660,112749,735007875,1698582403,Худший сервис по доставке👍
112657,112658,20949461,1698255455,"Здравствуйте,

Я оформила заказ в 17:55. 
Пиццерия находится недалеко от меня, и обычно довозят за 40 минут.
В этот раз статус заказа «принят» в приложении не менялся на протяжении часа. Я решила написать в чат поддержки, но мне никто не ответил. Затем я 20 минут пыталась дозвониться в пиццерию.
Менеджер ответил, что заказ уже выехал. На часах уже было 19:00. Ехать от пиццерии до меня минут 10. 
Спустя 40 минут ожидания я позвонила ещё раз в пиццерию, уточняя, точно ли мой заказ выехал. Менеджер связался с курьером и сказал, что он приедет через 5 минут.
Прошло ещё 20 минут, мне наконец позвонил курьер и начал спрашивать, какой у меня адрес дома, и как ко мне пройти. И сказал, что будет у меня через 10 минут.
В итоге спустя 25 минут с последнего звонка, в 20:32 он привез мне остывшую и сухую пиццу Хэллоуин. Настоящий праздник, спасибо!

Жду компенсации и возврата средств. 

Мой номер 89150003683
Дарья"
112657,112659,83564685,1698305021,"Пробили очередное дно. Пиццу привезли спустя два часа и не ту что заказали и без части ингредиентов, которые должны были быть. Отвратительное качество и Хамское общение! Не заказывайте Здесь, останетесь голодными. Или вас кинут."
112657,112664,36601512,1698400579,"Днище, заказ сделан в 11:27, доставка указана 45-50 минут. Уже прошло 1.5 часа без 1 минуты, заказ так и не получил. Пиццерия трубку не берет."
112657,112671,145084243,1698431964,Верните деньги за заказ
112657,112693,570564315,1698451674,"Здравстуйте! Я заказал пиццу, оплатил, приложение написало что заказ доставлен, но его на самом деле не принесли. В чем дело?"
112657,112751,31158653,1698587219,"Будем заказывать 31го! А у вас розыгрыш не планируется,как в прошлые годы?"
112657,112777,954089,1698818390,"Постоянно доставка опаздывает, вовремя никогда не могут привезти. Пиццерия находится в 20!!!!минут ходьбы от нашего дома и доставка не может привезти вовремя-парадокс!"
112655,112679,178563817,1698435324,"Как вернуть деньги за заказ?
Списали 3к, доставка больше 3 часов, поддержка не отвечает(ни в чате ни в звонках)
Раньше была любимая пицца, больше не будем у вас заказывать, а также напишем в роспотреб с жалобой.
Верните деньги за заказ!"
112655,112695,570564315,1698451709,"Здравстуйте! Я заказал пиццу, оплатил, приложение написало что заказ доставлен, но его на самом деле не принесли. В чем дело?"
112655,112732,617744760,1698520823,"Задержка доставки на 2 часа! Поддержка молчит, телефон молчит.Пиццерия на Бунинской аллее!! «Достойный сервис»!!!"
112616,112617,0,1697830129,
112616,112620,40192790,1697831543,"черт, я думал спустя 2 недели они исправили косяк, походу нет, жду пиццу уже час, из 2, надеюсь хоть не до утра буду ждать"
112616,112621,159668587,1697831927,Где моя пиццка?Я кушоть хочу!
112616,112622,7843972,1697832289,Пиццу не привезли! В приложении написано доставлено. Проклянаю
112616,112623,120754545,1697872113,"Черти что стало,а не компания. Протеворечат сами себе в описании боунсной системы. 
Одно громкое название осталось и приятная настольгия, которая к настоящему не имеет никакого отношения. Лучше выбрать другую пиццерию"
112616,112625,384623806,1697881257,"Больше недели не могу получить возврат денежных средств, в чате приложения бот не отвечает, звонки тоже результатов никаких не дают
Клиентоориентированность нулевая."
112616,112626,793266239,1697887381,"не заказывайте у них пиццу, заказывали неделю назад, пиццы нет, деньги никто не вернул, сегодня будет написано заявление в полицию"
112616,112627,83564685,1697903527,"Пробили очередное дно. Пиццу привезли спустя два часа и не ту что заказали и без части ингредиентов, которые должны были быть. Отвратительное качество и Хамское общение! Не заказывайте Здесь, останетесь голодными. Или вас кинут."
112616,112645,359382918,1697911728,если есть желание подождать 3 часа - обращайтесь в папа джонс
112616,112647,2739513,1697913247,"Жду пиццу уже больше двух часов! Больше 40 минут назад звонили, сказали что доставят в течение 10 минут. С того момента на звонки не отвечают, в чате поддержки тоже. Это уже не в первый раз происходит! Не рекомендую заказывать доставку пиццы у Папа Джонс."
112616,112649,27504356,1697962193,"Я отменила заказ, чтобы изменить, в итоге деньги не вернули и на связь не выходят. Ресторан в Москве (5063) трубку не берет,  чат молчит, заказ почти на 8 тысяч!!!! С кем мне связаться по поводу денег??? Это обман какой то???"
112603,112604,-3874609,1697552923,Поздравляем всех победителей с победой🥳
112603,112612,49694342,1697731044,"Заказ на сайте. 40 минут уже висит в статусе принят... поддержка молчит, телефоны сбрасываются. Хорошо, что оплата была выбрана курьеру и не нужно морочиться с возвратом. Курьер может сам покушать три пиццы, мне она уже будет не нужна."
112603,112628,83564685,1697903540,"Пробили очередное дно. Пиццу привезли спустя два часа и не ту что заказали и без части ингредиентов, которые должны были быть. Отвратительное качество и Хамское общение! Не заказывайте Здесь, останетесь голодными. Или вас кинут."
112600,112601,227437240,1697540494,Лазанья
112600,112629,83564685,1697903556,"Пробили очередное дно. Пиццу привезли спустя два часа и не ту что заказали и без части ингредиентов, которые должны были быть. Отвратительное качество и Хамское общение! Не заказывайте Здесь, останетесь голодными. Или вас кинут."
112555,112565,12039274,1697226019,"После оплаты полтора часа никакого движения по заказу. В чате приложения отвечает бот, вызвать человека не реально. Звонили шесть раз в пиццерию, никто не поднял трубку и не перезвонил. Вы считаете, это нормальный уровень сервиса? Проведите беседу со своими сотрудниками и сделайте компенсацию. Такое отношение к клиентам просто удивляет, вы не монополисты на рынке.

Кстати, через обратную форму на сайте тоже вам отправить сообщение невозможно. Приходится искать вас в соцсетях. Днищенский сервис

P.S. Номер заказа увидите в личных сообщениях"
112555,112569,387510910,1697292766,"писала в личку о проблеме, пишу теперь и здесь. заказ был сделан сегодня в 15:39, деньги СПИСАЛИ!!! статус заказа с тех пор «возникли проблемы с заказом». заведение трубку не берет, чат поддержки не отвечает. в личке вк мне сказали, что передали информацию в ресторан и они скоро со мной свяжутся. ПРОШЕЛ ЧАС, СО МНОЙ НИКТО НЕ СВЯЗАЛСЯ!!!! верните деньги!!!"
112555,112581,2545600,1697367172,"Проблема с заказом , телефон пиццерии не существует , заказ оплачен , но в статусе ‘принят’ уже более 2 ух часов"
112555,112582,193261640,1697367310,"Это просто ужас какой-то: за 1 заказ оплату списали 3 раза!!! Ни с кем связаться невозможно, везде полный игнор! В прокуратуру на вас заявление только остаётся писать!!!"
112555,112585,445882202,1697378064,"Статус заказа принят уже 2 часа, ресторан (добавочный 5400) не берет трубку, как это называется и как это решить можно?)))"
112555,112589,163145910,1697475976,"Нет ответа и возврата денег с 6 ОКТЯБРЯ!!!!!!!!!!!!!! Прошло уже 10 дней! Врут, что свяжутся, и никто не перезванивает."
112555,112592,5666044,1697485429,
112555,112683,178563817,1698435337,"Как вернуть деньги за заказ?
Списали 3к, доставка больше 3 часов, поддержка не отвечает(ни в чате ни в звонках)
Раньше была любимая пицца, больше не будем у вас заказывать, а также напишем в роспотреб с жалобой.
Верните деньги за заказ!"
112446,112447,5575500,1696510529,с Днем Учителя!📖
112446,112458,1545609,1696613197,"Что за дичь происходит с заказами? Приложение не обновляется, телефон не отвечает. Как связаться?"
112446,112461,140983903,1696614156,"Деньги забрали, заказ не доставили. Просто кинули на деньги."
112446,112462,163145910,1696614214,"Как до вас дозвониться??????? Заказа нет 90 минут, ни звонка, ничего. Только деньги и можете списывать"
112446,112464,178666145,1696614788,"Ждём заказ 1,5 часа, деньги списали, звонки сбрасывают, никакой информации. Спасибо за вкусный вечер 🤦‍♀️"
112446,112466,255379096,1696616554,жду возврат денег
112446,112475,0,1696619614,
112446,112480,52406173,1696621440,Жду заказ уже 2 часа. По телефону и в чате никто не отвечает! Что за сервис?!
112446,112481,0,1696621958,
112446,112489,0,1696658807,
112446,112497,0,1696691029,
112446,112500,89419798,1696694101,"Заказ ждала 1:10 , Курьер феноменальное хамло , позвонил начал орать , пристыдила даже не подумал извиниться. Видимо клиенты вам не нужны . Первый был опыт заказа в данной «пиццерии»и последний. сервис ужас , никому не рекомендую . Просьба прописать АКТУАЛЬНЫЙ телефон , ибо дозвониться невозможно. Слишком сильное желание оставить жалобу ."
112446,112505,346533525,1696698938,"К сожалению, наш вечер тоже испорчен. Ждали заказ два с половиной часа, потом отменили, жду возврата денег на карту. Ваш королёвский филиал очень расстроил нашу семью. 
Мы не хотим платить 1507 рублей за пиццу, которая три часа каталась по дождливым осенним улицам. А вы, уважаемые (нет) владельцы бренда?"
112446,112515,785805,1696700700,"Заказ отменен. Деньги не вернули. До поддержки не дозврниться, в приложении в чате не отвечаете. Что происходит?"
112446,112521,0,1696702245,
112446,112527,0,1696703571,
112446,112531,40192790,1696709302,"жду пиццу с 19:00, все еще жду....
щас уже 23:08"
112446,112532,509600625,1696709749,"где мой заказ,жду 2 часа?"
112446,112534,710798478,1696710442,"Заказ оформили в 21:21, обещана была доставка через 1 час. Время 23:26 заказа нет. История комментариев богата, видимо не привезут или привезут холодную. Лучше больше в папа Джонс не заказывать 😔"
112446,112535,690689,1696717769,"Время 01.27 один раз получилось дозвониться🤣на том конце провода спросили отменить заказ? На очень ломаном великом и могучем, а потом включил дурочку начал говорить Але але але и повесил трубку🤣 позорники в чат не отвечают трубки больше не берут."
112446,112536,202214376,1696753611,"Если я тут напишу , может вы меня заметите ! Улица Кравченко со вчерашнего дня мне везет пиццу! У вас совесть есть ???? Верните деньги ! Наглости отбавляй, творят что хотят ! Оставили детей без пиццы, ждали с 18:47 до 12 ночи!!!"
112446,112538,710469812,1696756068,Ну что все заметили что все ваши неугодные комментарии тупо удаляют)) дааа уж шарашка...
112446,112549,811093866,1696784940,"Пиццы нет, трубки не берете, где мой заказ???"
112446,112552,137942215,1696845017,"а как получить промокод на ДР, дата указана в ЛК.?"
112446,112559,282119209,1697034112,Тоже испортили вечер
112446,112560,282119209,1697034157,"Не привезли заказ, на связь не выходят, деньги списали. Буду писать заявление в суд и прокуратуру, если со мной не свяжутся и не решат мою проблему"
112446,112574,387510910,1697297735,"писала в личку о проблеме, пишу теперь и здесь. заказ был сделан сегодня в 15:39, деньги СПИСАЛИ!!! статус заказа с тех пор «возникли проблемы с заказом». заведение трубку не берет, чат поддержки не отвечает. в личке вк мне сказали, что передали информацию в ресторан и они скоро со мной свяжутся. ПРОШЕЛ ЧАС, СО МНОЙ НИКТО НЕ СВЯЗАЛСЯ!!!! верните деньги!!!"
112446,112594,0,1697485718,
112446,112599,499440324,1697534916,"Заказала 12 пицц, отдала 5к. Все пиццы практически без мяса."
112444,112445,-3874609,1696497735,"Призы - это хорошо☺
Обязательно поучаствуем))"
112444,112453,69910967,1696603707,Это что за кидалово?
112441,112596,5666044,1697485960,Лохотрон не ведитесь
112441,112630,83564685,1697903583,"Пробили очередное дно. Пиццу привезли спустя два часа и не ту что заказали и без части ингредиентов, которые должны были быть. Отвратительное качество и Хамское общение! Не заказывайте Здесь, останетесь голодными. Или вас кинут."
112433,112435,1930636,1696348845,"А хоть кому-нибудь хоть когда-нибудь служба поддержки отвечала насчет некачественных заказов?
Меня всегда просят написать в личку, а дальше - никогда ничего не происходит.
Просто интересно, это у всех так или одному мне не везет?"
112433,112437,22398872,1696359306,"Заказ moscow-20-44427656, оформленный ровно в 19:00, по состоянию на 21:40 не доставлен! Из 8 звонков спустя 2 часа после заказа ответили на 2, причем 1 раз лицо (по голосу иностранец) не представился и сославшисшь на плохую связь сбросил, 2й раз в 21:07 девушка сообщила о внутренних проблемах и пообещала через 15 мин всё будет! в 21:45 заказ доставлен ХОЛОДНЫМ! ОТКАЗ! О внутренних проблемах (якобы связанных с поломкой машины) меня никто не оповещал, прошу учесть в дальнейшем оповещение всех ожидающих заказ клиентов, дабы исключить гневные звонки и многочисленные жалобы! 

В итоге ребенок остался голодный и учитывая предыдущие опоздания по заказам складывается негативное впечатление!"
112433,112442,562844507,1696492651,"Я никогда не думала что скажу это, но мою проблему данная служба доставки не может решить по причине того, что я (внимание!) не могу выйти на связь по телефону. Я уж не знаю что у них там за детали должны быть уточнены по голосовой связи, которые нельзя уточнить текстом 🤣 Но товарищи! Я работаю по 12 часов, а когда прихожу домой - валюсь в кровать, просыпаюсь в восемь и всё по кругу. Я сообщила об этом Вашему менеджеру, он сказал что всё понял и продолжает звонить. Более того - мне якобы направили какое-то письмо призванное помочь по электронной почте. И знаете что? Оно тоже о том, что нам надо созвониться 🤣 Я уже не хочу ни проблему решать, ни разбираться в чём-то. Это просто компания, которая работает на деньги, а не на репутацию. Уже давно во всех приложениях есть способы решения проблемы через текстовый чат с теми же менеджерами, в том числе из заботы о людях с ограниченными возможностями. Но только не у этих чемпионов🤣"
112433,112451,144103508,1696573242,Корочка 🥴😋
112426,112429,167621912,1696266332,"Заказал ко времени - не привезли вообще, но статус - доставлено).
До пиццерии не дозвониться, в чате не отвечают, классика."
112426,112498,728953334,1696691071,"В чем у вас проблема?
В приложении чат с поддержкой не работает, на звонки не отвечаете, в сообщениях в вк тоже тишина
Заказать невозможно, потому что «ресторан не принимает заказы»

Видимо, из Папы Джонс скатываетесь в обычную забегаловку"
112425,112431,5575500,1696309902,фантастические🦖
112425,112499,728953334,1696691078,"В чем у вас проблема?
В приложении чат с поддержкой не работает, на звонки не отвечаете, в сообщениях в вк тоже тишина
Заказать невозможно, потому что «ресторан не принимает заказы»

Видимо, из Папы Джонс скатываетесь в обычную забегаловку"
112404,112407,984317,1696058784,"Так в данной «пиццерии» выглядит оплаченная пицца на тонком тесте. Вместо оплаченных ингредиентов «работяги» доставят Вам кусок теста, без оплаченных допов. 
Рекомендуется проходить мимо.
P.S. Я написал в приложении, и на почту. Писать по команде в ЛС не собираюсь, научитесь работать."
112404,112413,139727191,1696088573,"Скажите пожалуйста, когда нибудь геолокация курьера будет отображаться в приложении??????? Везде! Во всех доставках эта опция давно есть!!!!! Только у вас нет!!!! И оооочень бы хотелось, чтобы техподдержка отвечала хоть иногда"
112404,112414,1825942,1696094251,"Называется как отдать почти 3 тыщи и не получить удовольствия! Впервые и наверное более никогда не буду заказывать вашу пиццу! Конечно я не знаю и может от места где сделана зависит, но в Долгопрудном пицца и закуски Г! Такое если только с голодухи конкретной съесть. По приложению одна цена, но по факту оплатил без скидок!"
112404,112415,38161906,1696095854,"ОТВРАТИТЕЛЬНЫЙ СЕРВИС. Привезли не ту пиццу, дозвониться до пиццерии нереально, контактов курьера нет"
112404,112424,0,1696229081,
112384,112385,518139550,1695391956,🫶🏻
112384,112386,753628153,1695415065,✨️🖤
112384,112387,814491961,1695458107,До какого числа действует промокод ?
112384,112397,11755340,1695887865,Вот это пицца 30 см! Опять скажете что все по стандартам?
112381,112382,20924832,1695358755,"О! Брали тут сет . Пицца, картошка и барбекю ножки. Какая гадость эти ножки барбекю!!!! Такое впечатление что они сырые. Гадость редкостная"
112381,112408,984317,1696058885,"Так в данной «пиццерии» выглядит оплаченная пицца на тонком тесте. Вместо оплаченных ингредиентов «работяги» доставят Вам кусок теста, без оплаченных допов. Сами пишите себе в ЛС, я написал на почту, и в приложении."
112309,112320,0,1694197704,
112309,112321,0,1694199580,
112309,112323,35142452,1694260973,"Добрый день.
Вчера ночью делал заказ, но забыл прописать промо код и отменил его чтобы сделать новый, но после отмены заказа денежные средства не вернули.
Просьба помочь в решении вопроса. Дозвониться до заведения на алтуфьевском шоссе 89 не могу, звонил пять раз, никто трубку не берет.
Писал в чат приложения и тоже никто не ответил.
Оставил запрос во вкладке обратная связь и тоже никто не позвонил и не написал."
112309,112324,20607771,1694276035,Это как понимать????
112309,112334,40979381,1694618216,"Такая же фигня, заказ не доставлен, а деньги уплачены!"
112309,112344,6333336,1694767225,"В лс написала, не отвечаете. Заказ moscow-102-44174852-MP задерживается сильно, на звонки не отвечают"
112282,112284,5575500,1693729320,3 сентября - День победы над милитаристской Японией и окончания Второй мировой войны❗
112282,112285,9555231,1693737025,"Добрый день!
вчера сделал заказ, деньги списали заказ не доставили, почему поддержка в приложении не отвечает уже 12 часов? Верните деньги. У вас отвратительный сервис. Не советую заказывать здесь пиццу!!!
Так же пиццерия не берет трубку."
112282,112291,11755340,1693842324,"Здравствуйте, подскажите, тесто толщиной 2 мм - это тонкое или традиционное считается у вас?"
112282,112308,39043,1694170635,"Больше двух месяцев назад обещали решить вопрос по обращению о недовложении соуса в заказе из Пиццерии #1. Воз и ныне там: никто не связался, ничего не компенсировали. Видимо данную сумму уже можно расценивать как стоимость усвоения урока по вашей клиентоориентированности. С искренним сожалением, бывший постоянный с открытия ресторана клиент пиццерии #1 на Кравченко."
112282,112310,2504697,1694182827,Здравствуйте. Тесто без глютена у вас есть для пиццы?
112282,112316,203619216,1694193202,"Скажите, почему вы взяли оплату, пиццу не привезли, телефоны все выключены, я написал сдесь сообщение, а вы его удалили?"
112282,112380,135715148,1695296264,"А почему заказ krasnogorsk-1-44230745 висит как ""принят"", в то время как его доставили еще 3 дня назад. Это что, чтобы бонусы не начислились? :)"
112259,112260,1264961,1693577304,"Здравствуйте, а буду ди какие нибудь акции для болельщиков ХК Динамо? А то они уже Вас активно рекламируют)"
112259,112262,319719,1693586432,Худшая пиццерия Москвы - два час пиццу везут!
112259,112265,468517688,1693595657,"Обманули с заказом, 1500 в пустую, привезли не то, не заказывайте здесь, уважайте себя и свое время"
112259,112266,125647753,1693634328,"Обманули также с заказом, как и ребят выше. 2к ушло в никуда и никто не отвечает ни на сообщения, ни на звонки :) Абонент не абонент"
112259,112270,2455238,1693658862,"Думал хуже уже быть не может, теперь присписании бонусов списываются и супер бонусы и простые бонусы)) плюс не могут 3 месяца разобраться почему не начислены бонусы."
112259,112273,513148849,1693676916,"Ужасный сервис, на звонки никто не отвечает. Сырные бортики топ, но учитывая вышеописанное - заказывать больше не буду."
112259,112276,11753827,1693677920,"Может хоть тут ответите, раз на звонки и сообщения не отвечаете? Заказ сделан почти 2 часа назад, верните деньги или уже привезите заказ"
112259,112281,109585353,1693691776,Заказали . Написанно 90-120 минут. Согласились.Везли пиццу больше 3-х часов !!! Привезли холодную и уже не надо…
112259,112286,9555231,1693737267,"Добрый день! 
вчера сделал заказ, деньги списали заказ не доставили, почему поддержка в приложении не отвечает уже 12 часов? Верните деньги. У вас отвратительный сервис. Не советую заказывать здесь пиццу!!! 
Так же пиццерия не берет трубку."
112259,112296,11755340,1693904075,"Привезли вчера пиццу на лаваше 2мм, что в папе Джонс, оказывается,  считается не тонким, а традиционным тестом. 💩💩💩💩💩"
112259,112345,302549624,1694775468,"Не отвечают на сообщения, бонусы не начисляют, а если с трудом у тебя получится добиться справедливости и получить бонусы, они их на следующий день спишут, так и не дав воспользоваться)))))"
112255,112256,1866174,1693427915,"Закажи веганскую пиццу с колбасным бортом, разыграй вегана!"
112255,112257,2531481,1693477215,Колбасный борт - огонь! 🔥
112255,112348,58810251,1694805761,Почему во Владимире вечно нет колбасного борта???
112247,112251,42444361,1693327521,"Пиццу научитесь делать! Ваша продукция даже не еда , о пицце и речи не идёт! В пиццериях одни мигранты которые тащат продукты себе домой и плохо говорят по русски!"
112247,112253,508768817,1693352195,"папа джонс как обычно, заказ отменен, бонусы списались. хорошо что ещё наличку тыкнули, уже наученные вашими возвратами)"
112247,112258,522806677,1693496019,👍
112239,112243,1182859,1692990906,"Недавно заказал у вас пиццу чизбургер через приложение. В ней не оказалось соленых огурцов. Подумал - ну ничего, всякое бывает, нужно написать/позвонить, чтобы уточнить, какую компенсацию моей неудовлетворенности вы можете предложить. Написал в чат в приложении, но мне никто за полчаса не ответил. Позвонил - мне ответил какой-то гость из средней Азии и начал невнятно перечить что-то про «отменилось». На вопрос соединить меня с его начальником - повесил трубку. Больше дозвониться не удалось. Это отвратительный сервис. Я понимаю, что иногда бывают накладки, но в этом случае уважающие себя компании дают возможность клиенту шанс хотя бы шанс быть услышанным, чтобы решить его проблему. А я столкнулся с откровенным безразличием. Нельзя так выстраивать процессы и нанимать таких некомпетентных сотрудников. Надеюсь, мой отзыв прочитает кто-то из вашего руководства, чтобы вы могли стать лучше."
112239,112244,94222274,1692992676,"Заказ moscow-67-4390582-ip 
В одной из пицц попался кусок железной проволоки
Поддержка в моб приложении и чат вк не отвечает. Ждали решения час
В итоге все решилось через ресторан (Шарикоподшипниковская ул)
Ждём возврат денежных средств"
112220,112221,273762772,1692708560,"Здравствуйте, сегодня я сделал заказ в вашей пиццерии, прождал почти 2 часа и решил его отменить, так как он еще даже не был приготовлен. Администратор сказал, что отменит заказ, но через 30 минут мне приходит уведомление, где сказано, что мой заказ в пути"
112220,112225,0,1692776164,
112220,112228,668975809,1692799022,"Делали заказ в пиццерии Папа Джонс. Наш заказ доставили без соусов (их было 5 штук). Написали в чат поддержки в приложении, в течении 2х часов нам не ответили. Позвонили напрямую в пиццерию из которой делали заказ, мне не отвечали, когда отвечали и мы озвучивали нашу проблему пиццерия просто сбрасывала звонок, потом и вовсе перестала отвечать. Мы стали звонить очень настоичиво, в итоге нам ответил другой сотрудник в данной пиццерии, и тоже сбросил, когда мы описывали свою проблему"
112220,112234,531305488,1692874024,"Делала заказ, жду уже практически два часа. Пиццерия недоступна, номер курьера отсутствует, поддержка не отвечает. Что у вас за сервис такой? Я крайне недовольна, что к клиентам такое отношение."
112204,112212,29646125,1692653740,"Дополняют отзыв, в пицце ""большая бонанза"" отсутствует мягкий сыр кубиком, а так же треть пиццы без начинки! Заказываю у вас постоянно, каждый раз не довозите оплаченные перцы, раз в три заказа привезёте, звонил в пиццерию, обещали бесплатную пиццу, в итоге ничего!"
112204,112226,0,1692776498,
112204,112236,531305488,1692874058,"Делала заказ, жду уже практически два часа. Пиццерия недоступна, номер курьера отсутствует, поддержка не отвечает. Что у вас за сервис такой? Я крайне недовольна, что к клиентам такое отношение."
112183,112184,512616881,1692391610,"Ресторан на Верхних Лихоробрах постоянно не работает и не может собрать заказ верно... Дозвониться до них тоже нельзя, а поддержка в приложении до сих пор не отвечает. Операторы так себе, избирательно выбирают вопросы на которые хотят ответить и даже не извиняются за косяки сотрудников."
112183,112187,512616881,1692399093,"Папа Джонс это - 
1) Не довезли второй раз ни один из соусов 🥰🥰🥰
2) Курьер нарушил товарный вид пиццы 🥰🥰🥰
3) Перепутали этикетки 🥰🥰🥰
4) Поддержа которая молчит днями и часами 🥰🥰🥰
Но если одной фразой, то 
ПАПА ДЖОНС, БЫТЬ ЧЕМПИОНАМИ - НАША РАБОТА"
112183,112200,1993242,1692560009,"Как сделать возврат средств? Заказ в режиме ""Готовится"" 4 часа. Заказ сделан в 18.49, время ожидания до 20.30-20.45. Время 22.32, все еще в режиме ""Готовится"". В 23.00 пиццу уже принять будет некому. Никто не предупредило о долгом ожидании."
112183,112201,658610892,1692612593,"Ресторан ОГОНЬ! Заказали за ЧЕТЫРЕ часа пиццу имениннице с ее гостями, заказ задерживается, поддержка говорит ""сорри, у нас только 1 курьер. Ждите до 6-7 часов вечера."" Во 👍👍👍"
112183,112213,29646125,1692653749,"Дополняют отзыв, в пицце ""большая бонанза"" отсутствует мягкий сыр кубиком, а так же треть пиццы без начинки! Заказываю у вас постоянно, каждый раз не довозите оплаченные перцы, раз в три заказа привезёте, звонил в пиццерию, обещали бесплатную пиццу, в итоге ничего!"
112183,112227,5963337,1692790155,"Оформил заказ на 1703 рубля, курьер опоздал и по приезде озвучил сумму в 1960 рублей. В пиццерии нахамили, и сказали, что у них нет времени они закрываются, «решите, берете или нет». Сервис оставил крайне негативное впечатление, заказывал первый раз и сразу такое хамство и обман!День рождения испорчен,детей еле угомонили🤬🤬🤬"
112180,112181,512616881,1692302125,Чемпионы аххааххахахахаха поддержку починить не может и заказ собрать
112180,112214,29646125,1692653756,"Дополняют отзыв, в пицце ""большая бонанза"" отсутствует мягкий сыр кубиком, а так же треть пиццы без начинки! Заказываю у вас постоянно, каждый раз не довозите оплаченные перцы, раз в три заказа привезёте, звонил в пиццерию, обещали бесплатную пиццу, в итоге ничего!"
112156,112161,132076086,1691787533,Мне не привезли заказ)
112156,112169,710433101,1691936680,Сегодня привезли ужасный заказ!!!!! Начинка пиццы вся съехала! И можете как-то предупреждать что соусов в заказе нет!!!!!
112156,112176,257331401,1692123855,"Не здороваюсь! заказ moscow -52-43784086-ip курьер опоздал! Менеджер дошкольного возраста обещал перезвонить уточнить где курьер, не перезвонил, далее при попытке дозвонится тупо скидывают трубку пицца приехала без соуса без перчика. Поясните."
112156,112178,28861453,1692203052,"Пиццерия полное....
Заказ тонкую пиццу привезли обычную, картошка с колбасками, без соуса, сухая, и не доготовлена картошка. Полный минус, в чёрный список, одни минусы. Нам такая пиццерия не нужна!!!!!"
112156,112211,29646125,1692650994,"Пицца доехала с опозданием в 40 минут, приложение не работает, снова не привезли оплаченные ПЕРЦЫ!!!"
112156,112215,29646125,1692653769,"Дополняют отзыв, в пицце ""большая бонанза"" отсутствует мягкий сыр кубиком, а так же треть пиццы без начинки! Заказываю у вас постоянно, каждый раз не довозите оплаченные перцы, раз в три заказа привезёте, звонил в пиццерию, обещали бесплатную пиццу, в итоге ничего!"
112144,112149,99023952,1691437470,"[club10095732|Папа Джонс] На фото пицца, как вы утверждаете приготовленная на традиционном тесте. а на каком тогда тесте приготовленна пицца из вашего меню ?"
112144,112150,99023952,1691437601,"Вы видите разницу в толщине борта? И это пиццы приготовленные , якобы, на одном тесте ."
112144,112162,132076086,1691787540,Мне не привезли заказ)
112101,112110,99023952,1691162691,"[club10095732|Папа Джонс] заказ 82-43647446-A . Обращаю ваше внимание -заказ на ТРАДИЦИОННОМ тесте . Не находите, что имеются ""некоторые""различия по толщине и ""воздушности"" борта с традиционнымтестом?"
112101,112111,99023952,1691164000,"Это вам для сравнения ,то что ваш шэф предлагал купить всем Россиянам при открытии первого ресторана в РФ.... Не находите , что разница есть ?"
112101,112117,6138877,1691187053,
112101,112121,748940813,1691248674,"Как называется пицца с колбасками и картофелем, заказывал пару раз с пол года назад, сейчас найти не могу."
112101,112137,5921376,1691336535,"Отвратительно работает ресторан в Одинцово. 
Второй час ждем пиццу. 
Больше не закажем и друзьям посоветуем другие доставки 👌"
112101,112163,132076086,1691787550,Мне не привезли заказ)
112099,112100,147164568,1691136656,Здорово. Поздравляю победителей. А результаты розыгрыша по трекам из Стравы когда будут? Что-то вы и пост с анонсом этого розыгрыша удалили...
112099,112103,3615042,1691146924,"Подскажите, что это за цифры, напротив призов? Есть какая то таблица, среди номеров которой, был розыгрыш?"
112077,112078,18761038,1690799422,"Ах, если бы еще так и привозили :DD"
112077,112082,80548511,1690823932,У вас пицца только на картинке так выглядит. Мне последний раз прислали 40 см ветчина грибы с мизерным кол-вом ингридиентов. Что даже пузыри надулись на пустотах.
112077,112085,42444361,1690835065,Отличный выбор!!!
112077,112087,42444361,1690835345,"Если вы заказываете пиццу в данном заведении, не поленитесь её открыть при получении!!! В 90% случаев вы её вернёте с этим же курьером! Пусть сами такое едят!!!"
112077,112094,6585508,1691079726,"А к нам не доставляют вообще ( всего лишь на километр дальше зоны доставки , даже при большом заказе (("
112077,112096,35809172,1691086628,Вспоминаю год 2016...когда папа джонс была самой лучшей. Щас уже даже близко не похоже
112077,112134,233722335,1691269470,"Что за ахтунг в комментариях?🫣Супер папа - моя любимая пицца. Всё отлично привозят. Спасибо, [club10095732|Папа Джонс]"
112054,112056,447064676,1690530783,"12 часов уже пиццу жду,  так и не начали ее готовить. че у вас там на этот раз за проблема?"
112054,112059,984317,1690573272,"Пиццерия на Войковской / Соколе в одностороннем порядке отменяет оплаченные заказы через 30 минут после их принятия, а также отмечает доставленными заказы те, которые по факту даже не выезжали из пиццерии - например заказ moscow-44-43573620-i"
112054,112074,151067859,1690641231,"Вчера заказали через сайт пиццу, проигнорировали все отмеченные пункты. 
Желания заказывать у этой организации 0.
Еще и в поддержке хамят и виноватыми оставляют.
Отвратительно."
112023,112028,446615687,1690394324,"Мне не привезли мой заказ! 
Как с вами можно связаться??"
112023,112039,83564685,1690405471,Отвратительньная пицца и хамское отношение! Не советую заказывать! Это днище!
112023,112040,83564685,1690405510,"Негативные отзывы удаляют, имейте в виду…."
112023,112052,421349,1690454403,"Пицца очень испортилась 😔 Раньше заказывали на все праздники , съедалось все до последней корочки. А от последнего заказа осталось несколько кусков, которые никто не стал есть,  в итоге пришлось выкинуть .."
112023,112060,984317,1690573300,"Пиццерия на Войковской / Соколе в одностороннем порядке отменяет оплаченные заказы через 30 минут после их принятия, а также отмечает доставленными заказы те, которые по факту даже не выезжали из пиццерии - например заказ moscow-44-43573620-i"
112023,112065,147013136,1690619292,Подружка 🥰👙🐬
111999,112000,194679808,1690292363,"Вы для начала с заказами разберитесь, 3 день пошел уже, курьер до сих пор в пути."
111999,112006,5575500,1690301071,самая лучшая акция!👍
111999,112007,505552063,1690306391,"Не пришли бонусы, за заказы. 
moscow-42-43445777-iP (не в полном объеме)
17 июля 
moscow-42-43488600-iP
21 июля
moscow-42-43527256-iP 
24 июля. 
Бонусы должны прийти были в 2 количестве, так как между заказами меньше 2 недель."
111999,112009,10855308,1690315292,Когда операторы будут отвечать в приложении? Почему не приходят баллы за заказы?
111999,112011,329276706,1690315840,Больше у вас ничего не закажем.
111999,112012,72576552,1690352985,Не заказывайте ничего в этой шарашкиной конторе!!! Воруют деньги и не отвечают!!!!!
111999,112015,16617393,1690356334,"Отменили мой заказ, деньги не вернули. Не отвечают нигде!!!"
111999,112022,17247526,1690377243,Верните деньги за заказ!!! moscow-42-N43542179-iP
111999,112029,446615687,1690394351,"Мне не доставили мой заказ!!!! 
Срочно со мной свяжитесь"
111999,112061,984317,1690573309,"Пиццерия на Войковской / Соколе в одностороннем порядке отменяет оплаченные заказы через 30 минут после их принятия, а также отмечает доставленными заказы те, которые по факту даже не выезжали из пиццерии - например заказ moscow-44-43573620-i"
111999,112064,7037197,1690618466,"Ужасный сервис,время доставки 2 часа."
111987,111992,198401731,1690198441,Абыр-абыр…. абырвалг! (с) ))
111987,111993,302988645,1690213150,"О да, прошло больше часа заказ даже не готов, обожаю этот сервис

UPD: Ну что же, заказ доставили в 19:15, при том условии что он был сделан ещё в 17:26 но это только начало.
Мало того что заказ привезли весь остывший, в пицце у которой должен быть колбасный борт с чесночно-сырной корочкой... парам-пам-пам. Абсолютно обычный борт. 
Вот и спрашивается а за что я собственно платил?
Сервис окончательно в себе разочаровал.

UPD2: Заметный факт, раньше при заказе пиццы со своим выбором ингредиентов, мне хватало 2-3 кусочков что бы насытится на ближайший час. Сейчас же ощущение что в пиццу явно не доложили ингредиентов, половина пиццы улетела на раз два, а я так и не наелся. Да и если рассматривать пиццу, то что-то не заметно той кучи ингредиентов, которые были указаны в заказе. Раньше хотя бы видно было что и где находится."
111987,112014,72576552,1690353073,Не заказывайте туи ничего!!!!!! Списывают деньги и пропадают!
111987,112030,446615687,1690394384,Не привезли мой заказ
111982,111983,30174976,1690046973,"Здравствуйте! А не нельзя ссылку скинуть, чего качать? А то со своего смартфона не удобно код сканировать)"
111982,111984,198401731,1690086725,"Подарите мне смарт, без всяких промокодов.) И Папа Джонс теперь как-то, чтоль, не совсем патриотично. Назовитесь - ""Просто Папа"". Не благодарите 😁"
111982,112062,984317,1690573318,"Пиццерия на Войковской / Соколе в одностороннем порядке отменяет оплаченные заказы через 30 минут после их принятия, а также отмечает доставленными заказы те, которые по факту даже не выезжали из пиццерии - например заказ moscow-44-43573620-i"
111971,111975,328279954,1689934861,Не получили свой заказ до сих пор и нет никакой информации
111971,111976,328279954,1689934883,Отписал в лс группу надеюсь на что-то
111971,111985,29535708,1690121451,Участвую ✅
111971,112063,984317,1690573326,"Пиццерия на Войковской / Соколе в одностороннем порядке отменяет оплаченные заказы через 30 минут после их принятия, а также отмечает доставленными заказы те, которые по факту даже не выезжали из пиццерии - например заказ moscow-44-43573620-i"
111949,111950,43884797,1689852425,Карбонара
111949,111951,131887645,1689852530,Сырная
111949,111952,14164254,1689854616,Подскажите когда решится мой вопрос ?
111949,111953,39043,1689855199,Мне вот тоже интересно когда решится мой вопрос. Заказывала 18 числа пиццы+доп соус. Привезли только пиццы. Через обратную связь на сайте все описала - отклик нулевой.
111949,111958,182730107,1689859433,"Сегодня делали заказ, привезли не полностью, в комбо не хватает напитка (1 л), техническая поддержка в приложении молчит, ноль реакции."
111949,111959,582572355,1689860368,Груша и сыр
111949,111960,431866781,1689860483,Чикен Пармеджано
111949,111963,103858056,1689871468,"Подскажите, сколько ждать решения моей проблемы с заказом?
В лс группы написала, жду ответа."
111949,111965,28177824,1689873260,Пепперони с сырным бортом
111949,111966,31502069,1689876346,Такую красоту мне только что привезли. Спасибо большое 👍🏼
111949,111967,296810742,1689877164,9 сыров)
111949,111968,12465195,1689894356,"Прошло 2 часа с момента, как должны были доставить заказ. 
Поддержка не отвечает, все телефоны выключены, но деньги за заказ списаны. 
Тупо решили не доставлять 😅
Никто не соизволил даже позвонить и сказать, что это сделать не получится. 

Худший опыт доставки пиццы в Москве )"
111949,111970,12465195,1689927555,"Телефоны не отвечают, чат поддержки не отвечает, обратная связь на сайте не отвечает, в контакте тоже молчат. 
Списали деньги, заказ не привезли. 

Верните деньги."
111949,111973,328279954,1689934304,"Сделал заказ в 23:00 вечера вчера , до сих пор в статусе принято , не от кого ни ответа ни привета"
111949,111986,1210716,1690137604,И своевременная доставка
111949,111988,8323726,1690193503,"Я в шоке, как испортилась эта сеть! Нет никакой обратной связи! В пятницу сделала отмену заказа, так на карту вернули только часть денег, остальное решили видимо на чай забрать? 
И главное не куда сообщить, это как вообще?"
111949,112002,2781264,1690292785,За последние 3 заказа не пришло баллов бонусных за пиццу. В поддержке не отвечают неделями. Такое ощущение что в пиццерии по адресу Кравченко. 8 стр.6 пиццемейкеры вместо целой начинки кладут половину!!!
111949,112035,14226663,1690400695,"Украли кучу баллов после установки обновления вашей проги: просто в одно мгновение они исчезли, но читая негативные отзывы под каждым вашим постом... я понимаю, что компания ""скатилась в помойку"". А раньше в моем Бизнес Центре ""Жукова 1"" весь мой коллектив радовался вашему открытию в нашем задании и где-то до середины  2022 года заказывали пиццу на корпоративы, праздники и обеды на сотни тысяч рублей в месяц. То принесут полностью холодную, то что-то забудут положить и принести без объяснений и извенений (то перчики, то чесночный соус, то салфетки, то просто большой заказ перепутают и принесут чужой .... Короче, позорище, [club10095732|Папа Джонс]"
111949,112037,0,1690402255,
111944,111946,119499053,1689804227,Почему не отвечают в ЛС?
111917,111918,113559096,1689352670,"Очень жду ответа в лс. 

Телефона у пиццерии либо нет, либо у вас на чеках неправильные данные о номере. Связаться другим способом невозможно."
111917,111924,14164254,1689494719,Ответьте пожалуйста в лс
111917,111925,217526521,1689496932,В чате приложения игнорируют второй день подряд( Зачем тогда он в принципе нужен?..
111917,111927,161254643,1689599925,"Ответьте, пожалуйста, в лс. По телефону связаться не получается - трубку сбрасывают."
111917,111928,59568456,1689608064,"Отвратительное обслуживание!!! Обращался в чат тех. поддержки, писал вк в лс. Тишина 2ое суток. Срочно свяжитесь!"
111917,111929,14164254,1689610025,У вас техподдержка вообще работает ?
111917,111930,217526521,1689618621,"Ау! Ни телефон, ни чат, ни ЛС в этом сообществе - НЕ РЕАГИРУЮТ на обращения… СММщика на мыло!"
111917,111931,59568456,1689620616,Ужасный сервис. Не заказывайте здесь!
111917,111941,708033252,1689685171,"Если я я оплачу на сайте у вас то банки воспринимают категорию как фаст-фуд или рестораны? У меня просто в Альфабанке кешбэк повышенный 10% на фаст-фуд, хочу узнать до оплаты"
111917,111947,119499053,1689804800,"Не забывай заказывать свою любимую пиццу и… её не привезут,и деньги не вернут!"
111917,111989,8323726,1690193600,"Я в шоке, как испортилась эта сеть! Нет никакой обратной связи! В пятницу сделала отмену заказа, так на карту вернули только часть денег, остальное решили видимо на чай забрать? 
И главное не куда сообщить, это как вообще?"
111917,111997,250823888,1690278386,Полнейший игнор. Для чего в приложении имеется чат?
111890,111891,2455238,1688997103,"Поддержка, прошел месяц,вы обещали разобраться с криво начисленными баллами, сколько вам надо время?"
111890,111898,869289,1689170904,Кстати если разговор там был записан то можете запросить прослушку где она чётко произносит 700 грамм а я четко отвечаю что у нас 860 и она подтверждает что нам привезли всё правильно.
111890,111899,869289,1689170983,8 июля делали заказ на Пиццу 35 см с сырным бортом Супер папа+Итальянская с моцарелой и пеперони.Эту пиццу мы заказываем в сотый раз и знаем вес готового продукта то есть в районе 960 грамм.В итоге привозят пиццу весом 860 гр и мы звоним в пиццерию для выяснения ситуации и замены продукта.На вопрос какой должен быть вес продукта по тех карте мне администратор заявляет что 700 грамм.Я говорю такого быть не может но она продолжает уверять что ей так сказала сама директор и нам привезли всё правильно и она не понимает наших возмущений.Я говорю что ем эту пиццу пять лет и там вес в районе килограмма всегда у пицц с сырным бортом 35 см и это неверная информация и в тех карте на кухне не может быть 700 грамм указано.Она сказала что ещё раз уточнит и перезвонит.НЕ ПЕРЕЗВОНИЛА КОНЕЧНО ЖЕ.Мы съели эту недовешенную пиццу потому как трубку больше в ресторане никто не брал.В этой ООО ЭЛЬБА постоянные недовесы и постоянно то весы контрольные не работают при самовывозе то просто на доставку привозят пиццу с недовесом от 100 грамм и больше.Сколько я с ними ругалась а толку нет никакого а теперь еще и врать начали откровенно чтоб не переделывать пиццу. moscow-50-43335928-iP
111890,111900,597972,1689259523,"Какой-то треш, телефон пиццерии на аэродромной не отвечает уже 40 минут. И все это время «едет» курьер, которому до меня добираться - пять минут. На карте в приложении он вовсе не отображается.
Техподдержка молчит

moscow-43-43388040-iP"
111890,111901,139727191,1689279048,Сколько можно писать в чат техподдержки??? Почему в приложении не отображается геолокация курьера? Только место выдачи и место заказа! Ну что за говносервис???
111890,111902,139727191,1689279120,Техподдержка ПОСТОЯННО молчт!!! Сколько не пиши!!!
111890,111903,139727191,1689279139,Ни разу не ответила!!!
111890,111904,139727191,1689279159,"Админы, ОТВЕЧАЙТЕ!!!"
111890,111906,244320,1689319417,"Добрый день! Заказ moscow-10-43384771-P, не доложили морсы. Дозвониться до пиццерии Багратионовской второй день невозможно."
111882,111883,1289222,1688712199,Седьмой день)))
111882,111884,12588578,1688729220,"Заказ moscow-41-43313175-AP
Как говорится, найдите 5 отличий"
111882,111886,63858793,1688795667,Где мои бонусы за заказ???? 4 Раза писал в поддержку 0 реакции не ответа не привета Заказ Irkutsk-4-443213024-iPD
111882,111907,244320,1689319450,"Добрый день! Заказ moscow-10-43384771-P, не доложили морсы. Дозвониться до пиццерии Багратионовской второй день невозможно."
111882,112042,83564685,1690405536,Отвратительньная пицца и хамское отношение! Не советую заказывать! Это днище!
111851,111853,4416116,1688474785,"Здравствуйте, вчера делали заказ moscow-42-43278990-AP, в итоге проставили то что заказ доставлен, по факту заказ не доставили, деньги не вернули!!! просьба вернуть ДС."
111851,111879,302988645,1688582926,С каждой попыткой заказа сервис всё сильнее и сильнее удручает
111850,111854,4416116,1688474816,"Здравствуйте, вчера делали заказ moscow-42-43278990-AP, в итоге проставили то что заказ доставлен, по факту заказ не доставили, деньги не вернули!!! просьба вернуть ДС."
111831,111832,176651835,1688067823,"Отвратительная работа доставки. Заказали 29.06 пиццу в 19:04 на промежуток 20:45-21:00, задержали заказ на час. 

Отдельно хочу отметить работу сотрудника поддержки Марины, вела себя по-хамски, перебивала постоянно, пыталась переложить ответственность за задержку на курьера, хотя заказ в положенное время даже не передали курьеру, ссылалась на «перекопанные улицы». 
Разочарован, больше не буду здесь заказывать. Требую полный возврат средств за счет Марины."
111831,111844,53907751,1688193904,"Вчера заказывал пиццу, вместо обещаных 40 минут, привезли через 2 часа! Половина гостей уже уехала к этому времени. Мало того, сотрудники закрыли заказ раньше чем привезли. Кое как дозвонившиь до ресторана я услышал ответ - заказ «случайно закрыли». Что это такое?! Когда курьер все-таки доехал, то все уже было холодное. Просто ужас!"
111831,111848,590494712,1688230335,"Заказывали вчера пиццу , ни заказа нет , и деньги не возращают"
111831,111889,32324173,1688922488,"В чем логика делать подарки за баллы, если приложение не дает тебе оформить заказ?
А то предлагает оплатить 30%"
111831,111893,170446476,1689095136,"[id32324173|Сергей], у них тоже самое в ресторане, если самовывозом?

Я пытался сейчас заказать на дом, и та же ерунда....... 

Правила всё хуже и хуже....."
111821,111822,85879259,1687875033,Чето всем пофиг🤣🤦‍♂️
111821,111823,345921254,1687884386,👍
111821,111825,21791445,1687891099,"Да там же курьеры нарезают, вы чё?"
111821,111855,4416116,1688474846,"Здравствуйте, вчера делали заказ moscow-42-43278990-AP, в итоге проставили то что заказ доставлен, по факту заказ не доставили, деньги не вернули!!! просьба вернуть ДС."
111795,111796,29646125,1687464428,"Не пришли бонусы, за заказы. moscow-74-43087282-AP
17 июня
moscow-74-43000019-A
10 июня
moscow-74-42968614-AP
8 июня.
Бонусы должны прийти были в 2 количестве, так как между заказами меньше 2 недель."
111795,111798,445544228,1687465945,"Привезли не попперсы а наггетсы, при звонке не сказали о замене и о том что попперсов нет, нет желания платить за то что не заказывал, при том что при звонке могли спросить на что заменить их.
Заказ domodedovo-1-43141098-AP"
111795,111812,0,1687699312,
111795,111824,75261009,1687889812,"Заказал пиццу. Обещано было через 50 минут. Такой договор был . Выехал курьер только через 1,5 часа. Нафиг мне сдался кусок теста за косарь да еще и с таким отношением к делу и к договоренностям . Никаких компенсаций ничего такого нет в помине . Отдела контроля качества тоже нет. Я ожидаю за час доставку но не за 2 . Это снек. Т.е. быстрая еда. Это не 2 часа явно а то и 2,5 . Вы куда скатились то ? В жизни не свяжусь после этого и всех отговорю"
111795,111830,176651835,1688065850,"Отвратительная работа доставки. Заказали 29.06 пиццу в 19:04 на промежуток 20:45-21:00, задержали заказ на час. 

Отдельно хочу отметить работу сотрудника поддержки Марины, вела себя по-хамски, перебивала постоянно, пыталась переложить ответственность за задержку на курьера, хотя заказ в положенное время даже не передали курьеру, ссылалась на «перекопанные улицы». 
Разочарован, больше не буду здесь заказывать. Требую полный возврат средств за счет Марины."
111795,111856,4416116,1688474867,"Здравствуйте, вчера делали заказ moscow-42-43278990-AP, в итоге проставили то что заказ доставлен, по факту заказ не доставили, деньги не вернули!!! просьба вернуть ДС."
111787,111788,2237842,1687260307,"Пицца ужасная, сервис тоже! Привезли почти холодную, горелую, сухую, безвкусную, соус забыли, но деньги за него не забыли взять и за это всё даже не отвечают в чате приложения, тишина…
Как же испортилась пицца и сервис за 3 года😒"
111787,111790,224541463,1687283127,"Скажите Вам нормально списать 300 бонусов и уже на этапе выхода назначенного таймера отменить заказ?
Заказ sankt-peterburg-5-43118853-APD
Приняли заказ.
Готовим.
Таймер почти вышел и ""заказ отменен""
И бонусы тютю..."
111787,111793,68245906,1687298565,"А это нормально в принципе не привезти заказ? Списать деньги и не привезти?)))) 
Ни один оператор не отвечает, служба поддержки тоже не работает))"
111787,111797,29646125,1687464492,"Не пришли бонусы, за заказы. moscow-74-43087282-AP
17 июня
moscow-74-43000019-A
10 июня
moscow-74-42968614-AP
8 июня.
Бонусы должны прийти были в 2 количестве, так как между заказами меньше 2 недель."
111787,111799,222743863,1687513802,"А это судя по комментариям и отзывам абсолютно в норме, когда заказ вообще не привозят, а все службы поддержки (телефон,чат) просто нагло игнорируют?)) Сначала отвечают, потом видимо номер вносят в какую-то особую ""базу игнора"", иначе невозможно просто объяснить."
111787,111807,167423263,1687546244,"Здравствуйте, поделилась впечатлениями о сегодняшней доставке, грустная и уставшая пицца приехала, ужас("
111787,111808,167423263,1687604361,"В этой группе нормально, когда поддержка молчит, что тут, что в приложении…"
111787,111814,691812143,1687782029,"Читаю отзывы и удивляюсь... У меня, сколько заказываю, никогда пиццу не привозили холодную или подгорелую, или ""старую"".... Всегда даже раньше срока, вснгда горяченькая, с хрустящей корочкой и очень вкусную, какую бы не заказала🤤🤤🤤Сколько пиц других производителей с моим парнем не перепробовали, но Папа Джонс самая вкусная пицца. Привет из Кемерово! ☺️"
111787,111828,4745160,1688062694,"Бездари! 
Клиент с 13года. В прошлом году как сменился владелец, всё наладили. Несколько заказов приходило вовремя, горячим и готовили как надо. Сейчас опять скатились, хуже пиццерии просто нет. На оценку заказа на сайте давно реакции нет (раньше перезванивали и спрашивали что не так). В прошлый раз сделал заказ, прождал больше часа, позвонил на Кравченко - оказалось, что заказ к ним не пришел. Сегодня сделал заказ, ждать 50мин. Привезли через 2 часа. Звонил им через час после заказа, сказали пицца готова, ждем курьера. Перезвонил через 20мин, говорят сейчас должны отправить. Говорю привезете ведь холодную. Отвечают мы ее только что сделали. Говорю что звонил 20мин назад, уже была готова. В ответ тишина. Естественно пиццу привезли холодную. Надо было отказаться, но после 2х часов ожидания решили просто разогреть. Вот что заказанно: Альфредо 40, сырный борт, мацарелла х2, сыр с плесенью х2, смесь итальянских сыров х2, чеснок х2. На фото пицца за 2200руб?
№ moscow-1-43223739"
111787,111857,4416116,1688474897,"Здравствуйте, вчера делали заказ moscow-42-43278990-AP, в итоге проставили то что заказ доставлен, по факту заказ не доставили, деньги не вернули!!! просьба вернуть ДС."
111781,111860,4416116,1688475056,"Здравствуйте, вчера делали заказ moscow-42-43278990-AP, в итоге проставили то что заказ доставлен, по факту заказ не доставили, деньги не вернули!!! просьба вернуть ДС."
111768,111769,174865824,1686923820,греческая
111768,111772,613373615,1686924092,Пицца Пепперони
111768,111773,43884797,1686928127,Гавайская
111768,111775,594261800,1686930782,Сытый папа с сырным борьтком👍
111768,111778,463965558,1686948781,Ветчина и бекон
111768,111779,492838786,1686971181,Суперпапа
111768,111780,309667336,1686973465,9 Сыров!
111768,111782,55635543,1687006347,Пепперони с моцареллой
111768,111783,26159931,1687066888,Большая бонанза
111768,111811,794993548,1687638052,Маргарита
111768,111858,4416116,1688475005,"Здравствуйте, вчера делали заказ moscow-42-43278990-AP, в итоге проставили то что заказ доставлен, по факту заказ не доставили, деньги не вернули!!! просьба вернуть ДС."
111758,111767,204699385,1686677597,"Ананасовые пальмы, томатное озеро 🤣"
111758,111861,4416116,1688475078,"Здравствуйте, вчера делали заказ moscow-42-43278990-AP, в итоге проставили то что заказ доставлен, по факту заказ не доставили, деньги не вернули!!! просьба вернуть ДС."
111748,111749,16584778,1686419833,2
111748,111859,4416116,1688475030,"Здравствуйте, вчера делали заказ moscow-42-43278990-AP, в итоге проставили то что заказ доставлен, по факту заказ не доставили, деньги не вернули!!! просьба вернуть ДС."
111731,111735,3366288,1686335888,"Когда я делала заказ, у меня было 800 бонусов, потом при нажатии кнопки заказать приложение обновлялось, бонусы которые я списывала в заказ исчезали!!!!
Я заказ делала по 2 раза! Первый исчезал, второй уже был без бонусов!!! Так что бонусы воруют! В личных сообщениях консультант страшно тупит!"
111731,111756,0,1686479106,
111731,111759,735007875,1686566135,"Бонусная система не работает совсем, все заказы в статусе ""Принят"" висят, хотя все заказы успешно доставлены."
111731,111760,342993704,1686574328,"Деньги за заказ верните. Больше некогда у вас заказывать не буду. Ашарашкина контора принимает и отменяет заказ.
Это та компания который доверия нет, с ними только расплачиваться по факту."
111731,111862,4416116,1688475124,"Здравствуйте, вчера делали заказ moscow-42-43278990-AP, в итоге проставили то что заказ доставлен, по факту заказ не доставили, деньги не вернули!!! просьба вернуть ДС."
111730,111736,3366288,1686335899,"Когда я делала заказ, у меня было 800 бонусов, потом при нажатии кнопки заказать приложение обновлялось, бонусы которые я списывала в заказ исчезали!!!!
Я заказ делала по 2 раза! Первый исчезал, второй уже был без бонусов!!! Так что бонусы воруют! В личных сообщениях консультант страшно тупит!"
111730,111739,3067948,1686339056,Уважаемые победители! С каждым из вас свяжемся 13 июня ! Пожалуйста не переживайте
111730,111765,0,1686658629,
111730,111863,4416116,1688476485,"Здравствуйте, вчера делали заказ moscow-42-43278990-AP, в итоге проставили то что заказ доставлен, по факту заказ не доставили, деньги не вернули!!! просьба вернуть ДС."
111713,111714,43884797,1686029341,Поехали!
111713,111722,683051093,1686061520,"Здравствуйте!

Мы сделали у вас в ресторане на Сходне большой заказ. В ответ получили бонусы лояльности. На сайте указано что бонусы можно поменять на подарки https://papajohns.ru/moscow/papabonus. 

Но это всё обман, никаких подарков нам делать не хотят бонусы сгорят через 2 дня.Уже неделю пытались получить подарки. Всё настроение испорчено. 

Больше в ваших ресторанах заказывать пиццу не будем, если сегодня не решите этот вопрос. 

Жалко что ваша лояльность и клиентоориентированность только на сайте."
111713,111726,174316946,1686075769,Как играть?
111713,111727,696322087,1686083769,"Не работает. Все нервы вымотали. Нажимаю на овощи, а они не засчитываются. То несколько раз нужно тыкать, чтобы засчиталось. И в итоге из-за этого бага время заканчивается и ничего не набирается. Разводиловка да и только"
111713,111729,618720057,1686155188,Поехали
111713,111737,3366288,1686335907,"Когда я делала заказ, у меня было 800 бонусов, потом при нажатии кнопки заказать приложение обновлялось, бонусы которые я списывала в заказ исчезали!!!!
Я заказ делала по 2 раза! Первый исчезал, второй уже был без бонусов!!! Так что бонусы воруют! В личных сообщениях консультант страшно тупит!"
111713,111774,7643023,1686930342,"Не работает игра-потрачены нервы и время. Тестировщики, видимо, неизвестная профессия для папа джонс"
111712,111738,3366288,1686335918,"Когда я делала заказ, у меня было 800 бонусов, потом при нажатии кнопки заказать приложение обновлялось, бонусы которые я списывала в заказ исчезали!!!!
Я заказ делала по 2 раза! Первый исчезал, второй уже был без бонусов!!! Так что бонусы воруют! В личных сообщениях консультант страшно тупит!"
111712,111784,593999296,1687144706,"Бонусы вообще не начислили два раза делали заказ, а бонусов ноль!!!!"
111712,111785,593999296,1687144766,"Обратная связь в приложении вообще наверно не работает, писала туда два раза, никакого ответа!"
111712,111786,593999296,1687153617,С 9 июня бонусы за заказы не начинаются!!!!
111680,111696,223663484,1685956069,"Где моя пицца?!! moscow-7-42929799-iP. Сделала заказ ко времени 13.05-13.20 телефон не работает, поддержка не отвечает!!!! Что это за сервис?!! Верните деньги немедленно!!!"
111680,111698,3584101,1685959761,"Тоже самое !! 

moscow-60-42930394-iP

Где заказ !??"
111680,111699,66592227,1685961235,"Почему у вас не работает обратная связь?!
Заказ moscow-10-42930298-IP был заказа с утра ко времени 12:45-13:00
До сих пор статус готовится и никакой обратной связи во сколько привезут пиццу нет 
Никогда такого не было , с чем связано такое наплевательское отношение к клиентам ?"
111680,111700,2643304,1685963051,"РЕБЯТ, ОПАЗДЫВАЕТ ДОСТАВКА УЖЕ БОЛЬШЕ ЧЕМ НА ЧАС! ЗАКАЗАЛА 10 ПИЦЦ К 13:00, ГДЕ МОЙ ЗАКАЗ?"
111680,111701,2643304,1685963167,7-42930226-iP
111680,111702,412285868,1685983238,"Что у вас с обратной связью? Доставили не ту пиццу, чат молчит, телефон тоже. Уже не в первый раз такое"
111680,111709,2048014,1685990648,"Что с телефонами вашими, чаты молчат, я сам за заказом свои ездил, это просто жесть!!!"
111680,111711,21513605,1685997769,"Пиццу не везут, и не привезут, телефон не берут  . Народ не заказывайте в этой шарашкиной конторе жрать"
111673,111675,541933795,1685640384,У вас тех.поддержка работает вообще? Как решить проблему с заказом??
111673,111686,265988,1685742912,"Просто отвратительный сервис, прождали 2,5 часа и привезли по итогу холодные пиццы! Чат не отвечает, телефоны не работают (заказ  moscow-74-42897321-IP) . Полчаса писали в чат через приложение , просто не отвечают . Не оплачивайте заранее, чтоб при доставке холодной можно было просто отказаться.  Пусть с таким сервисом сами едят такое"
111673,111690,79460817,1685811616,Отвратный сервис ! 3 часа ждём пиццу
111673,111692,325339697,1685817980,"Ало? а поддержка будет работать? везде написал позвонил, нет ответа! в чём проблема? вы просто п.... будет где нибудь ответ! и верните деньги за одно!"
111667,111668,431204425,1685569759,"Какие же жмоты, вот самые нищие палочки эти сырные и то жалко подарить, хотя к каждому чеку промокод прикреплен"
111667,111685,500167636,1685733115,А где такое зеркало в Сочи? 🤣
111666,111670,35375689,1685599297,Ветчина грибы + сырный борт 🤤
111666,111671,646619,1685617068,Голубой сыр с грушей на тонком тесте.
111666,111672,49673032,1685627993,Пепероня
111666,111689,85879259,1685811165,"Не знаю, уже давно перестали её покупать.🤣"
111666,112043,83564685,1690405547,Отвратительньная пицца и хамское отношение! Не советую заказывать! Это днище!
111640,111644,2455238,1685203983,"Разберитесь либо с программой или с правилами начисления бонусов, опять начислено 10% хотя заказ до этого был неделю назад. Поддержка когда будет работать?"
111640,111645,163663625,1685280870,"Отзыв месячной давности, а теперь новый: сегодня заказали пиццу в 14:46, на сайте скорость доставки была 40 минут, по истечению этого времени позвонили (точнее еле дозвонились) в точку из которой заказывали, нам сказали подождать еще 20 минут, сейчас прошел уже час с момента звонка, на телефон точка не отвечает, пиццы нет, деньги заплачены, мы просто в шоке, что прикажите делать?"
111640,111654,463965558,1685299302,Пиццу из Италии доставляете ? Уже на полтора часа заказ задержали
111640,111655,555023028,1685346429,"Вчера вечером заказали, пол ночи прождали, в итоге ели ролтон. Трубки не берут, чат молчит, заказ до сих готовится, блин)"
111640,112044,83564685,1690405583,"Негативные отзывы удаляют, имейте в виду…"
111639,111657,21793769,1685357974,"Что с вашим рестораном на Севастопольском проспекте? Сделали заказ, но пиццу не привезли и на звонки не отвечают"
111633,111634,22911445,1685001027,"Здравствуйте! 24.05 в 22:50 я сделала заказ на самовывоз из филиала по адресу: Москва. Руднева 20. Таймер истёк, трубку в филиале никто не брал. Приехала на место, была жуткая очередь из курьеров, отменяющих заказы. Сотрудники сообщили, что заказ не готов и сломалась печь. Отменить заказ через приложение было невозможно, так как эта кнопка пропала. Сотрудники заказ не отменили, поддержка в чате приложения не отвечала. Трубку попрежнему никто не брал. Через 2 (!!!) часа пришло уведомление о том, что заказ готов. Ну вы же понимаете, что через 2 часа заказ , тем более на самовывоз, тем более , когда техника вышла из строя и сотрудники не говорят , в течение какого времени ожидать заказ. Не отменяют заказ, не берут трубки , хотя у них возникла проблема и такое поведение по отношению к клиентам совсем непрофессиональное. 
В связи со всем этим, я прошу вернуть мне денежные средства за заказ. Заказ я не забирала. 

Заказ:

moscow-74-42776933-iP"
111632,111636,327233973,1685023397,О!!!! Боги🙃🙃🙃🙃 сын выиграл!!!! Спасибо
111632,111637,217713164,1685023628,"Мои поздравления!!!! Омск ✊
Парень крут, невероятно!!!! На афишу его😎👍"
111632,111638,563454413,1685023762,Поздравляю 🍕❤️🍕
111632,111649,163663625,1685280944,"Сегодня заказали пиццу в 14:46, на сайте скорость доставки была 40 минут, по истечению этого времени позвонили (точнее еле дозвонились) в точку из которой заказывали, нам сказали подождать еще 20 минут, сейчас прошел уже час с момента звонка, на телефон точка не отвечает, пиццы нет, деньги заплачены, мы просто в шоке, что прикажите делать?"
111631,111674,3877305,1685633300,"гитара класс, вот бы выиграть хоть раз в жизни ченить клевое)"
111628,111629,14249540,1684794108,"Вторник,  ребят"
111623,111625,179869818,1684527844,"Жду заказ уже больше трех часов. служба поддержки не отвечает, ресторан не отвечает, уже не знаю что делать. Всегда была самая вкусная пицца, а тут расстраиваете"
111602,111603,2455238,1683885009,"Поддержка опять не отвечает, за последние 2 заказа не начислены супер бонусы, между заказами менее недели. Разберитесь с бонусами."
111602,111604,348234,1683895322,Тоже самое!!!! Вчера привезли одну пиццу совсем не такую как заказывали - когда ты ждешь утроенная барбекю а тебе привозят нечто пресное и грустное .. жду ответа с 22:30 вчерашнего дня. Ау!!!
111602,111605,40133227,1683895687,"Скидку сделали, промо код отключился, заказать немог, типа бери больше что бы бонусы были. С восьмого раза,  удаление и установления заказ прошёл. До этого два раза сам ездил."
111602,111606,40133227,1683897247,"Приключения продолжаются, привезли не то🤣🤣🤣🤣"
111602,111607,40133227,1683897665,"Обычно не читаю коменты, а надо уже. Судя по коментам это тенденция и Папы Джо последнее время. Переживём и без него тогда."
111602,111611,0,1684138590,
111602,111612,35317830,1684165739,"1. Опоздали на 1 час установленного времени. Заказ был оплачен днем ранее. 
2. Чат поддержка не отвечает. 
3. 9 пицц не соответствовали указанному размеру=30 см.

ФЗ «О защите прав потребителей» читали?"
111602,111613,35317830,1684165801,Пицц заказано было не мало.
111602,111614,449547944,1684224563,Почему нельзя списать бонусы
